Education,Specialization,Skills,Certifications,CGPA,Problem Solving,Communication,Recommended Career
Bachelor's,Finance,"Financial Analysis, Accounting, Excel",CFA Level 1,9.25,10,10,Financial Analyst
Bachelor's,Business,"Marketing, Communication, MS Office",Digital Marketing,9.53,9,5,Marketing Executive
Bachelor's,Finance,"Financial Analysis, Accounting, Excel",CFA Level 1,7.23,9,8,Financial Analyst
PhD,Science,"Machine Learning, Data Analysis, Python",No Certification,6.97,7,9,Research Scientist
Bachelor's,Computer Science,"Python, SQL, Machine Learning",AWS Certified,7.79,7,9,Software Engineer
Bachelor's,Commerce,"Accounting, Financial Analysis, MS Office",Tally ERP,9.13,10,6,Junior Accountant
Intermediate,Commerce,"MS Office, Communication",No Certification,9.62,10,5,Data Entry Operator
Master's,Computer Science,"Python, Machine Learning, SQL",AWS Certified,9.3,7,8,ML Engineer
PhD,Science,"Machine Learning, Data Analysis, Python",No Certification,8.91,8,7,Research Scientist
Intermediate,Business,"Communication, Marketing, MS Office",Digital Marketing,8.98,7,5,Sales Assistant
Bachelor's,Commerce,"Python, SQL, Data Analysis",Google Data Analytics,9.43,8,8,Data Analyst
Bachelor's,Business,"Marketing, Communication, MS Office",Digital Marketing,7.05,8,7,Marketing Executive
Bachelor's,Business,"Data Analysis, Communication, MS Office",Google Data Analytics,7.26,10,7,Business Analyst
Intermediate,Commerce,"MS Office, Communication",Tally ERP,9.29,8,9,Clerk
Master's,Psychology,"Counseling, Communication",Mental Health Basics,7.41,6,10,School Counselor
Bachelor's,Business,"Marketing, Communication, MS Office",Digital Marketing,8.86,9,5,Marketing Executive
PhD,Science,"Machine Learning, Data Analysis, Python",No Certification,7.09,10,10,Research Scientist
Master's,Computer Science,"Python, Machine Learning, SQL",AWS Certified,7.83,7,8,ML Engineer
Bachelor's,Commerce,"Accounting, Financial Analysis, MS Office",Tally ERP,9.73,5,5,Junior Accountant
Master's,Computer Science,"Python, Machine Learning, Data Analysis",Google Data Analytics,6.16,6,5,Data Scientist
PhD,Science,"Communication, Research",No Certification,8.45,6,5,Professor
Bachelor's,Commerce,"Python, SQL, Data Analysis",Google Data Analytics,6.01,9,10,Data Analyst
Bachelor's,Commerce,"Python, SQL, Data Analysis",Google Data Analytics,8.49,5,7,Data Analyst
Intermediate,Business,"Communication, Marketing, MS Office",Digital Marketing,6.88,9,5,Sales Assistant
Intermediate,Business,"Communication, Marketing, MS Office",Digital Marketing,6.03,10,8,Sales Assistant
Intermediate,Commerce,"MS Office, Communication",Tally ERP,9.22,7,6,Clerk
Bachelor's,Business,"Marketing, Communication, MS Office",Digital Marketing,7.67,7,5,Marketing Executive
Bachelor's,Commerce,"Python, SQL, Data Analysis",Google Data Analytics,9.44,5,9,Data Analyst
Master's,Computer Science,"Python, Machine Learning, SQL",AWS Certified,8.85,5,10,ML Engineer
Bachelor's,Business,"Marketing, Communication, MS Office",Digital Marketing,6.83,7,6,Marketing Executive
Bachelor's,Computer Science,"Python, SQL, Machine Learning",AWS Certified,7.58,6,7,Software Engineer
Intermediate,Business,"Communication, Marketing, MS Office",Digital Marketing,6.71,10,7,Sales Assistant
Master's,Psychology,"Counseling, Communication",Mental Health Basics,7.42,8,8,School Counselor
Master's,Computer Science,"Python, Machine Learning, SQL",AWS Certified,8.16,9,5,ML Engineer
Master's,Computer Science,"Python, Machine Learning, Data Analysis",Google Data Analytics,8.62,10,10,Data Scientist
Bachelor's,Commerce,"Accounting, Financial Analysis, MS Office",Tally ERP,8.41,5,5,Junior Accountant
Master's,Computer Science,"Python, Machine Learning, Data Analysis",Google Data Analytics,8.9,7,7,Data Scientist
Bachelor's,Commerce,"Python, SQL, Data Analysis",Google Data Analytics,6.28,9,8,Data Analyst
Bachelor's,Business,"Marketing, Communication, MS Office",Digital Marketing,8.57,6,7,Marketing Executive
Master's,Computer Science,"Python, Machine Learning, Data Analysis",Google Data Analytics,6.76,5,6,Data Scientist
Intermediate,Commerce,"MS Office, Communication",No Certification,8.86,7,8,Data Entry Operator
Intermediate,Business,"Communication, Marketing, MS Office",Digital Marketing,8.59,10,9,Sales Assistant
Master's,Computer Science,"Python, Machine Learning, Data Analysis",Google Data Analytics,7.48,6,5,Data Scientist
Bachelor's,Computer Science,"Python, SQL, Machine Learning",AWS Certified,8.36,9,8,Software Engineer
Bachelor's,Business,"Data Analysis, Communication, MS Office",Google Data Analytics,8.3,8,10,Business Analyst
Bachelor's,Computer Science,"Python, SQL, Machine Learning",AWS Certified,7.22,7,5,Software Engineer
Bachelor's,Business,"Marketing, Communication, MS Office",Digital Marketing,9.21,9,9,Marketing Executive
Intermediate,Business,"Communication, Marketing, MS Office",Digital Marketing,6.81,10,5,Sales Assistant
Bachelor's,Commerce,"Python, SQL, Data Analysis",Google Data Analytics,7.84,9,7,Data Analyst
Master's,Computer Science,"Python, Machine Learning, Data Analysis",Google Data Analytics,9.31,8,8,Data Scientist
Bachelor's,Finance,"Financial Analysis, Accounting, Excel",CFA Level 1,7.09,7,9,Financial Analyst
Intermediate,Business,"Communication, Marketing, MS Office",Digital Marketing,7.62,7,10,Sales Assistant
Bachelor's,Commerce,"Python, SQL, Data Analysis",Google Data Analytics,8.31,5,5,Data Analyst
Intermediate,Commerce,"MS Office, Communication",Tally ERP,8.05,8,10,Clerk
Bachelor's,Finance,"Financial Analysis, Accounting, Excel",CFA Level 1,9.57,9,9,Financial Analyst
Bachelor's,Computer Science,"Python, SQL, Machine Learning",AWS Certified,8.13,7,6,Software Engineer
Bachelor's,Computer Science,"Python, SQL, Machine Learning",AWS Certified,6.95,9,8,Software Engineer
Bachelor's,Finance,"Financial Analysis, Accounting, Excel",CFA Level 1,9.56,7,5,Financial Analyst
Master's,Computer Science,"Python, Machine Learning, Data Analysis",Google Data Analytics,7.96,10,10,Data Scientist
Intermediate,Commerce,"MS Office, Communication",No Certification,9.99,7,6,Data Entry Operator
Intermediate,Commerce,"MS Office, Communication",Tally ERP,8.57,10,7,Clerk
Bachelor's,Business,"Data Analysis, Communication, MS Office",Google Data Analytics,6.53,6,10,Business Analyst
Intermediate,Business,"Communication, Marketing, MS Office",Digital Marketing,9.93,8,9,Sales Assistant
Master's,Computer Science,"Python, Machine Learning, SQL",AWS Certified,6.13,10,5,ML Engineer
Master's,Computer Science,"Python, Machine Learning, Data Analysis",Google Data Analytics,6.04,10,7,Data Scientist
Bachelor's,Commerce,"Accounting, Financial Analysis, MS Office",Tally ERP,6.66,5,6,Junior Accountant
Bachelor's,Commerce,"Accounting, Financial Analysis, MS Office",Tally ERP,8.57,10,6,Junior Accountant
Master's,Computer Science,"Python, Machine Learning, Data Analysis",Google Data Analytics,7.89,10,6,Data Scientist
Bachelor's,Commerce,"Accounting, Financial Analysis, MS Office",Tally ERP,6.42,10,5,Junior Accountant
PhD,Science,"Communication, Research",No Certification,6.69,6,6,Professor
Intermediate,Commerce,"MS Office, Communication",Tally ERP,9.62,10,5,Clerk
Intermediate,Commerce,"MS Office, Communication",No Certification,7.55,8,5,Data Entry Operator
Intermediate,Business,"Communication, Marketing, MS Office",Digital Marketing,9.7,7,6,Sales Assistant
Bachelor's,Computer Science,"Python, SQL, Machine Learning",AWS Certified,8.11,8,8,Software Engineer
Bachelor's,Commerce,"Python, SQL, Data Analysis",Google Data Analytics,8.73,10,5,Data Analyst
Intermediate,Commerce,"MS Office, Communication",Tally ERP,9.44,8,8,Clerk
Master's,Computer Science,"Python, Machine Learning, SQL",AWS Certified,8.71,7,8,ML Engineer
Intermediate,Business,"Communication, Marketing, MS Office",Digital Marketing,7.16,8,8,Sales Assistant
Bachelor's,Finance,"Financial Analysis, Accounting, Excel",CFA Level 1,9.73,8,9,Financial Analyst
Bachelor's,Business,"Data Analysis, Communication, MS Office",Google Data Analytics,8.88,6,5,Business Analyst
Bachelor's,Commerce,"Accounting, Financial Analysis, MS Office",Tally ERP,9.9,5,7,Junior Accountant
Bachelor's,Computer Science,"Python, SQL, Machine Learning",AWS Certified,6.37,9,9,Software Engineer
Master's,Psychology,"Counseling, Communication",Mental Health Basics,7.96,9,6,School Counselor
Bachelor's,Computer Science,"Python, SQL, Machine Learning",AWS Certified,9.53,9,9,Software Engineer
Bachelor's,Computer Science,"Python, SQL, Machine Learning",AWS Certified,6.6,7,5,Software Engineer
PhD,Science,"Communication, Research",No Certification,9.69,9,5,Professor
Bachelor's,Commerce,"Accounting, Financial Analysis, MS Office",Tally ERP,6.07,10,9,Junior Accountant
Master's,Computer Science,"Python, Machine Learning, Data Analysis",Google Data Analytics,8.64,7,8,Data Scientist
Intermediate,Business,"Communication, Marketing, MS Office",Digital Marketing,6.74,6,9,Sales Assistant
Bachelor's,Business,"Marketing, Communication, MS Office",Digital Marketing,6.73,6,10,Marketing Executive
Bachelor's,Computer Science,"Python, SQL, Machine Learning",AWS Certified,7.54,9,10,Software Engineer
Bachelor's,Computer Science,"Python, SQL, Machine Learning",AWS Certified,6.55,9,5,Software Engineer
Intermediate,Commerce,"MS Office, Communication",No Certification,8.6,9,10,Data Entry Operator
Master's,Computer Science,"Python, Machine Learning, Data Analysis",Google Data Analytics,7.05,5,5,Data Scientist
Bachelor's,Commerce,"Accounting, Financial Analysis, MS Office",Tally ERP,9.79,7,8,Junior Accountant
Intermediate,Commerce,"MS Office, Communication",No Certification,6.04,9,7,Data Entry Operator
Intermediate,Commerce,"MS Office, Communication",No Certification,6.74,6,10,Data Entry Operator
Bachelor's,Finance,"Financial Analysis, Accounting, Excel",CFA Level 1,7.24,9,10,Financial Analyst
PhD,Science,"Communication, Research",No Certification,6.0,7,8,Professor
Intermediate,Commerce,"MS Office, Communication",No Certification,8.92,8,5,Data Entry Operator
Bachelor's,Computer Science,"Python, SQL, Machine Learning",AWS Certified,7.45,5,9,Software Engineer
Bachelor's,Commerce,"Python, SQL, Data Analysis",Google Data Analytics,7.97,7,6,Data Analyst
Intermediate,Commerce,"MS Office, Communication",Tally ERP,8.93,5,10,Clerk
Master's,Computer Science,"Python, Machine Learning, SQL",AWS Certified,6.69,6,7,ML Engineer
Intermediate,Business,"Communication, Marketing, MS Office",Digital Marketing,8.07,7,9,Sales Assistant
Bachelor's,Finance,"Financial Analysis, Accounting, Excel",CFA Level 1,8.51,8,5,Financial Analyst
Bachelor's,Business,"Marketing, Communication, MS Office",Digital Marketing,8.97,10,5,Marketing Executive
Bachelor's,Business,"Marketing, Communication, MS Office",Digital Marketing,8.14,7,5,Marketing Executive
Bachelor's,Finance,"Financial Analysis, Accounting, Excel",CFA Level 1,8.78,5,9,Financial Analyst
Master's,Computer Science,"Python, Machine Learning, SQL",AWS Certified,7.85,7,5,ML Engineer
Bachelor's,Commerce,"Python, SQL, Data Analysis",Google Data Analytics,6.85,5,10,Data Analyst
Intermediate,Commerce,"MS Office, Communication",No Certification,8.83,5,10,Data Entry Operator
Intermediate,Business,"Communication, Marketing, MS Office",Digital Marketing,8.16,9,9,Sales Assistant
Bachelor's,Computer Science,"Python, SQL, Machine Learning",AWS Certified,9.24,6,8,Software Engineer
Bachelor's,Computer Science,"Python, SQL, Machine Learning",AWS Certified,6.33,7,8,Software Engineer
Bachelor's,Business,"Marketing, Communication, MS Office",Digital Marketing,9.78,7,8,Marketing Executive
PhD,Science,"Machine Learning, Data Analysis, Python",No Certification,7.7,8,8,Research Scientist
Bachelor's,Business,"Marketing, Communication, MS Office",Digital Marketing,6.18,10,7,Marketing Executive
Intermediate,Commerce,"MS Office, Communication",No Certification,7.44,8,9,Data Entry Operator
Intermediate,Commerce,"MS Office, Communication",Tally ERP,6.47,8,6,Clerk
Intermediate,Commerce,"MS Office, Communication",No Certification,6.45,8,10,Data Entry Operator
Bachelor's,Business,"Data Analysis, Communication, MS Office",Google Data Analytics,6.83,8,9,Business Analyst
Intermediate,Commerce,"MS Office, Communication",Tally ERP,8.7,8,7,Clerk
Bachelor's,Business,"Marketing, Communication, MS Office",Digital Marketing,8.57,7,7,Marketing Executive
Master's,Computer Science,"Python, Machine Learning, SQL",AWS Certified,8.83,8,9,ML Engineer
Intermediate,Business,"Communication, Marketing, MS Office",Digital Marketing,9.62,8,10,Sales Assistant
PhD,Science,"Communication, Research",No Certification,7.93,8,10,Professor
Bachelor's,Computer Science,"Python, SQL, Machine Learning",AWS Certified,6.37,5,10,Software Engineer
Master's,Computer Science,"Python, Machine Learning, Data Analysis",Google Data Analytics,7.82,7,7,Data Scientist
Bachelor's,Business,"Marketing, Communication, MS Office",Digital Marketing,7.73,8,7,Marketing Executive
Bachelor's,Business,"Data Analysis, Communication, MS Office",Google Data Analytics,7.97,7,7,Business Analyst
Bachelor's,Computer Science,"Python, SQL, Machine Learning",AWS Certified,8.66,5,8,Software Engineer
Bachelor's,Computer Science,"Python, SQL, Machine Learning",AWS Certified,6.62,7,8,Software Engineer
Master's,Computer Science,"Python, Machine Learning, SQL",AWS Certified,6.83,8,10,ML Engineer
Master's,Psychology,"Counseling, Communication",Mental Health Basics,8.37,9,8,School Counselor
Bachelor's,Computer Science,"Python, SQL, Machine Learning",AWS Certified,9.86,9,7,Software Engineer
Bachelor's,Business,"Marketing, Communication, MS Office",Digital Marketing,8.07,9,6,Marketing Executive
PhD,Science,"Machine Learning, Data Analysis, Python",No Certification,9.16,8,6,Research Scientist
Master's,Computer Science,"Python, Machine Learning, SQL",AWS Certified,8.92,7,5,ML Engineer
Master's,Psychology,"Counseling, Communication",Mental Health Basics,9.45,6,9,School Counselor
Master's,Computer Science,"Python, Machine Learning, SQL",AWS Certified,9.55,7,5,ML Engineer
Master's,Computer Science,"Python, Machine Learning, SQL",AWS Certified,8.0,5,9,ML Engineer
Bachelor's,Computer Science,"Python, SQL, Machine Learning",AWS Certified,6.71,6,9,Software Engineer
Bachelor's,Commerce,"Accounting, Financial Analysis, MS Office",Tally ERP,8.16,7,7,Junior Accountant
Intermediate,Business,"Communication, Marketing, MS Office",Digital Marketing,8.46,6,5,Sales Assistant
Bachelor's,Commerce,"Python, SQL, Data Analysis",Google Data Analytics,8.57,7,7,Data Analyst
PhD,Science,"Machine Learning, Data Analysis, Python",No Certification,8.24,6,9,Research Scientist
Master's,Psychology,"Counseling, Communication",Mental Health Basics,9.04,8,8,School Counselor
Bachelor's,Computer Science,"Python, SQL, Machine Learning",AWS Certified,8.04,7,9,Software Engineer
Bachelor's,Computer Science,"Python, SQL, Machine Learning",AWS Certified,8.38,7,10,Software Engineer
Bachelor's,Finance,"Financial Analysis, Accounting, Excel",CFA Level 1,9.99,8,7,Financial Analyst
Master's,Computer Science,"Python, Machine Learning, SQL",AWS Certified,8.04,8,7,ML Engineer
Bachelor's,Finance,"Financial Analysis, Accounting, Excel",CFA Level 1,9.94,8,5,Financial Analyst
Intermediate,Commerce,"MS Office, Communication",No Certification,7.89,10,5,Data Entry Operator
Intermediate,Business,"Communication, Marketing, MS Office",Digital Marketing,6.7,9,10,Sales Assistant
Intermediate,Commerce,"MS Office, Communication",No Certification,7.85,8,7,Data Entry Operator
Bachelor's,Commerce,"Python, SQL, Data Analysis",Google Data Analytics,8.1,8,6,Data Analyst
Bachelor's,Commerce,"Accounting, Financial Analysis, MS Office",Tally ERP,7.85,8,7,Junior Accountant
Bachelor's,Commerce,"Accounting, Financial Analysis, MS Office",Tally ERP,6.65,7,6,Junior Accountant
Bachelor's,Commerce,"Accounting, Financial Analysis, MS Office",Tally ERP,6.64,6,10,Junior Accountant
Bachelor's,Commerce,"Python, SQL, Data Analysis",Google Data Analytics,6.36,6,7,Data Analyst
Master's,Psychology,"Counseling, Communication",Mental Health Basics,9.79,7,9,School Counselor
Bachelor's,Commerce,"Python, SQL, Data Analysis",Google Data Analytics,8.4,9,7,Data Analyst
PhD,Science,"Machine Learning, Data Analysis, Python",No Certification,9.75,5,9,Research Scientist
Bachelor's,Business,"Data Analysis, Communication, MS Office",Google Data Analytics,7.31,8,7,Business Analyst
Bachelor's,Commerce,"Python, SQL, Data Analysis",Google Data Analytics,6.82,6,6,Data Analyst
PhD,Science,"Communication, Research",No Certification,8.44,9,6,Professor
Bachelor's,Finance,"Financial Analysis, Accounting, Excel",CFA Level 1,6.77,9,7,Financial Analyst
Master's,Computer Science,"Python, Machine Learning, Data Analysis",Google Data Analytics,7.76,9,10,Data Scientist
Master's,Computer Science,"Python, Machine Learning, SQL",AWS Certified,8.17,9,9,ML Engineer
Intermediate,Commerce,"MS Office, Communication",Tally ERP,9.97,7,9,Clerk
Intermediate,Commerce,"MS Office, Communication",Tally ERP,6.57,6,9,Clerk
Bachelor's,Commerce,"Python, SQL, Data Analysis",Google Data Analytics,6.23,10,6,Data Analyst
Master's,Computer Science,"Python, Machine Learning, Data Analysis",Google Data Analytics,8.42,8,10,Data Scientist
Master's,Computer Science,"Python, Machine Learning, SQL",AWS Certified,9.28,7,8,ML Engineer
Bachelor's,Business,"Marketing, Communication, MS Office",Digital Marketing,9.76,8,9,Marketing Executive
PhD,Science,"Communication, Research",No Certification,8.84,7,7,Professor
Intermediate,Commerce,"MS Office, Communication",Tally ERP,8.26,8,6,Clerk
Bachelor's,Business,"Data Analysis, Communication, MS Office",Google Data Analytics,6.93,9,9,Business Analyst
Intermediate,Commerce,"MS Office, Communication",Tally ERP,7.94,10,8,Clerk
Bachelor's,Computer Science,"Python, SQL, Machine Learning",AWS Certified,6.13,9,8,Software Engineer
Intermediate,Commerce,"MS Office, Communication",Tally ERP,9.25,8,8,Clerk
Bachelor's,Business,"Marketing, Communication, MS Office",Digital Marketing,6.77,6,7,Marketing Executive
Bachelor's,Commerce,"Python, SQL, Data Analysis",Google Data Analytics,7.91,9,6,Data Analyst
Intermediate,Business,"Communication, Marketing, MS Office",Digital Marketing,9.92,9,5,Sales Assistant
Bachelor's,Business,"Data Analysis, Communication, MS Office",Google Data Analytics,7.28,8,9,Business Analyst
Bachelor's,Business,"Data Analysis, Communication, MS Office",Google Data Analytics,8.54,9,7,Business Analyst
Intermediate,Commerce,"MS Office, Communication",Tally ERP,6.15,8,7,Clerk
Bachelor's,Commerce,"Accounting, Financial Analysis, MS Office",Tally ERP,9.85,7,5,Junior Accountant
Master's,Computer Science,"Python, Machine Learning, Data Analysis",Google Data Analytics,7.68,5,6,Data Scientist
Intermediate,Commerce,"MS Office, Communication",No Certification,8.99,8,7,Data Entry Operator
PhD,Science,"Communication, Research",No Certification,7.41,6,8,Professor
Bachelor's,Business,"Data Analysis, Communication, MS Office",Google Data Analytics,7.71,9,5,Business Analyst
Intermediate,Commerce,"MS Office, Communication",Tally ERP,8.41,8,8,Clerk
Bachelor's,Computer Science,"Python, SQL, Machine Learning",AWS Certified,8.77,9,5,Software Engineer
Intermediate,Commerce,"MS Office, Communication",Tally ERP,7.99,7,10,Clerk
Bachelor's,Commerce,"Python, SQL, Data Analysis",Google Data Analytics,6.98,5,5,Data Analyst
Master's,Psychology,"Counseling, Communication",Mental Health Basics,9.32,9,7,School Counselor
Bachelor's,Business,"Data Analysis, Communication, MS Office",Google Data Analytics,8.62,9,6,Business Analyst
Master's,Computer Science,"Python, Machine Learning, Data Analysis",Google Data Analytics,9.55,10,9,Data Scientist
Intermediate,Commerce,"MS Office, Communication",Tally ERP,9.0,7,10,Clerk
PhD,Science,"Communication, Research",No Certification,7.4,5,6,Professor
Bachelor's,Business,"Marketing, Communication, MS Office",Digital Marketing,7.49,10,6,Marketing Executive
PhD,Science,"Machine Learning, Data Analysis, Python",No Certification,9.01,6,10,Research Scientist
Master's,Psychology,"Counseling, Communication",Mental Health Basics,9.86,6,5,School Counselor
Bachelor's,Commerce,"Python, SQL, Data Analysis",Google Data Analytics,7.44,10,6,Data Analyst
PhD,Science,"Communication, Research",No Certification,8.03,6,7,Professor
Bachelor's,Commerce,"Python, SQL, Data Analysis",Google Data Analytics,7.09,9,10,Data Analyst
PhD,Science,"Machine Learning, Data Analysis, Python",No Certification,9.27,8,6,Research Scientist
Intermediate,Commerce,"MS Office, Communication",Tally ERP,7.66,5,5,Clerk
Intermediate,Business,"Communication, Marketing, MS Office",Digital Marketing,7.24,10,5,Sales Assistant
PhD,Science,"Communication, Research",No Certification,6.88,6,10,Professor
Bachelor's,Business,"Data Analysis, Communication, MS Office",Google Data Analytics,8.06,6,6,Business Analyst
Bachelor's,Commerce,"Accounting, Financial Analysis, MS Office",Tally ERP,7.33,5,6,Junior Accountant
Bachelor's,Business,"Marketing, Communication, MS Office",Digital Marketing,6.13,6,6,Marketing Executive
Intermediate,Commerce,"MS Office, Communication",No Certification,7.4,9,5,Data Entry Operator
PhD,Science,"Machine Learning, Data Analysis, Python",No Certification,9.08,10,8,Research Scientist
Master's,Computer Science,"Python, Machine Learning, Data Analysis",Google Data Analytics,7.79,5,5,Data Scientist
Bachelor's,Computer Science,"Python, SQL, Machine Learning",AWS Certified,8.74,5,5,Software Engineer
Intermediate,Business,"Communication, Marketing, MS Office",Digital Marketing,6.32,9,9,Sales Assistant
Master's,Computer Science,"Python, Machine Learning, Data Analysis",Google Data Analytics,9.16,9,5,Data Scientist
Bachelor's,Business,"Marketing, Communication, MS Office",Digital Marketing,7.8,5,5,Marketing Executive
Master's,Psychology,"Counseling, Communication",Mental Health Basics,9.86,8,6,School Counselor
Master's,Psychology,"Counseling, Communication",Mental Health Basics,6.15,9,7,School Counselor
Bachelor's,Computer Science,"Python, SQL, Machine Learning",AWS Certified,9.28,7,5,Software Engineer
Master's,Computer Science,"Python, Machine Learning, Data Analysis",Google Data Analytics,6.34,8,8,Data Scientist
Intermediate,Commerce,"MS Office, Communication",No Certification,6.05,9,6,Data Entry Operator
Bachelor's,Commerce,"Accounting, Financial Analysis, MS Office",Tally ERP,7.17,7,10,Junior Accountant
Bachelor's,Business,"Data Analysis, Communication, MS Office",Google Data Analytics,7.25,10,9,Business Analyst
Master's,Psychology,"Counseling, Communication",Mental Health Basics,8.26,9,9,School Counselor
Bachelor's,Commerce,"Python, SQL, Data Analysis",Google Data Analytics,8.31,10,6,Data Analyst
Master's,Psychology,"Counseling, Communication",Mental Health Basics,7.05,8,9,School Counselor
Master's,Computer Science,"Python, Machine Learning, Data Analysis",Google Data Analytics,6.4,6,6,Data Scientist
Bachelor's,Commerce,"Accounting, Financial Analysis, MS Office",Tally ERP,9.51,7,10,Junior Accountant
Intermediate,Commerce,"MS Office, Communication",No Certification,9.9,6,6,Data Entry Operator
Intermediate,Commerce,"MS Office, Communication",Tally ERP,9.06,8,8,Clerk
Bachelor's,Business,"Marketing, Communication, MS Office",Digital Marketing,7.6,6,9,Marketing Executive
Bachelor's,Finance,"Financial Analysis, Accounting, Excel",CFA Level 1,9.21,6,10,Financial Analyst
Bachelor's,Commerce,"Accounting, Financial Analysis, MS Office",Tally ERP,7.33,10,8,Junior Accountant
Bachelor's,Business,"Data Analysis, Communication, MS Office",Google Data Analytics,8.35,7,9,Business Analyst
Intermediate,Commerce,"MS Office, Communication",Tally ERP,9.53,6,8,Clerk
Intermediate,Business,"Communication, Marketing, MS Office",Digital Marketing,7.22,7,10,Sales Assistant
Bachelor's,Business,"Data Analysis, Communication, MS Office",Google Data Analytics,9.19,6,7,Business Analyst
Intermediate,Commerce,"MS Office, Communication",No Certification,6.52,9,9,Data Entry Operator
Master's,Psychology,"Counseling, Communication",Mental Health Basics,6.0,5,6,School Counselor
PhD,Science,"Machine Learning, Data Analysis, Python",No Certification,9.52,7,9,Research Scientist
Master's,Computer Science,"Python, Machine Learning, SQL",AWS Certified,7.8,5,7,ML Engineer
Master's,Computer Science,"Python, Machine Learning, SQL",AWS Certified,7.66,7,8,ML Engineer
Master's,Computer Science,"Python, Machine Learning, SQL",AWS Certified,7.29,10,7,ML Engineer
Master's,Computer Science,"Python, Machine Learning, Data Analysis",Google Data Analytics,8.83,10,9,Data Scientist
Intermediate,Commerce,"MS Office, Communication",Tally ERP,6.85,9,5,Clerk
Bachelor's,Commerce,"Accounting, Financial Analysis, MS Office",Tally ERP,8.96,7,8,Junior Accountant
Bachelor's,Business,"Data Analysis, Communication, MS Office",Google Data Analytics,6.83,6,7,Business Analyst
Master's,Computer Science,"Python, Machine Learning, SQL",AWS Certified,8.96,8,7,ML Engineer
PhD,Science,"Communication, Research",No Certification,8.46,7,5,Professor
Bachelor's,Computer Science,"Python, SQL, Machine Learning",AWS Certified,9.28,6,10,Software Engineer
Intermediate,Commerce,"MS Office, Communication",Tally ERP,9.05,8,7,Clerk
Bachelor's,Commerce,"Accounting, Financial Analysis, MS Office",Tally ERP,8.16,10,9,Junior Accountant
PhD,Science,"Machine Learning, Data Analysis, Python",No Certification,8.58,5,8,Research Scientist
Bachelor's,Business,"Data Analysis, Communication, MS Office",Google Data Analytics,6.41,9,5,Business Analyst
Bachelor's,Commerce,"Accounting, Financial Analysis, MS Office",Tally ERP,6.8,5,8,Junior Accountant
Bachelor's,Finance,"Financial Analysis, Accounting, Excel",CFA Level 1,7.19,10,10,Financial Analyst
Bachelor's,Commerce,"Python, SQL, Data Analysis",Google Data Analytics,6.21,5,6,Data Analyst
Intermediate,Business,"Communication, Marketing, MS Office",Digital Marketing,7.52,10,6,Sales Assistant
Intermediate,Business,"Communication, Marketing, MS Office",Digital Marketing,6.64,6,9,Sales Assistant
Intermediate,Commerce,"MS Office, Communication",Tally ERP,6.86,5,8,Clerk
Bachelor's,Commerce,"Python, SQL, Data Analysis",Google Data Analytics,7.17,7,7,Data Analyst
Intermediate,Commerce,"MS Office, Communication",No Certification,6.8,10,5,Data Entry Operator
Bachelor's,Computer Science,"Python, SQL, Machine Learning",AWS Certified,8.36,10,8,Software Engineer
Intermediate,Business,"Communication, Marketing, MS Office",Digital Marketing,9.14,8,6,Sales Assistant
Bachelor's,Business,"Marketing, Communication, MS Office",Digital Marketing,8.64,10,9,Marketing Executive
PhD,Science,"Machine Learning, Data Analysis, Python",No Certification,7.49,9,5,Research Scientist
PhD,Science,"Machine Learning, Data Analysis, Python",No Certification,9.64,5,7,Research Scientist
Bachelor's,Commerce,"Python, SQL, Data Analysis",Google Data Analytics,7.68,10,8,Data Analyst
Master's,Computer Science,"Python, Machine Learning, Data Analysis",Google Data Analytics,7.22,9,8,Data Scientist
Bachelor's,Commerce,"Python, SQL, Data Analysis",Google Data Analytics,9.28,7,7,Data Analyst
Master's,Computer Science,"Python, Machine Learning, Data Analysis",Google Data Analytics,9.63,10,10,Data Scientist
Intermediate,Business,"Communication, Marketing, MS Office",Digital Marketing,8.21,7,9,Sales Assistant
Bachelor's,Business,"Data Analysis, Communication, MS Office",Google Data Analytics,8.17,7,9,Business Analyst
Master's,Psychology,"Counseling, Communication",Mental Health Basics,7.65,10,7,School Counselor
Master's,Computer Science,"Python, Machine Learning, Data Analysis",Google Data Analytics,9.75,5,6,Data Scientist
Bachelor's,Commerce,"Python, SQL, Data Analysis",Google Data Analytics,8.49,9,7,Data Analyst
Bachelor's,Business,"Marketing, Communication, MS Office",Digital Marketing,6.48,6,9,Marketing Executive
Bachelor's,Business,"Marketing, Communication, MS Office",Digital Marketing,6.11,5,5,Marketing Executive
Bachelor's,Business,"Data Analysis, Communication, MS Office",Google Data Analytics,8.43,9,10,Business Analyst
Intermediate,Commerce,"MS Office, Communication",Tally ERP,9.99,7,5,Clerk
Bachelor's,Business,"Data Analysis, Communication, MS Office",Google Data Analytics,6.95,8,8,Business Analyst
PhD,Science,"Communication, Research",No Certification,9.98,10,7,Professor
Master's,Computer Science,"Python, Machine Learning, SQL",AWS Certified,7.89,9,7,ML Engineer
Bachelor's,Business,"Data Analysis, Communication, MS Office",Google Data Analytics,7.58,8,6,Business Analyst
Intermediate,Commerce,"MS Office, Communication",Tally ERP,7.95,7,7,Clerk
Intermediate,Business,"Communication, Marketing, MS Office",Digital Marketing,8.22,10,5,Sales Assistant
Bachelor's,Computer Science,"Python, SQL, Machine Learning",AWS Certified,8.9,10,10,Software Engineer
Bachelor's,Business,"Data Analysis, Communication, MS Office",Google Data Analytics,6.13,6,8,Business Analyst
Master's,Psychology,"Counseling, Communication",Mental Health Basics,9.15,8,9,School Counselor
Bachelor's,Finance,"Financial Analysis, Accounting, Excel",CFA Level 1,9.87,10,6,Financial Analyst
Master's,Psychology,"Counseling, Communication",Mental Health Basics,8.97,10,9,School Counselor
Master's,Computer Science,"Python, Machine Learning, SQL",AWS Certified,7.01,5,7,ML Engineer
Bachelor's,Finance,"Financial Analysis, Accounting, Excel",CFA Level 1,6.62,5,10,Financial Analyst
Bachelor's,Commerce,"Python, SQL, Data Analysis",Google Data Analytics,6.71,10,10,Data Analyst
PhD,Science,"Machine Learning, Data Analysis, Python",No Certification,8.62,9,7,Research Scientist
Bachelor's,Computer Science,"Python, SQL, Machine Learning",AWS Certified,8.71,9,5,Software Engineer
Bachelor's,Business,"Marketing, Communication, MS Office",Digital Marketing,9.73,10,9,Marketing Executive
PhD,Science,"Machine Learning, Data Analysis, Python",No Certification,8.87,9,5,Research Scientist
Bachelor's,Finance,"Financial Analysis, Accounting, Excel",CFA Level 1,7.92,8,8,Financial Analyst
PhD,Science,"Communication, Research",No Certification,8.78,10,7,Professor
Intermediate,Business,"Communication, Marketing, MS Office",Digital Marketing,7.89,5,8,Sales Assistant
Intermediate,Commerce,"MS Office, Communication",Tally ERP,6.93,10,8,Clerk
Bachelor's,Business,"Marketing, Communication, MS Office",Digital Marketing,9.59,5,10,Marketing Executive
Intermediate,Business,"Communication, Marketing, MS Office",Digital Marketing,9.85,7,10,Sales Assistant
Bachelor's,Commerce,"Accounting, Financial Analysis, MS Office",Tally ERP,7.8,6,7,Junior Accountant
Intermediate,Commerce,"MS Office, Communication",Tally ERP,8.97,8,5,Clerk
Bachelor's,Business,"Data Analysis, Communication, MS Office",Google Data Analytics,9.3,10,7,Business Analyst
Bachelor's,Finance,"Financial Analysis, Accounting, Excel",CFA Level 1,9.19,8,7,Financial Analyst
Bachelor's,Finance,"Financial Analysis, Accounting, Excel",CFA Level 1,7.88,9,10,Financial Analyst
Master's,Computer Science,"Python, Machine Learning, Data Analysis",Google Data Analytics,9.26,9,10,Data Scientist
Bachelor's,Finance,"Financial Analysis, Accounting, Excel",CFA Level 1,6.97,5,6,Financial Analyst
Bachelor's,Business,"Marketing, Communication, MS Office",Digital Marketing,8.75,5,8,Marketing Executive
Bachelor's,Business,"Marketing, Communication, MS Office",Digital Marketing,9.48,5,7,Marketing Executive
Bachelor's,Business,"Marketing, Communication, MS Office",Digital Marketing,6.76,9,6,Marketing Executive
Master's,Psychology,"Counseling, Communication",Mental Health Basics,8.23,6,5,School Counselor
Bachelor's,Computer Science,"Python, SQL, Machine Learning",AWS Certified,6.44,10,9,Software Engineer
Bachelor's,Business,"Data Analysis, Communication, MS Office",Google Data Analytics,9.62,8,5,Business Analyst
Master's,Psychology,"Counseling, Communication",Mental Health Basics,6.65,7,5,School Counselor
Bachelor's,Computer Science,"Python, SQL, Machine Learning",AWS Certified,8.36,6,10,Software Engineer
PhD,Science,"Machine Learning, Data Analysis, Python",No Certification,9.97,8,5,Research Scientist
Intermediate,Business,"Communication, Marketing, MS Office",Digital Marketing,8.19,10,9,Sales Assistant
Intermediate,Commerce,"MS Office, Communication",No Certification,6.79,6,9,Data Entry Operator
PhD,Science,"Communication, Research",No Certification,9.23,6,9,Professor
Bachelor's,Commerce,"Accounting, Financial Analysis, MS Office",Tally ERP,9.09,10,9,Junior Accountant
Master's,Computer Science,"Python, Machine Learning, SQL",AWS Certified,7.61,10,8,ML Engineer
PhD,Science,"Machine Learning, Data Analysis, Python",No Certification,9.15,10,10,Research Scientist
Master's,Computer Science,"Python, Machine Learning, SQL",AWS Certified,6.9,7,9,ML Engineer
Master's,Psychology,"Counseling, Communication",Mental Health Basics,6.74,7,5,School Counselor
Master's,Computer Science,"Python, Machine Learning, Data Analysis",Google Data Analytics,6.4,7,8,Data Scientist
Bachelor's,Commerce,"Python, SQL, Data Analysis",Google Data Analytics,6.98,8,6,Data Analyst
PhD,Science,"Machine Learning, Data Analysis, Python",No Certification,8.59,10,6,Research Scientist
Intermediate,Commerce,"MS Office, Communication",Tally ERP,9.86,5,6,Clerk
Bachelor's,Finance,"Financial Analysis, Accounting, Excel",CFA Level 1,6.79,7,9,Financial Analyst
Bachelor's,Computer Science,"Python, SQL, Machine Learning",AWS Certified,8.81,5,7,Software Engineer
Master's,Computer Science,"Python, Machine Learning, SQL",AWS Certified,8.02,6,10,ML Engineer
Bachelor's,Business,"Marketing, Communication, MS Office",Digital Marketing,8.42,7,10,Marketing Executive
Bachelor's,Business,"Data Analysis, Communication, MS Office",Google Data Analytics,7.15,10,7,Business Analyst
Bachelor's,Computer Science,"Python, SQL, Machine Learning",AWS Certified,7.86,7,6,Software Engineer
PhD,Science,"Machine Learning, Data Analysis, Python",No Certification,9.92,8,6,Research Scientist
Bachelor's,Business,"Data Analysis, Communication, MS Office",Google Data Analytics,7.68,5,7,Business Analyst
Master's,Psychology,"Counseling, Communication",Mental Health Basics,9.48,7,6,School Counselor
Master's,Psychology,"Counseling, Communication",Mental Health Basics,6.56,5,6,School Counselor
Bachelor's,Business,"Marketing, Communication, MS Office",Digital Marketing,8.52,10,7,Marketing Executive
Intermediate,Commerce,"MS Office, Communication",No Certification,9.04,7,6,Data Entry Operator
Master's,Computer Science,"Python, Machine Learning, SQL",AWS Certified,9.57,7,7,ML Engineer
Master's,Psychology,"Counseling, Communication",Mental Health Basics,9.36,8,5,School Counselor
Bachelor's,Business,"Data Analysis, Communication, MS Office",Google Data Analytics,8.86,8,8,Business Analyst
Bachelor's,Computer Science,"Python, SQL, Machine Learning",AWS Certified,9.7,6,8,Software Engineer
Intermediate,Commerce,"MS Office, Communication",Tally ERP,7.39,5,7,Clerk
Intermediate,Commerce,"MS Office, Communication",Tally ERP,6.39,6,10,Clerk
Master's,Computer Science,"Python, Machine Learning, Data Analysis",Google Data Analytics,6.68,5,7,Data Scientist
Intermediate,Commerce,"MS Office, Communication",Tally ERP,9.31,8,7,Clerk
Bachelor's,Commerce,"Python, SQL, Data Analysis",Google Data Analytics,9.34,5,5,Data Analyst
PhD,Science,"Machine Learning, Data Analysis, Python",No Certification,8.56,5,10,Research Scientist
Master's,Computer Science,"Python, Machine Learning, SQL",AWS Certified,8.13,7,7,ML Engineer
Master's,Psychology,"Counseling, Communication",Mental Health Basics,6.3,10,8,School Counselor
Intermediate,Business,"Communication, Marketing, MS Office",Digital Marketing,6.71,8,9,Sales Assistant
Master's,Computer Science,"Python, Machine Learning, SQL",AWS Certified,8.38,6,6,ML Engineer
Bachelor's,Commerce,"Accounting, Financial Analysis, MS Office",Tally ERP,7.73,7,6,Junior Accountant
Bachelor's,Business,"Marketing, Communication, MS Office",Digital Marketing,9.46,8,5,Marketing Executive
Bachelor's,Commerce,"Python, SQL, Data Analysis",Google Data Analytics,6.68,7,9,Data Analyst
Master's,Computer Science,"Python, Machine Learning, Data Analysis",Google Data Analytics,9.51,8,5,Data Scientist
PhD,Science,"Machine Learning, Data Analysis, Python",No Certification,7.71,5,8,Research Scientist
Bachelor's,Commerce,"Accounting, Financial Analysis, MS Office",Tally ERP,9.93,6,5,Junior Accountant
Bachelor's,Commerce,"Python, SQL, Data Analysis",Google Data Analytics,8.38,7,9,Data Analyst
Intermediate,Business,"Communication, Marketing, MS Office",Digital Marketing,9.33,8,10,Sales Assistant
PhD,Science,"Communication, Research",No Certification,6.63,6,6,Professor
Bachelor's,Finance,"Financial Analysis, Accounting, Excel",CFA Level 1,9.73,8,8,Financial Analyst
Master's,Computer Science,"Python, Machine Learning, SQL",AWS Certified,8.03,8,9,ML Engineer
Master's,Psychology,"Counseling, Communication",Mental Health Basics,9.59,8,5,School Counselor
Bachelor's,Finance,"Financial Analysis, Accounting, Excel",CFA Level 1,9.73,8,10,Financial Analyst
PhD,Science,"Communication, Research",No Certification,7.6,9,6,Professor
Bachelor's,Commerce,"Accounting, Financial Analysis, MS Office",Tally ERP,7.55,5,10,Junior Accountant
Intermediate,Commerce,"MS Office, Communication",Tally ERP,7.01,9,7,Clerk
Bachelor's,Business,"Marketing, Communication, MS Office",Digital Marketing,9.98,6,5,Marketing Executive
PhD,Science,"Communication, Research",No Certification,9.43,5,10,Professor
Master's,Computer Science,"Python, Machine Learning, Data Analysis",Google Data Analytics,7.23,10,8,Data Scientist
Master's,Computer Science,"Python, Machine Learning, SQL",AWS Certified,9.74,7,5,ML Engineer
Intermediate,Business,"Communication, Marketing, MS Office",Digital Marketing,6.02,5,7,Sales Assistant
Master's,Computer Science,"Python, Machine Learning, SQL",AWS Certified,6.42,5,8,ML Engineer
Bachelor's,Commerce,"Accounting, Financial Analysis, MS Office",Tally ERP,6.4,6,6,Junior Accountant
Intermediate,Commerce,"MS Office, Communication",Tally ERP,8.66,5,8,Clerk
Master's,Psychology,"Counseling, Communication",Mental Health Basics,6.19,9,8,School Counselor
Bachelor's,Commerce,"Accounting, Financial Analysis, MS Office",Tally ERP,9.02,10,9,Junior Accountant
Intermediate,Commerce,"MS Office, Communication",Tally ERP,7.25,10,6,Clerk
Master's,Computer Science,"Python, Machine Learning, Data Analysis",Google Data Analytics,9.96,7,10,Data Scientist
Bachelor's,Business,"Data Analysis, Communication, MS Office",Google Data Analytics,9.04,10,10,Business Analyst
Intermediate,Business,"Communication, Marketing, MS Office",Digital Marketing,7.21,6,8,Sales Assistant
Bachelor's,Commerce,"Accounting, Financial Analysis, MS Office",Tally ERP,9.83,6,10,Junior Accountant
Master's,Computer Science,"Python, Machine Learning, Data Analysis",Google Data Analytics,7.18,8,10,Data Scientist
Bachelor's,Commerce,"Python, SQL, Data Analysis",Google Data Analytics,8.77,10,5,Data Analyst
Bachelor's,Commerce,"Accounting, Financial Analysis, MS Office",Tally ERP,8.81,5,9,Junior Accountant
Intermediate,Business,"Communication, Marketing, MS Office",Digital Marketing,7.72,5,6,Sales Assistant
PhD,Science,"Machine Learning, Data Analysis, Python",No Certification,9.42,7,7,Research Scientist
Intermediate,Commerce,"MS Office, Communication",Tally ERP,9.4,5,7,Clerk
Intermediate,Business,"Communication, Marketing, MS Office",Digital Marketing,8.13,6,9,Sales Assistant
Bachelor's,Business,"Data Analysis, Communication, MS Office",Google Data Analytics,8.56,9,7,Business Analyst
Intermediate,Business,"Communication, Marketing, MS Office",Digital Marketing,9.48,5,6,Sales Assistant
Bachelor's,Computer Science,"Python, SQL, Machine Learning",AWS Certified,7.39,10,10,Software Engineer
Intermediate,Commerce,"MS Office, Communication",Tally ERP,7.26,6,9,Clerk
Intermediate,Business,"Communication, Marketing, MS Office",Digital Marketing,8.55,9,5,Sales Assistant
Intermediate,Business,"Communication, Marketing, MS Office",Digital Marketing,6.07,5,8,Sales Assistant
PhD,Science,"Communication, Research",No Certification,7.21,7,7,Professor
Bachelor's,Computer Science,"Python, SQL, Machine Learning",AWS Certified,8.1,10,10,Software Engineer
Intermediate,Commerce,"MS Office, Communication",Tally ERP,9.69,8,10,Clerk
Bachelor's,Business,"Marketing, Communication, MS Office",Digital Marketing,8.88,10,6,Marketing Executive
Intermediate,Business,"Communication, Marketing, MS Office",Digital Marketing,7.06,8,9,Sales Assistant
Bachelor's,Business,"Data Analysis, Communication, MS Office",Google Data Analytics,6.82,10,10,Business Analyst
Bachelor's,Business,"Data Analysis, Communication, MS Office",Google Data Analytics,8.7,5,7,Business Analyst
Intermediate,Commerce,"MS Office, Communication",No Certification,6.89,7,9,Data Entry Operator
Bachelor's,Computer Science,"Python, SQL, Machine Learning",AWS Certified,7.91,9,10,Software Engineer
Master's,Computer Science,"Python, Machine Learning, SQL",AWS Certified,6.88,5,9,ML Engineer
Intermediate,Commerce,"MS Office, Communication",Tally ERP,8.31,5,8,Clerk
Intermediate,Commerce,"MS Office, Communication",Tally ERP,7.98,10,10,Clerk
Master's,Computer Science,"Python, Machine Learning, SQL",AWS Certified,7.81,7,5,ML Engineer
PhD,Science,"Machine Learning, Data Analysis, Python",No Certification,6.97,8,7,Research Scientist
Bachelor's,Business,"Data Analysis, Communication, MS Office",Google Data Analytics,8.5,6,10,Business Analyst
Bachelor's,Computer Science,"Python, SQL, Machine Learning",AWS Certified,9.47,9,10,Software Engineer
PhD,Science,"Communication, Research",No Certification,6.22,5,7,Professor
PhD,Science,"Communication, Research",No Certification,6.15,8,8,Professor
Intermediate,Commerce,"MS Office, Communication",Tally ERP,8.04,5,9,Clerk
Bachelor's,Commerce,"Python, SQL, Data Analysis",Google Data Analytics,8.92,7,6,Data Analyst
Intermediate,Commerce,"MS Office, Communication",No Certification,7.26,10,6,Data Entry Operator
Bachelor's,Business,"Data Analysis, Communication, MS Office",Google Data Analytics,7.5,5,6,Business Analyst
PhD,Science,"Communication, Research",No Certification,7.32,9,6,Professor
Bachelor's,Commerce,"Accounting, Financial Analysis, MS Office",Tally ERP,6.7,8,5,Junior Accountant
Bachelor's,Business,"Marketing, Communication, MS Office",Digital Marketing,9.71,9,7,Marketing Executive
Bachelor's,Business,"Data Analysis, Communication, MS Office",Google Data Analytics,8.56,10,5,Business Analyst
PhD,Science,"Communication, Research",No Certification,6.87,6,9,Professor
Bachelor's,Business,"Data Analysis, Communication, MS Office",Google Data Analytics,9.38,6,6,Business Analyst
Intermediate,Commerce,"MS Office, Communication",No Certification,9.98,8,9,Data Entry Operator
Bachelor's,Computer Science,"Python, SQL, Machine Learning",AWS Certified,8.69,5,8,Software Engineer
Master's,Psychology,"Counseling, Communication",Mental Health Basics,6.63,6,6,School Counselor
Intermediate,Commerce,"MS Office, Communication",No Certification,8.84,7,10,Data Entry Operator
Master's,Computer Science,"Python, Machine Learning, SQL",AWS Certified,6.39,5,10,ML Engineer
Bachelor's,Business,"Data Analysis, Communication, MS Office",Google Data Analytics,7.32,6,8,Business Analyst
Bachelor's,Commerce,"Python, SQL, Data Analysis",Google Data Analytics,9.03,10,10,Data Analyst
Bachelor's,Finance,"Financial Analysis, Accounting, Excel",CFA Level 1,9.79,7,5,Financial Analyst
Master's,Computer Science,"Python, Machine Learning, SQL",AWS Certified,6.31,8,9,ML Engineer
Bachelor's,Computer Science,"Python, SQL, Machine Learning",AWS Certified,6.72,5,8,Software Engineer
Bachelor's,Business,"Data Analysis, Communication, MS Office",Google Data Analytics,8.59,10,8,Business Analyst
Master's,Computer Science,"Python, Machine Learning, Data Analysis",Google Data Analytics,7.73,6,8,Data Scientist
Bachelor's,Computer Science,"Python, SQL, Machine Learning",AWS Certified,9.14,7,5,Software Engineer
Intermediate,Business,"Communication, Marketing, MS Office",Digital Marketing,9.37,7,6,Sales Assistant
Intermediate,Commerce,"MS Office, Communication",Tally ERP,6.57,9,5,Clerk
Bachelor's,Business,"Marketing, Communication, MS Office",Digital Marketing,8.18,5,10,Marketing Executive
Bachelor's,Finance,"Financial Analysis, Accounting, Excel",CFA Level 1,6.26,8,8,Financial Analyst
PhD,Science,"Machine Learning, Data Analysis, Python",No Certification,8.99,5,9,Research Scientist
Intermediate,Commerce,"MS Office, Communication",Tally ERP,9.23,9,9,Clerk
Intermediate,Commerce,"MS Office, Communication",No Certification,8.73,6,5,Data Entry Operator
Master's,Computer Science,"Python, Machine Learning, SQL",AWS Certified,6.27,9,6,ML Engineer
Bachelor's,Finance,"Financial Analysis, Accounting, Excel",CFA Level 1,7.75,10,8,Financial Analyst
Master's,Computer Science,"Python, Machine Learning, Data Analysis",Google Data Analytics,7.24,5,9,Data Scientist
Bachelor's,Business,"Data Analysis, Communication, MS Office",Google Data Analytics,8.06,6,7,Business Analyst
Bachelor's,Business,"Data Analysis, Communication, MS Office",Google Data Analytics,7.59,6,9,Business Analyst
Master's,Computer Science,"Python, Machine Learning, Data Analysis",Google Data Analytics,7.38,9,9,Data Scientist
Bachelor's,Computer Science,"Python, SQL, Machine Learning",AWS Certified,8.55,5,10,Software Engineer
Bachelor's,Business,"Marketing, Communication, MS Office",Digital Marketing,9.34,7,9,Marketing Executive
Master's,Psychology,"Counseling, Communication",Mental Health Basics,9.47,5,8,School Counselor
Intermediate,Commerce,"MS Office, Communication",No Certification,6.04,9,8,Data Entry Operator
Bachelor's,Computer Science,"Python, SQL, Machine Learning",AWS Certified,9.94,10,9,Software Engineer
Intermediate,Commerce,"MS Office, Communication",No Certification,7.84,6,6,Data Entry Operator
Intermediate,Commerce,"MS Office, Communication",Tally ERP,8.21,5,6,Clerk
Bachelor's,Business,"Marketing, Communication, MS Office",Digital Marketing,7.97,9,6,Marketing Executive
Bachelor's,Commerce,"Accounting, Financial Analysis, MS Office",Tally ERP,8.78,6,10,Junior Accountant
PhD,Science,"Communication, Research",No Certification,9.75,8,6,Professor
Bachelor's,Business,"Data Analysis, Communication, MS Office",Google Data Analytics,8.99,8,6,Business Analyst
Bachelor's,Commerce,"Python, SQL, Data Analysis",Google Data Analytics,6.02,10,7,Data Analyst
PhD,Science,"Machine Learning, Data Analysis, Python",No Certification,8.79,7,9,Research Scientist
Bachelor's,Commerce,"Python, SQL, Data Analysis",Google Data Analytics,9.44,5,9,Data Analyst
PhD,Science,"Machine Learning, Data Analysis, Python",No Certification,6.85,6,9,Research Scientist
Master's,Psychology,"Counseling, Communication",Mental Health Basics,9.83,5,10,School Counselor
Master's,Computer Science,"Python, Machine Learning, SQL",AWS Certified,6.57,8,9,ML Engineer
Master's,Computer Science,"Python, Machine Learning, SQL",AWS Certified,6.59,10,6,ML Engineer
PhD,Science,"Communication, Research",No Certification,7.65,6,9,Professor
Bachelor's,Finance,"Financial Analysis, Accounting, Excel",CFA Level 1,8.87,9,8,Financial Analyst
Master's,Computer Science,"Python, Machine Learning, SQL",AWS Certified,9.05,6,8,ML Engineer
Intermediate,Commerce,"MS Office, Communication",No Certification,9.35,10,8,Data Entry Operator
PhD,Science,"Communication, Research",No Certification,7.31,6,9,Professor
Bachelor's,Commerce,"Accounting, Financial Analysis, MS Office",Tally ERP,7.99,10,5,Junior Accountant
Master's,Psychology,"Counseling, Communication",Mental Health Basics,7.61,7,8,School Counselor
Master's,Computer Science,"Python, Machine Learning, Data Analysis",Google Data Analytics,6.56,5,7,Data Scientist
Bachelor's,Commerce,"Python, SQL, Data Analysis",Google Data Analytics,7.6,6,9,Data Analyst
Master's,Computer Science,"Python, Machine Learning, Data Analysis",Google Data Analytics,7.37,6,6,Data Scientist
PhD,Science,"Communication, Research",No Certification,9.1,9,9,Professor
Intermediate,Business,"Communication, Marketing, MS Office",Digital Marketing,9.42,10,8,Sales Assistant
Bachelor's,Business,"Marketing, Communication, MS Office",Digital Marketing,7.69,10,5,Marketing Executive
Bachelor's,Commerce,"Python, SQL, Data Analysis",Google Data Analytics,9.98,7,8,Data Analyst
Bachelor's,Commerce,"Python, SQL, Data Analysis",Google Data Analytics,8.52,8,10,Data Analyst
Bachelor's,Business,"Marketing, Communication, MS Office",Digital Marketing,7.52,10,10,Marketing Executive
Bachelor's,Computer Science,"Python, SQL, Machine Learning",AWS Certified,6.67,10,8,Software Engineer
PhD,Science,"Machine Learning, Data Analysis, Python",No Certification,9.54,8,10,Research Scientist
Master's,Computer Science,"Python, Machine Learning, SQL",AWS Certified,7.57,9,10,ML Engineer
PhD,Science,"Machine Learning, Data Analysis, Python",No Certification,9.13,7,9,Research Scientist
PhD,Science,"Machine Learning, Data Analysis, Python",No Certification,7.79,5,7,Research Scientist
Bachelor's,Computer Science,"Python, SQL, Machine Learning",AWS Certified,7.8,9,10,Software Engineer
Master's,Psychology,"Counseling, Communication",Mental Health Basics,9.75,5,7,School Counselor
PhD,Science,"Communication, Research",No Certification,7.82,6,8,Professor
Intermediate,Business,"Communication, Marketing, MS Office",Digital Marketing,6.15,6,7,Sales Assistant
Bachelor's,Business,"Marketing, Communication, MS Office",Digital Marketing,6.82,7,7,Marketing Executive
Bachelor's,Computer Science,"Python, SQL, Machine Learning",AWS Certified,8.24,6,6,Software Engineer
Intermediate,Business,"Communication, Marketing, MS Office",Digital Marketing,7.58,5,7,Sales Assistant
PhD,Science,"Communication, Research",No Certification,8.08,6,9,Professor
Bachelor's,Business,"Marketing, Communication, MS Office",Digital Marketing,8.11,10,7,Marketing Executive
Bachelor's,Business,"Marketing, Communication, MS Office",Digital Marketing,6.59,6,10,Marketing Executive
Master's,Computer Science,"Python, Machine Learning, SQL",AWS Certified,7.1,10,6,ML Engineer
Intermediate,Business,"Communication, Marketing, MS Office",Digital Marketing,9.1,7,5,Sales Assistant
Intermediate,Commerce,"MS Office, Communication",No Certification,9.74,5,5,Data Entry Operator
Master's,Psychology,"Counseling, Communication",Mental Health Basics,9.05,6,5,School Counselor
Bachelor's,Computer Science,"Python, SQL, Machine Learning",AWS Certified,9.52,10,5,Software Engineer
Master's,Computer Science,"Python, Machine Learning, SQL",AWS Certified,7.11,5,5,ML Engineer
Master's,Computer Science,"Python, Machine Learning, SQL",AWS Certified,7.62,7,5,ML Engineer
Intermediate,Business,"Communication, Marketing, MS Office",Digital Marketing,6.78,8,7,Sales Assistant
Bachelor's,Commerce,"Accounting, Financial Analysis, MS Office",Tally ERP,6.2,8,8,Junior Accountant
Bachelor's,Business,"Data Analysis, Communication, MS Office",Google Data Analytics,8.45,6,7,Business Analyst
Bachelor's,Computer Science,"Python, SQL, Machine Learning",AWS Certified,7.63,9,7,Software Engineer
Bachelor's,Computer Science,"Python, SQL, Machine Learning",AWS Certified,8.49,8,5,Software Engineer
Intermediate,Business,"Communication, Marketing, MS Office",Digital Marketing,8.71,8,8,Sales Assistant
Bachelor's,Business,"Marketing, Communication, MS Office",Digital Marketing,6.78,7,8,Marketing Executive
Master's,Computer Science,"Python, Machine Learning, SQL",AWS Certified,8.92,9,9,ML Engineer
Intermediate,Commerce,"MS Office, Communication",No Certification,9.64,6,10,Data Entry Operator
Intermediate,Commerce,"MS Office, Communication",No Certification,7.95,6,6,Data Entry Operator
Master's,Computer Science,"Python, Machine Learning, Data Analysis",Google Data Analytics,7.1,5,6,Data Scientist
Master's,Psychology,"Counseling, Communication",Mental Health Basics,8.13,9,9,School Counselor
Intermediate,Business,"Communication, Marketing, MS Office",Digital Marketing,8.3,8,8,Sales Assistant
Master's,Computer Science,"Python, Machine Learning, Data Analysis",Google Data Analytics,6.24,10,8,Data Scientist
Master's,Computer Science,"Python, Machine Learning, SQL",AWS Certified,8.35,10,8,ML Engineer
Bachelor's,Commerce,"Python, SQL, Data Analysis",Google Data Analytics,6.12,10,8,Data Analyst
Intermediate,Commerce,"MS Office, Communication",Tally ERP,8.62,6,9,Clerk
Intermediate,Business,"Communication, Marketing, MS Office",Digital Marketing,9.28,7,7,Sales Assistant
Intermediate,Commerce,"MS Office, Communication",No Certification,7.78,5,7,Data Entry Operator
Bachelor's,Business,"Marketing, Communication, MS Office",Digital Marketing,8.0,8,5,Marketing Executive
Bachelor's,Commerce,"Python, SQL, Data Analysis",Google Data Analytics,8.51,6,5,Data Analyst
Master's,Computer Science,"Python, Machine Learning, SQL",AWS Certified,8.55,10,7,ML Engineer
Intermediate,Commerce,"MS Office, Communication",No Certification,6.51,7,9,Data Entry Operator
Intermediate,Commerce,"MS Office, Communication",No Certification,6.27,8,9,Data Entry Operator
Master's,Psychology,"Counseling, Communication",Mental Health Basics,6.68,7,7,School Counselor
Bachelor's,Computer Science,"Python, SQL, Machine Learning",AWS Certified,9.38,9,9,Software Engineer
PhD,Science,"Communication, Research",No Certification,7.21,6,6,Professor
Bachelor's,Business,"Marketing, Communication, MS Office",Digital Marketing,8.0,7,8,Marketing Executive
Master's,Computer Science,"Python, Machine Learning, SQL",AWS Certified,9.79,7,8,ML Engineer
Master's,Psychology,"Counseling, Communication",Mental Health Basics,9.12,10,7,School Counselor
PhD,Science,"Machine Learning, Data Analysis, Python",No Certification,6.28,8,7,Research Scientist
Bachelor's,Business,"Data Analysis, Communication, MS Office",Google Data Analytics,7.77,9,5,Business Analyst
PhD,Science,"Communication, Research",No Certification,8.42,5,6,Professor
Bachelor's,Finance,"Financial Analysis, Accounting, Excel",CFA Level 1,9.51,6,5,Financial Analyst
Intermediate,Commerce,"MS Office, Communication",Tally ERP,7.05,9,7,Clerk
Master's,Computer Science,"Python, Machine Learning, SQL",AWS Certified,6.49,6,10,ML Engineer
Bachelor's,Commerce,"Accounting, Financial Analysis, MS Office",Tally ERP,7.2,6,10,Junior Accountant
PhD,Science,"Machine Learning, Data Analysis, Python",No Certification,8.9,5,5,Research Scientist
Bachelor's,Business,"Data Analysis, Communication, MS Office",Google Data Analytics,8.54,8,9,Business Analyst
Bachelor's,Computer Science,"Python, SQL, Machine Learning",AWS Certified,9.82,5,10,Software Engineer
Bachelor's,Business,"Marketing, Communication, MS Office",Digital Marketing,9.09,8,5,Marketing Executive
Bachelor's,Business,"Marketing, Communication, MS Office",Digital Marketing,9.68,10,8,Marketing Executive
Bachelor's,Finance,"Financial Analysis, Accounting, Excel",CFA Level 1,7.77,8,8,Financial Analyst
Bachelor's,Finance,"Financial Analysis, Accounting, Excel",CFA Level 1,7.52,5,6,Financial Analyst
Bachelor's,Commerce,"Accounting, Financial Analysis, MS Office",Tally ERP,7.26,9,7,Junior Accountant
Intermediate,Commerce,"MS Office, Communication",Tally ERP,6.56,10,7,Clerk
Intermediate,Commerce,"MS Office, Communication",No Certification,6.17,10,8,Data Entry Operator
Master's,Computer Science,"Python, Machine Learning, Data Analysis",Google Data Analytics,7.77,6,5,Data Scientist
Intermediate,Commerce,"MS Office, Communication",No Certification,9.95,6,8,Data Entry Operator
Bachelor's,Computer Science,"Python, SQL, Machine Learning",AWS Certified,8.49,9,6,Software Engineer
Intermediate,Commerce,"MS Office, Communication",No Certification,8.09,7,6,Data Entry Operator
PhD,Science,"Machine Learning, Data Analysis, Python",No Certification,6.05,10,8,Research Scientist
Bachelor's,Business,"Data Analysis, Communication, MS Office",Google Data Analytics,6.67,9,5,Business Analyst
Bachelor's,Finance,"Financial Analysis, Accounting, Excel",CFA Level 1,7.37,9,5,Financial Analyst
Master's,Computer Science,"Python, Machine Learning, Data Analysis",Google Data Analytics,6.66,8,6,Data Scientist
Bachelor's,Computer Science,"Python, SQL, Machine Learning",AWS Certified,9.32,5,10,Software Engineer
Bachelor's,Commerce,"Accounting, Financial Analysis, MS Office",Tally ERP,7.56,9,6,Junior Accountant
Intermediate,Business,"Communication, Marketing, MS Office",Digital Marketing,6.55,8,6,Sales Assistant
Master's,Computer Science,"Python, Machine Learning, Data Analysis",Google Data Analytics,7.09,7,10,Data Scientist
Bachelor's,Business,"Marketing, Communication, MS Office",Digital Marketing,6.07,8,6,Marketing Executive
Bachelor's,Computer Science,"Python, SQL, Machine Learning",AWS Certified,6.29,8,6,Software Engineer
Bachelor's,Commerce,"Python, SQL, Data Analysis",Google Data Analytics,7.36,8,5,Data Analyst
Bachelor's,Business,"Data Analysis, Communication, MS Office",Google Data Analytics,9.9,7,9,Business Analyst
Master's,Psychology,"Counseling, Communication",Mental Health Basics,7.83,10,10,School Counselor
PhD,Science,"Machine Learning, Data Analysis, Python",No Certification,8.72,7,7,Research Scientist
Master's,Computer Science,"Python, Machine Learning, Data Analysis",Google Data Analytics,7.72,6,7,Data Scientist
Bachelor's,Business,"Marketing, Communication, MS Office",Digital Marketing,6.67,5,6,Marketing Executive
Bachelor's,Commerce,"Python, SQL, Data Analysis",Google Data Analytics,6.17,7,7,Data Analyst
Bachelor's,Business,"Data Analysis, Communication, MS Office",Google Data Analytics,8.51,5,5,Business Analyst
Bachelor's,Business,"Marketing, Communication, MS Office",Digital Marketing,9.34,8,7,Marketing Executive
Bachelor's,Commerce,"Accounting, Financial Analysis, MS Office",Tally ERP,7.37,5,7,Junior Accountant
Bachelor's,Commerce,"Accounting, Financial Analysis, MS Office",Tally ERP,7.72,5,9,Junior Accountant
Bachelor's,Commerce,"Accounting, Financial Analysis, MS Office",Tally ERP,9.55,7,6,Junior Accountant
Intermediate,Business,"Communication, Marketing, MS Office",Digital Marketing,9.15,10,10,Sales Assistant
Bachelor's,Finance,"Financial Analysis, Accounting, Excel",CFA Level 1,9.26,9,8,Financial Analyst
Bachelor's,Computer Science,"Python, SQL, Machine Learning",AWS Certified,8.39,10,8,Software Engineer
Bachelor's,Business,"Data Analysis, Communication, MS Office",Google Data Analytics,7.02,9,7,Business Analyst
Master's,Computer Science,"Python, Machine Learning, SQL",AWS Certified,9.53,8,7,ML Engineer
Bachelor's,Finance,"Financial Analysis, Accounting, Excel",CFA Level 1,7.68,7,5,Financial Analyst
Master's,Computer Science,"Python, Machine Learning, Data Analysis",Google Data Analytics,8.02,6,6,Data Scientist
PhD,Science,"Communication, Research",No Certification,8.52,9,10,Professor
Bachelor's,Commerce,"Accounting, Financial Analysis, MS Office",Tally ERP,9.99,5,5,Junior Accountant
Bachelor's,Finance,"Financial Analysis, Accounting, Excel",CFA Level 1,8.62,5,6,Financial Analyst
PhD,Science,"Machine Learning, Data Analysis, Python",No Certification,9.63,6,7,Research Scientist
PhD,Science,"Communication, Research",No Certification,8.79,5,7,Professor
Intermediate,Business,"Communication, Marketing, MS Office",Digital Marketing,6.41,10,6,Sales Assistant
Master's,Computer Science,"Python, Machine Learning, Data Analysis",Google Data Analytics,9.26,8,6,Data Scientist
Bachelor's,Commerce,"Python, SQL, Data Analysis",Google Data Analytics,6.38,7,10,Data Analyst
Intermediate,Commerce,"MS Office, Communication",Tally ERP,7.9,7,5,Clerk
PhD,Science,"Communication, Research",No Certification,6.92,9,6,Professor
Master's,Computer Science,"Python, Machine Learning, Data Analysis",Google Data Analytics,9.04,9,8,Data Scientist
Bachelor's,Business,"Data Analysis, Communication, MS Office",Google Data Analytics,8.41,8,8,Business Analyst
Intermediate,Commerce,"MS Office, Communication",Tally ERP,7.48,7,8,Clerk
Intermediate,Business,"Communication, Marketing, MS Office",Digital Marketing,6.08,5,10,Sales Assistant
Master's,Computer Science,"Python, Machine Learning, SQL",AWS Certified,9.08,9,6,ML Engineer
Bachelor's,Business,"Data Analysis, Communication, MS Office",Google Data Analytics,8.04,6,8,Business Analyst
PhD,Science,"Machine Learning, Data Analysis, Python",No Certification,9.31,6,6,Research Scientist
Bachelor's,Computer Science,"Python, SQL, Machine Learning",AWS Certified,8.0,10,8,Software Engineer
Intermediate,Commerce,"MS Office, Communication",Tally ERP,9.12,8,6,Clerk
Intermediate,Business,"Communication, Marketing, MS Office",Digital Marketing,7.7,8,9,Sales Assistant
PhD,Science,"Machine Learning, Data Analysis, Python",No Certification,8.33,8,9,Research Scientist
Master's,Computer Science,"Python, Machine Learning, Data Analysis",Google Data Analytics,9.22,10,6,Data Scientist
Bachelor's,Business,"Data Analysis, Communication, MS Office",Google Data Analytics,7.59,6,6,Business Analyst
PhD,Science,"Communication, Research",No Certification,7.73,5,10,Professor
Master's,Psychology,"Counseling, Communication",Mental Health Basics,6.92,10,6,School Counselor
Intermediate,Commerce,"MS Office, Communication",Tally ERP,9.71,9,10,Clerk
Bachelor's,Computer Science,"Python, SQL, Machine Learning",AWS Certified,9.41,5,10,Software Engineer
Intermediate,Business,"Communication, Marketing, MS Office",Digital Marketing,8.13,7,9,Sales Assistant
Bachelor's,Business,"Data Analysis, Communication, MS Office",Google Data Analytics,6.73,7,8,Business Analyst
Master's,Computer Science,"Python, Machine Learning, SQL",AWS Certified,7.93,9,6,ML Engineer
Bachelor's,Business,"Data Analysis, Communication, MS Office",Google Data Analytics,9.9,6,10,Business Analyst
Bachelor's,Finance,"Financial Analysis, Accounting, Excel",CFA Level 1,9.6,7,9,Financial Analyst
Bachelor's,Computer Science,"Python, SQL, Machine Learning",AWS Certified,6.38,8,5,Software Engineer
Master's,Computer Science,"Python, Machine Learning, Data Analysis",Google Data Analytics,7.74,10,9,Data Scientist
Bachelor's,Computer Science,"Python, SQL, Machine Learning",AWS Certified,7.98,9,6,Software Engineer
Bachelor's,Business,"Marketing, Communication, MS Office",Digital Marketing,7.43,7,6,Marketing Executive
PhD,Science,"Machine Learning, Data Analysis, Python",No Certification,6.09,10,10,Research Scientist
Bachelor's,Computer Science,"Python, SQL, Machine Learning",AWS Certified,7.84,7,6,Software Engineer
Intermediate,Business,"Communication, Marketing, MS Office",Digital Marketing,6.55,5,9,Sales Assistant
Intermediate,Commerce,"MS Office, Communication",No Certification,6.21,7,10,Data Entry Operator
Bachelor's,Commerce,"Accounting, Financial Analysis, MS Office",Tally ERP,8.32,5,5,Junior Accountant
Intermediate,Commerce,"MS Office, Communication",No Certification,8.73,6,5,Data Entry Operator
Bachelor's,Commerce,"Python, SQL, Data Analysis",Google Data Analytics,8.49,6,6,Data Analyst
PhD,Science,"Machine Learning, Data Analysis, Python",No Certification,7.48,8,7,Research Scientist
Bachelor's,Finance,"Financial Analysis, Accounting, Excel",CFA Level 1,9.79,5,7,Financial Analyst
Intermediate,Commerce,"MS Office, Communication",No Certification,9.18,5,8,Data Entry Operator
Intermediate,Commerce,"MS Office, Communication",No Certification,6.58,6,6,Data Entry Operator
Bachelor's,Business,"Marketing, Communication, MS Office",Digital Marketing,6.52,6,5,Marketing Executive
Intermediate,Commerce,"MS Office, Communication",Tally ERP,8.48,9,7,Clerk
Intermediate,Business,"Communication, Marketing, MS Office",Digital Marketing,6.06,8,8,Sales Assistant
Master's,Psychology,"Counseling, Communication",Mental Health Basics,8.03,8,6,School Counselor
Bachelor's,Business,"Marketing, Communication, MS Office",Digital Marketing,6.34,9,6,Marketing Executive
Bachelor's,Finance,"Financial Analysis, Accounting, Excel",CFA Level 1,7.62,6,5,Financial Analyst
Intermediate,Business,"Communication, Marketing, MS Office",Digital Marketing,7.24,10,8,Sales Assistant
Bachelor's,Computer Science,"Python, SQL, Machine Learning",AWS Certified,8.98,10,9,Software Engineer
Intermediate,Business,"Communication, Marketing, MS Office",Digital Marketing,9.99,7,5,Sales Assistant
PhD,Science,"Machine Learning, Data Analysis, Python",No Certification,8.67,8,7,Research Scientist
Bachelor's,Finance,"Financial Analysis, Accounting, Excel",CFA Level 1,7.47,6,5,Financial Analyst
Master's,Computer Science,"Python, Machine Learning, SQL",AWS Certified,9.67,6,8,ML Engineer
PhD,Science,"Communication, Research",No Certification,7.96,7,6,Professor
Bachelor's,Computer Science,"Python, SQL, Machine Learning",AWS Certified,8.95,9,5,Software Engineer
Bachelor's,Commerce,"Python, SQL, Data Analysis",Google Data Analytics,8.83,8,10,Data Analyst
PhD,Science,"Machine Learning, Data Analysis, Python",No Certification,9.93,7,6,Research Scientist
Bachelor's,Business,"Data Analysis, Communication, MS Office",Google Data Analytics,7.19,8,5,Business Analyst
Bachelor's,Business,"Data Analysis, Communication, MS Office",Google Data Analytics,9.45,5,10,Business Analyst
PhD,Science,"Machine Learning, Data Analysis, Python",No Certification,7.04,6,10,Research Scientist
Bachelor's,Business,"Data Analysis, Communication, MS Office",Google Data Analytics,6.88,9,10,Business Analyst
Master's,Computer Science,"Python, Machine Learning, SQL",AWS Certified,8.67,5,5,ML Engineer
Bachelor's,Commerce,"Accounting, Financial Analysis, MS Office",Tally ERP,7.61,8,9,Junior Accountant
Bachelor's,Commerce,"Python, SQL, Data Analysis",Google Data Analytics,9.87,8,6,Data Analyst
Intermediate,Commerce,"MS Office, Communication",Tally ERP,6.99,6,8,Clerk
Bachelor's,Commerce,"Python, SQL, Data Analysis",Google Data Analytics,7.25,10,8,Data Analyst
Intermediate,Business,"Communication, Marketing, MS Office",Digital Marketing,9.44,7,7,Sales Assistant
Bachelor's,Business,"Marketing, Communication, MS Office",Digital Marketing,6.85,9,5,Marketing Executive
PhD,Science,"Machine Learning, Data Analysis, Python",No Certification,8.88,9,10,Research Scientist
Bachelor's,Business,"Data Analysis, Communication, MS Office",Google Data Analytics,8.45,5,5,Business Analyst
Intermediate,Commerce,"MS Office, Communication",Tally ERP,7.91,6,6,Clerk
Bachelor's,Business,"Marketing, Communication, MS Office",Digital Marketing,9.94,6,7,Marketing Executive
Bachelor's,Business,"Data Analysis, Communication, MS Office",Google Data Analytics,9.23,5,6,Business Analyst
Bachelor's,Finance,"Financial Analysis, Accounting, Excel",CFA Level 1,9.64,8,8,Financial Analyst
Bachelor's,Business,"Data Analysis, Communication, MS Office",Google Data Analytics,7.9,7,6,Business Analyst
PhD,Science,"Communication, Research",No Certification,8.29,5,10,Professor
Master's,Computer Science,"Python, Machine Learning, Data Analysis",Google Data Analytics,7.28,8,5,Data Scientist
Bachelor's,Computer Science,"Python, SQL, Machine Learning",AWS Certified,6.41,5,6,Software Engineer
Bachelor's,Computer Science,"Python, SQL, Machine Learning",AWS Certified,9.57,9,9,Software Engineer
Master's,Computer Science,"Python, Machine Learning, SQL",AWS Certified,8.62,10,10,ML Engineer
Intermediate,Commerce,"MS Office, Communication",No Certification,8.15,5,6,Data Entry Operator
Bachelor's,Commerce,"Accounting, Financial Analysis, MS Office",Tally ERP,7.92,6,10,Junior Accountant
PhD,Science,"Machine Learning, Data Analysis, Python",No Certification,7.15,7,10,Research Scientist
Intermediate,Commerce,"MS Office, Communication",Tally ERP,9.45,9,7,Clerk
Bachelor's,Business,"Marketing, Communication, MS Office",Digital Marketing,8.79,7,10,Marketing Executive
Intermediate,Business,"Communication, Marketing, MS Office",Digital Marketing,8.9,5,8,Sales Assistant
Bachelor's,Finance,"Financial Analysis, Accounting, Excel",CFA Level 1,9.18,8,7,Financial Analyst
Intermediate,Business,"Communication, Marketing, MS Office",Digital Marketing,9.42,5,10,Sales Assistant
Bachelor's,Business,"Data Analysis, Communication, MS Office",Google Data Analytics,8.69,7,10,Business Analyst
Intermediate,Commerce,"MS Office, Communication",No Certification,8.47,9,5,Data Entry Operator
Bachelor's,Business,"Marketing, Communication, MS Office",Digital Marketing,6.32,7,10,Marketing Executive
Intermediate,Business,"Communication, Marketing, MS Office",Digital Marketing,9.9,8,7,Sales Assistant
Bachelor's,Computer Science,"Python, SQL, Machine Learning",AWS Certified,7.9,6,9,Software Engineer
PhD,Science,"Communication, Research",No Certification,9.96,10,6,Professor
Master's,Computer Science,"Python, Machine Learning, Data Analysis",Google Data Analytics,9.3,6,7,Data Scientist
Bachelor's,Business,"Data Analysis, Communication, MS Office",Google Data Analytics,7.19,6,10,Business Analyst
Intermediate,Business,"Communication, Marketing, MS Office",Digital Marketing,6.27,9,8,Sales Assistant
Intermediate,Commerce,"MS Office, Communication",No Certification,6.07,9,7,Data Entry Operator
Master's,Computer Science,"Python, Machine Learning, SQL",AWS Certified,7.43,9,7,ML Engineer
Intermediate,Commerce,"MS Office, Communication",No Certification,9.37,9,10,Data Entry Operator
Master's,Computer Science,"Python, Machine Learning, Data Analysis",Google Data Analytics,8.72,7,10,Data Scientist
Bachelor's,Commerce,"Python, SQL, Data Analysis",Google Data Analytics,6.52,6,7,Data Analyst
Bachelor's,Commerce,"Accounting, Financial Analysis, MS Office",Tally ERP,6.2,9,9,Junior Accountant
Bachelor's,Business,"Marketing, Communication, MS Office",Digital Marketing,8.27,6,7,Marketing Executive
Master's,Computer Science,"Python, Machine Learning, SQL",AWS Certified,9.44,7,9,ML Engineer
Bachelor's,Business,"Data Analysis, Communication, MS Office",Google Data Analytics,6.39,9,6,Business Analyst
Bachelor's,Commerce,"Python, SQL, Data Analysis",Google Data Analytics,9.7,5,6,Data Analyst
Master's,Computer Science,"Python, Machine Learning, SQL",AWS Certified,7.75,6,10,ML Engineer
Bachelor's,Finance,"Financial Analysis, Accounting, Excel",CFA Level 1,6.04,10,5,Financial Analyst
Master's,Computer Science,"Python, Machine Learning, SQL",AWS Certified,7.37,9,5,ML Engineer
Bachelor's,Computer Science,"Python, SQL, Machine Learning",AWS Certified,6.6,6,7,Software Engineer
Intermediate,Commerce,"MS Office, Communication",Tally ERP,9.23,5,9,Clerk
Bachelor's,Computer Science,"Python, SQL, Machine Learning",AWS Certified,9.84,10,10,Software Engineer
Intermediate,Commerce,"MS Office, Communication",Tally ERP,9.56,7,8,Clerk
Bachelor's,Business,"Data Analysis, Communication, MS Office",Google Data Analytics,6.37,9,9,Business Analyst
Intermediate,Business,"Communication, Marketing, MS Office",Digital Marketing,7.59,6,9,Sales Assistant
Intermediate,Commerce,"MS Office, Communication",No Certification,6.14,5,10,Data Entry Operator
Bachelor's,Finance,"Financial Analysis, Accounting, Excel",CFA Level 1,8.34,8,9,Financial Analyst
Bachelor's,Finance,"Financial Analysis, Accounting, Excel",CFA Level 1,9.27,8,6,Financial Analyst
Intermediate,Commerce,"MS Office, Communication",Tally ERP,7.67,9,5,Clerk
Bachelor's,Business,"Marketing, Communication, MS Office",Digital Marketing,6.14,10,9,Marketing Executive
Master's,Psychology,"Counseling, Communication",Mental Health Basics,6.34,7,10,School Counselor
Master's,Computer Science,"Python, Machine Learning, SQL",AWS Certified,8.98,5,7,ML Engineer
Master's,Computer Science,"Python, Machine Learning, SQL",AWS Certified,6.99,5,7,ML Engineer
Master's,Psychology,"Counseling, Communication",Mental Health Basics,7.88,9,7,School Counselor
Master's,Computer Science,"Python, Machine Learning, SQL",AWS Certified,6.57,7,7,ML Engineer
Intermediate,Business,"Communication, Marketing, MS Office",Digital Marketing,6.48,5,8,Sales Assistant
Intermediate,Business,"Communication, Marketing, MS Office",Digital Marketing,7.66,6,10,Sales Assistant
Bachelor's,Finance,"Financial Analysis, Accounting, Excel",CFA Level 1,7.83,10,10,Financial Analyst
Intermediate,Business,"Communication, Marketing, MS Office",Digital Marketing,6.67,9,8,Sales Assistant
Bachelor's,Computer Science,"Python, SQL, Machine Learning",AWS Certified,9.87,5,10,Software Engineer
Master's,Computer Science,"Python, Machine Learning, SQL",AWS Certified,8.1,9,8,ML Engineer
Master's,Psychology,"Counseling, Communication",Mental Health Basics,7.02,7,10,School Counselor
Bachelor's,Commerce,"Python, SQL, Data Analysis",Google Data Analytics,6.22,9,8,Data Analyst
Bachelor's,Computer Science,"Python, SQL, Machine Learning",AWS Certified,7.81,8,6,Software Engineer
PhD,Science,"Machine Learning, Data Analysis, Python",No Certification,8.59,6,7,Research Scientist
Master's,Computer Science,"Python, Machine Learning, SQL",AWS Certified,7.33,6,7,ML Engineer
Bachelor's,Computer Science,"Python, SQL, Machine Learning",AWS Certified,8.53,8,5,Software Engineer
Bachelor's,Commerce,"Python, SQL, Data Analysis",Google Data Analytics,8.66,5,5,Data Analyst
PhD,Science,"Communication, Research",No Certification,9.22,10,5,Professor
Bachelor's,Commerce,"Python, SQL, Data Analysis",Google Data Analytics,6.36,10,5,Data Analyst
Bachelor's,Finance,"Financial Analysis, Accounting, Excel",CFA Level 1,8.16,8,10,Financial Analyst
Bachelor's,Business,"Data Analysis, Communication, MS Office",Google Data Analytics,9.03,9,8,Business Analyst
Intermediate,Commerce,"MS Office, Communication",Tally ERP,7.41,7,9,Clerk
Bachelor's,Business,"Marketing, Communication, MS Office",Digital Marketing,7.89,5,7,Marketing Executive
Bachelor's,Finance,"Financial Analysis, Accounting, Excel",CFA Level 1,9.27,7,9,Financial Analyst
Intermediate,Business,"Communication, Marketing, MS Office",Digital Marketing,7.48,7,9,Sales Assistant
Master's,Psychology,"Counseling, Communication",Mental Health Basics,9.27,10,8,School Counselor
Master's,Computer Science,"Python, Machine Learning, Data Analysis",Google Data Analytics,7.6,5,7,Data Scientist
Intermediate,Business,"Communication, Marketing, MS Office",Digital Marketing,7.92,9,5,Sales Assistant
Bachelor's,Finance,"Financial Analysis, Accounting, Excel",CFA Level 1,9.73,5,9,Financial Analyst
Bachelor's,Computer Science,"Python, SQL, Machine Learning",AWS Certified,8.02,6,7,Software Engineer
Master's,Computer Science,"Python, Machine Learning, SQL",AWS Certified,8.86,10,8,ML Engineer
Master's,Psychology,"Counseling, Communication",Mental Health Basics,9.59,5,8,School Counselor
Bachelor's,Business,"Data Analysis, Communication, MS Office",Google Data Analytics,7.13,9,10,Business Analyst
Bachelor's,Computer Science,"Python, SQL, Machine Learning",AWS Certified,9.59,6,7,Software Engineer
PhD,Science,"Machine Learning, Data Analysis, Python",No Certification,7.97,8,7,Research Scientist
Bachelor's,Finance,"Financial Analysis, Accounting, Excel",CFA Level 1,6.45,9,8,Financial Analyst
PhD,Science,"Communication, Research",No Certification,9.29,10,10,Professor
Master's,Psychology,"Counseling, Communication",Mental Health Basics,8.03,10,6,School Counselor
Intermediate,Commerce,"MS Office, Communication",Tally ERP,7.65,7,8,Clerk
Master's,Computer Science,"Python, Machine Learning, Data Analysis",Google Data Analytics,6.45,6,8,Data Scientist
PhD,Science,"Communication, Research",No Certification,6.18,9,10,Professor
PhD,Science,"Communication, Research",No Certification,6.24,7,5,Professor
Bachelor's,Commerce,"Python, SQL, Data Analysis",Google Data Analytics,7.76,8,6,Data Analyst
Intermediate,Commerce,"MS Office, Communication",No Certification,9.19,8,6,Data Entry Operator
Intermediate,Commerce,"MS Office, Communication",No Certification,9.59,9,5,Data Entry Operator
Bachelor's,Finance,"Financial Analysis, Accounting, Excel",CFA Level 1,8.82,7,7,Financial Analyst
Intermediate,Commerce,"MS Office, Communication",No Certification,7.04,10,5,Data Entry Operator
Intermediate,Commerce,"MS Office, Communication",No Certification,9.95,9,9,Data Entry Operator
Bachelor's,Computer Science,"Python, SQL, Machine Learning",AWS Certified,9.22,7,8,Software Engineer
Bachelor's,Business,"Marketing, Communication, MS Office",Digital Marketing,8.86,6,7,Marketing Executive
Master's,Computer Science,"Python, Machine Learning, Data Analysis",Google Data Analytics,8.2,6,5,Data Scientist
Master's,Computer Science,"Python, Machine Learning, SQL",AWS Certified,7.89,7,9,ML Engineer
PhD,Science,"Machine Learning, Data Analysis, Python",No Certification,7.03,8,10,Research Scientist
Intermediate,Commerce,"MS Office, Communication",Tally ERP,8.21,9,6,Clerk
PhD,Science,"Machine Learning, Data Analysis, Python",No Certification,7.44,10,10,Research Scientist
Intermediate,Commerce,"MS Office, Communication",Tally ERP,9.96,8,6,Clerk
Bachelor's,Commerce,"Accounting, Financial Analysis, MS Office",Tally ERP,9.14,9,8,Junior Accountant
Bachelor's,Commerce,"Python, SQL, Data Analysis",Google Data Analytics,7.09,10,7,Data Analyst
Bachelor's,Computer Science,"Python, SQL, Machine Learning",AWS Certified,8.39,6,9,Software Engineer
Bachelor's,Computer Science,"Python, SQL, Machine Learning",AWS Certified,7.72,9,8,Software Engineer
Bachelor's,Computer Science,"Python, SQL, Machine Learning",AWS Certified,6.69,8,9,Software Engineer
PhD,Science,"Communication, Research",No Certification,9.18,5,10,Professor
Master's,Psychology,"Counseling, Communication",Mental Health Basics,9.31,5,5,School Counselor
Intermediate,Commerce,"MS Office, Communication",Tally ERP,8.39,9,9,Clerk
Bachelor's,Commerce,"Accounting, Financial Analysis, MS Office",Tally ERP,7.9,8,6,Junior Accountant
Master's,Psychology,"Counseling, Communication",Mental Health Basics,6.66,9,10,School Counselor
Bachelor's,Finance,"Financial Analysis, Accounting, Excel",CFA Level 1,9.12,6,7,Financial Analyst
PhD,Science,"Communication, Research",No Certification,7.83,5,10,Professor
Intermediate,Commerce,"MS Office, Communication",No Certification,9.5,5,6,Data Entry Operator
Master's,Computer Science,"Python, Machine Learning, Data Analysis",Google Data Analytics,7.82,7,8,Data Scientist
PhD,Science,"Machine Learning, Data Analysis, Python",No Certification,9.12,10,6,Research Scientist
Bachelor's,Commerce,"Python, SQL, Data Analysis",Google Data Analytics,8.9,5,5,Data Analyst
Master's,Computer Science,"Python, Machine Learning, Data Analysis",Google Data Analytics,7.5,8,8,Data Scientist
Master's,Computer Science,"Python, Machine Learning, SQL",AWS Certified,9.41,6,7,ML Engineer
Master's,Computer Science,"Python, Machine Learning, Data Analysis",Google Data Analytics,9.75,8,8,Data Scientist
PhD,Science,"Communication, Research",No Certification,9.34,5,10,Professor
PhD,Science,"Communication, Research",No Certification,6.22,7,8,Professor
PhD,Science,"Communication, Research",No Certification,8.39,10,10,Professor
Bachelor's,Finance,"Financial Analysis, Accounting, Excel",CFA Level 1,7.24,9,5,Financial Analyst
Master's,Computer Science,"Python, Machine Learning, SQL",AWS Certified,7.06,7,10,ML Engineer
Bachelor's,Business,"Data Analysis, Communication, MS Office",Google Data Analytics,6.26,9,7,Business Analyst
Bachelor's,Finance,"Financial Analysis, Accounting, Excel",CFA Level 1,7.94,5,10,Financial Analyst
PhD,Science,"Communication, Research",No Certification,6.67,10,6,Professor
Intermediate,Business,"Communication, Marketing, MS Office",Digital Marketing,6.44,6,10,Sales Assistant
Intermediate,Commerce,"MS Office, Communication",No Certification,9.21,10,7,Data Entry Operator
Master's,Computer Science,"Python, Machine Learning, Data Analysis",Google Data Analytics,7.23,6,9,Data Scientist
Bachelor's,Business,"Marketing, Communication, MS Office",Digital Marketing,7.8,5,6,Marketing Executive
Intermediate,Commerce,"MS Office, Communication",Tally ERP,6.49,10,9,Clerk
Master's,Psychology,"Counseling, Communication",Mental Health Basics,7.27,10,9,School Counselor
Master's,Computer Science,"Python, Machine Learning, Data Analysis",Google Data Analytics,9.16,5,8,Data Scientist
Intermediate,Business,"Communication, Marketing, MS Office",Digital Marketing,8.3,7,6,Sales Assistant
Intermediate,Business,"Communication, Marketing, MS Office",Digital Marketing,8.86,6,8,Sales Assistant
Master's,Computer Science,"Python, Machine Learning, SQL",AWS Certified,7.43,6,10,ML Engineer
PhD,Science,"Machine Learning, Data Analysis, Python",No Certification,6.18,9,8,Research Scientist
Master's,Computer Science,"Python, Machine Learning, Data Analysis",Google Data Analytics,7.47,9,9,Data Scientist
PhD,Science,"Machine Learning, Data Analysis, Python",No Certification,8.23,9,7,Research Scientist
Bachelor's,Business,"Data Analysis, Communication, MS Office",Google Data Analytics,9.43,7,6,Business Analyst
Bachelor's,Finance,"Financial Analysis, Accounting, Excel",CFA Level 1,7.47,9,5,Financial Analyst
PhD,Science,"Communication, Research",No Certification,8.32,7,10,Professor
Bachelor's,Commerce,"Python, SQL, Data Analysis",Google Data Analytics,8.92,8,8,Data Analyst
Bachelor's,Business,"Data Analysis, Communication, MS Office",Google Data Analytics,6.89,7,5,Business Analyst
Master's,Computer Science,"Python, Machine Learning, Data Analysis",Google Data Analytics,6.67,9,7,Data Scientist
Bachelor's,Commerce,"Accounting, Financial Analysis, MS Office",Tally ERP,9.16,9,7,Junior Accountant
Intermediate,Commerce,"MS Office, Communication",Tally ERP,8.55,7,5,Clerk
Bachelor's,Commerce,"Accounting, Financial Analysis, MS Office",Tally ERP,8.79,10,8,Junior Accountant
Intermediate,Business,"Communication, Marketing, MS Office",Digital Marketing,9.99,9,6,Sales Assistant
PhD,Science,"Communication, Research",No Certification,7.71,6,10,Professor
Bachelor's,Commerce,"Python, SQL, Data Analysis",Google Data Analytics,9.09,9,9,Data Analyst
Bachelor's,Commerce,"Accounting, Financial Analysis, MS Office",Tally ERP,9.29,7,5,Junior Accountant
Bachelor's,Computer Science,"Python, SQL, Machine Learning",AWS Certified,9.94,6,6,Software Engineer
Bachelor's,Commerce,"Accounting, Financial Analysis, MS Office",Tally ERP,9.24,7,7,Junior Accountant
Master's,Psychology,"Counseling, Communication",Mental Health Basics,7.15,7,7,School Counselor
Bachelor's,Business,"Marketing, Communication, MS Office",Digital Marketing,9.51,5,8,Marketing Executive
Bachelor's,Computer Science,"Python, SQL, Machine Learning",AWS Certified,9.06,9,6,Software Engineer
Intermediate,Business,"Communication, Marketing, MS Office",Digital Marketing,8.52,7,10,Sales Assistant
Intermediate,Commerce,"MS Office, Communication",Tally ERP,8.41,7,7,Clerk
Bachelor's,Computer Science,"Python, SQL, Machine Learning",AWS Certified,6.68,9,8,Software Engineer
Intermediate,Commerce,"MS Office, Communication",Tally ERP,6.61,9,9,Clerk
Bachelor's,Finance,"Financial Analysis, Accounting, Excel",CFA Level 1,9.54,8,6,Financial Analyst
Bachelor's,Computer Science,"Python, SQL, Machine Learning",AWS Certified,6.31,10,6,Software Engineer
Bachelor's,Commerce,"Accounting, Financial Analysis, MS Office",Tally ERP,9.29,9,9,Junior Accountant
PhD,Science,"Machine Learning, Data Analysis, Python",No Certification,7.27,6,7,Research Scientist
Bachelor's,Business,"Marketing, Communication, MS Office",Digital Marketing,8.12,8,8,Marketing Executive
Intermediate,Commerce,"MS Office, Communication",No Certification,7.2,7,7,Data Entry Operator
Bachelor's,Business,"Data Analysis, Communication, MS Office",Google Data Analytics,7.66,6,6,Business Analyst
PhD,Science,"Machine Learning, Data Analysis, Python",No Certification,9.75,6,10,Research Scientist
Bachelor's,Business,"Data Analysis, Communication, MS Office",Google Data Analytics,7.5,5,6,Business Analyst
Intermediate,Business,"Communication, Marketing, MS Office",Digital Marketing,8.53,5,8,Sales Assistant
PhD,Science,"Communication, Research",No Certification,7.01,7,8,Professor
Bachelor's,Business,"Data Analysis, Communication, MS Office",Google Data Analytics,7.84,9,10,Business Analyst
Master's,Computer Science,"Python, Machine Learning, SQL",AWS Certified,8.44,6,5,ML Engineer
PhD,Science,"Machine Learning, Data Analysis, Python",No Certification,6.89,5,5,Research Scientist
Bachelor's,Business,"Marketing, Communication, MS Office",Digital Marketing,8.37,10,8,Marketing Executive
Bachelor's,Business,"Data Analysis, Communication, MS Office",Google Data Analytics,8.07,9,8,Business Analyst
Master's,Computer Science,"Python, Machine Learning, Data Analysis",Google Data Analytics,8.5,10,8,Data Scientist
Bachelor's,Finance,"Financial Analysis, Accounting, Excel",CFA Level 1,6.33,7,8,Financial Analyst
Intermediate,Commerce,"MS Office, Communication",Tally ERP,6.87,5,5,Clerk
Intermediate,Commerce,"MS Office, Communication",Tally ERP,6.24,9,7,Clerk
Bachelor's,Business,"Data Analysis, Communication, MS Office",Google Data Analytics,8.96,5,8,Business Analyst
Bachelor's,Business,"Data Analysis, Communication, MS Office",Google Data Analytics,6.51,9,6,Business Analyst
Intermediate,Business,"Communication, Marketing, MS Office",Digital Marketing,8.71,5,9,Sales Assistant
Intermediate,Business,"Communication, Marketing, MS Office",Digital Marketing,6.94,5,6,Sales Assistant
Bachelor's,Business,"Marketing, Communication, MS Office",Digital Marketing,8.67,10,9,Marketing Executive
Bachelor's,Business,"Data Analysis, Communication, MS Office",Google Data Analytics,6.53,5,7,Business Analyst
Bachelor's,Business,"Marketing, Communication, MS Office",Digital Marketing,8.74,5,10,Marketing Executive
Master's,Computer Science,"Python, Machine Learning, Data Analysis",Google Data Analytics,7.18,5,9,Data Scientist
Bachelor's,Business,"Marketing, Communication, MS Office",Digital Marketing,9.82,8,7,Marketing Executive
PhD,Science,"Machine Learning, Data Analysis, Python",No Certification,7.37,8,10,Research Scientist
Master's,Computer Science,"Python, Machine Learning, Data Analysis",Google Data Analytics,8.61,8,7,Data Scientist
PhD,Science,"Communication, Research",No Certification,6.19,9,7,Professor
Intermediate,Business,"Communication, Marketing, MS Office",Digital Marketing,8.52,5,6,Sales Assistant
Bachelor's,Business,"Marketing, Communication, MS Office",Digital Marketing,8.4,7,10,Marketing Executive
Intermediate,Business,"Communication, Marketing, MS Office",Digital Marketing,7.26,7,9,Sales Assistant
Bachelor's,Business,"Data Analysis, Communication, MS Office",Google Data Analytics,6.59,6,7,Business Analyst
Intermediate,Business,"Communication, Marketing, MS Office",Digital Marketing,7.29,6,6,Sales Assistant
Bachelor's,Business,"Data Analysis, Communication, MS Office",Google Data Analytics,8.12,6,9,Business Analyst
Intermediate,Business,"Communication, Marketing, MS Office",Digital Marketing,7.65,7,9,Sales Assistant
Bachelor's,Commerce,"Accounting, Financial Analysis, MS Office",Tally ERP,9.25,6,8,Junior Accountant
Intermediate,Commerce,"MS Office, Communication",No Certification,9.06,8,9,Data Entry Operator
Intermediate,Commerce,"MS Office, Communication",No Certification,6.35,5,7,Data Entry Operator
Master's,Computer Science,"Python, Machine Learning, Data Analysis",Google Data Analytics,6.74,7,7,Data Scientist
Intermediate,Business,"Communication, Marketing, MS Office",Digital Marketing,6.23,8,7,Sales Assistant
Master's,Computer Science,"Python, Machine Learning, SQL",AWS Certified,9.34,7,5,ML Engineer
Bachelor's,Commerce,"Accounting, Financial Analysis, MS Office",Tally ERP,9.52,10,8,Junior Accountant
Bachelor's,Commerce,"Python, SQL, Data Analysis",Google Data Analytics,8.65,6,8,Data Analyst
PhD,Science,"Machine Learning, Data Analysis, Python",No Certification,7.97,9,5,Research Scientist
Bachelor's,Business,"Data Analysis, Communication, MS Office",Google Data Analytics,6.62,5,7,Business Analyst
PhD,Science,"Machine Learning, Data Analysis, Python",No Certification,8.46,9,7,Research Scientist
PhD,Science,"Communication, Research",No Certification,7.44,8,7,Professor
Intermediate,Commerce,"MS Office, Communication",Tally ERP,9.27,10,5,Clerk
Master's,Psychology,"Counseling, Communication",Mental Health Basics,9.0,7,6,School Counselor
Intermediate,Commerce,"MS Office, Communication",Tally ERP,7.35,5,10,Clerk
Intermediate,Commerce,"MS Office, Communication",Tally ERP,8.97,9,5,Clerk
Bachelor's,Commerce,"Accounting, Financial Analysis, MS Office",Tally ERP,6.3,6,8,Junior Accountant
Bachelor's,Finance,"Financial Analysis, Accounting, Excel",CFA Level 1,9.78,6,9,Financial Analyst
Intermediate,Commerce,"MS Office, Communication",No Certification,6.99,7,6,Data Entry Operator
Bachelor's,Commerce,"Python, SQL, Data Analysis",Google Data Analytics,8.33,10,8,Data Analyst
Bachelor's,Commerce,"Python, SQL, Data Analysis",Google Data Analytics,9.29,10,8,Data Analyst
Master's,Computer Science,"Python, Machine Learning, Data Analysis",Google Data Analytics,6.66,9,6,Data Scientist
Master's,Computer Science,"Python, Machine Learning, Data Analysis",Google Data Analytics,7.04,9,6,Data Scientist
Bachelor's,Commerce,"Accounting, Financial Analysis, MS Office",Tally ERP,9.82,8,6,Junior Accountant
PhD,Science,"Communication, Research",No Certification,6.68,8,5,Professor
PhD,Science,"Communication, Research",No Certification,8.11,9,5,Professor
Intermediate,Commerce,"MS Office, Communication",No Certification,9.39,7,7,Data Entry Operator
PhD,Science,"Machine Learning, Data Analysis, Python",No Certification,9.05,6,8,Research Scientist
Intermediate,Commerce,"MS Office, Communication",No Certification,8.19,8,6,Data Entry Operator
Bachelor's,Finance,"Financial Analysis, Accounting, Excel",CFA Level 1,7.49,6,9,Financial Analyst
Bachelor's,Commerce,"Accounting, Financial Analysis, MS Office",Tally ERP,7.94,7,8,Junior Accountant
Bachelor's,Commerce,"Python, SQL, Data Analysis",Google Data Analytics,8.34,7,7,Data Analyst
Master's,Computer Science,"Python, Machine Learning, Data Analysis",Google Data Analytics,6.98,10,9,Data Scientist
Bachelor's,Commerce,"Python, SQL, Data Analysis",Google Data Analytics,7.22,5,10,Data Analyst
Bachelor's,Business,"Data Analysis, Communication, MS Office",Google Data Analytics,7.53,9,9,Business Analyst
Bachelor's,Business,"Data Analysis, Communication, MS Office",Google Data Analytics,7.87,10,10,Business Analyst
Bachelor's,Commerce,"Python, SQL, Data Analysis",Google Data Analytics,8.94,6,9,Data Analyst
Master's,Computer Science,"Python, Machine Learning, Data Analysis",Google Data Analytics,9.08,10,5,Data Scientist
Bachelor's,Commerce,"Accounting, Financial Analysis, MS Office",Tally ERP,6.82,7,5,Junior Accountant
Bachelor's,Business,"Data Analysis, Communication, MS Office",Google Data Analytics,7.33,8,10,Business Analyst
Bachelor's,Finance,"Financial Analysis, Accounting, Excel",CFA Level 1,9.26,8,9,Financial Analyst
Bachelor's,Finance,"Financial Analysis, Accounting, Excel",CFA Level 1,9.76,9,5,Financial Analyst
Bachelor's,Business,"Marketing, Communication, MS Office",Digital Marketing,8.97,8,7,Marketing Executive
Master's,Psychology,"Counseling, Communication",Mental Health Basics,9.11,10,9,School Counselor
Bachelor's,Business,"Marketing, Communication, MS Office",Digital Marketing,8.05,10,5,Marketing Executive
Master's,Computer Science,"Python, Machine Learning, SQL",AWS Certified,7.76,10,7,ML Engineer
PhD,Science,"Machine Learning, Data Analysis, Python",No Certification,6.29,9,8,Research Scientist
Master's,Psychology,"Counseling, Communication",Mental Health Basics,9.69,9,10,School Counselor
Bachelor's,Business,"Data Analysis, Communication, MS Office",Google Data Analytics,7.33,8,9,Business Analyst
Intermediate,Commerce,"MS Office, Communication",Tally ERP,9.35,5,8,Clerk
Master's,Computer Science,"Python, Machine Learning, SQL",AWS Certified,6.77,5,6,ML Engineer
PhD,Science,"Machine Learning, Data Analysis, Python",No Certification,8.89,6,7,Research Scientist
Master's,Psychology,"Counseling, Communication",Mental Health Basics,7.64,8,10,School Counselor
PhD,Science,"Communication, Research",No Certification,9.65,5,9,Professor
Bachelor's,Commerce,"Accounting, Financial Analysis, MS Office",Tally ERP,8.16,10,10,Junior Accountant
Bachelor's,Commerce,"Accounting, Financial Analysis, MS Office",Tally ERP,8.82,10,7,Junior Accountant
Bachelor's,Finance,"Financial Analysis, Accounting, Excel",CFA Level 1,6.32,9,7,Financial Analyst
PhD,Science,"Communication, Research",No Certification,8.33,10,8,Professor
Master's,Psychology,"Counseling, Communication",Mental Health Basics,7.15,10,5,School Counselor
Bachelor's,Computer Science,"Python, SQL, Machine Learning",AWS Certified,9.29,5,6,Software Engineer
Master's,Computer Science,"Python, Machine Learning, Data Analysis",Google Data Analytics,8.23,9,6,Data Scientist
PhD,Science,"Machine Learning, Data Analysis, Python",No Certification,9.5,7,10,Research Scientist
Master's,Computer Science,"Python, Machine Learning, Data Analysis",Google Data Analytics,9.99,7,9,Data Scientist
Bachelor's,Commerce,"Python, SQL, Data Analysis",Google Data Analytics,8.85,6,6,Data Analyst
Master's,Computer Science,"Python, Machine Learning, Data Analysis",Google Data Analytics,9.08,10,6,Data Scientist
PhD,Science,"Machine Learning, Data Analysis, Python",No Certification,6.99,7,9,Research Scientist
Bachelor's,Commerce,"Accounting, Financial Analysis, MS Office",Tally ERP,6.33,5,10,Junior Accountant
Intermediate,Commerce,"MS Office, Communication",No Certification,8.09,8,9,Data Entry Operator
Master's,Computer Science,"Python, Machine Learning, Data Analysis",Google Data Analytics,9.18,8,8,Data Scientist
Bachelor's,Commerce,"Python, SQL, Data Analysis",Google Data Analytics,8.13,6,7,Data Analyst
Bachelor's,Computer Science,"Python, SQL, Machine Learning",AWS Certified,8.31,9,9,Software Engineer
Intermediate,Commerce,"MS Office, Communication",Tally ERP,8.7,6,6,Clerk
Bachelor's,Commerce,"Python, SQL, Data Analysis",Google Data Analytics,7.16,9,5,Data Analyst
Intermediate,Business,"Communication, Marketing, MS Office",Digital Marketing,7.83,5,6,Sales Assistant
Bachelor's,Commerce,"Python, SQL, Data Analysis",Google Data Analytics,7.17,8,9,Data Analyst
Bachelor's,Computer Science,"Python, SQL, Machine Learning",AWS Certified,8.23,8,9,Software Engineer
Bachelor's,Commerce,"Python, SQL, Data Analysis",Google Data Analytics,7.73,6,9,Data Analyst
PhD,Science,"Machine Learning, Data Analysis, Python",No Certification,6.31,5,7,Research Scientist
Master's,Computer Science,"Python, Machine Learning, SQL",AWS Certified,8.49,7,5,ML Engineer
Bachelor's,Commerce,"Python, SQL, Data Analysis",Google Data Analytics,9.33,10,9,Data Analyst
Master's,Computer Science,"Python, Machine Learning, SQL",AWS Certified,7.59,7,6,ML Engineer
Master's,Computer Science,"Python, Machine Learning, SQL",AWS Certified,9.54,10,8,ML Engineer
Intermediate,Commerce,"MS Office, Communication",Tally ERP,8.39,9,9,Clerk
PhD,Science,"Machine Learning, Data Analysis, Python",No Certification,9.55,6,5,Research Scientist
Bachelor's,Finance,"Financial Analysis, Accounting, Excel",CFA Level 1,6.64,6,9,Financial Analyst
Master's,Computer Science,"Python, Machine Learning, SQL",AWS Certified,9.9,8,10,ML Engineer
Master's,Computer Science,"Python, Machine Learning, Data Analysis",Google Data Analytics,7.96,6,9,Data Scientist
Bachelor's,Finance,"Financial Analysis, Accounting, Excel",CFA Level 1,9.05,10,6,Financial Analyst
Bachelor's,Commerce,"Python, SQL, Data Analysis",Google Data Analytics,9.94,6,8,Data Analyst
Bachelor's,Commerce,"Accounting, Financial Analysis, MS Office",Tally ERP,7.22,7,6,Junior Accountant
Intermediate,Business,"Communication, Marketing, MS Office",Digital Marketing,6.56,10,10,Sales Assistant
PhD,Science,"Communication, Research",No Certification,6.13,10,9,Professor
Intermediate,Business,"Communication, Marketing, MS Office",Digital Marketing,9.28,10,10,Sales Assistant
Bachelor's,Commerce,"Python, SQL, Data Analysis",Google Data Analytics,9.75,6,8,Data Analyst
Intermediate,Commerce,"MS Office, Communication",No Certification,7.08,8,5,Data Entry Operator
Bachelor's,Finance,"Financial Analysis, Accounting, Excel",CFA Level 1,6.9,10,9,Financial Analyst
Bachelor's,Business,"Marketing, Communication, MS Office",Digital Marketing,8.72,5,7,Marketing Executive
PhD,Science,"Communication, Research",No Certification,6.35,9,8,Professor
PhD,Science,"Machine Learning, Data Analysis, Python",No Certification,6.16,5,6,Research Scientist
Master's,Computer Science,"Python, Machine Learning, SQL",AWS Certified,9.92,7,8,ML Engineer
Master's,Psychology,"Counseling, Communication",Mental Health Basics,6.44,5,9,School Counselor
Intermediate,Commerce,"MS Office, Communication",No Certification,7.02,9,8,Data Entry Operator
Master's,Computer Science,"Python, Machine Learning, SQL",AWS Certified,6.53,9,5,ML Engineer
Master's,Computer Science,"Python, Machine Learning, SQL",AWS Certified,6.82,7,9,ML Engineer
Bachelor's,Business,"Marketing, Communication, MS Office",Digital Marketing,6.61,6,5,Marketing Executive
Bachelor's,Business,"Marketing, Communication, MS Office",Digital Marketing,9.06,5,9,Marketing Executive
Bachelor's,Commerce,"Python, SQL, Data Analysis",Google Data Analytics,7.06,7,6,Data Analyst
Bachelor's,Business,"Marketing, Communication, MS Office",Digital Marketing,8.09,10,9,Marketing Executive
Bachelor's,Commerce,"Python, SQL, Data Analysis",Google Data Analytics,7.2,10,6,Data Analyst
Bachelor's,Commerce,"Python, SQL, Data Analysis",Google Data Analytics,9.05,9,6,Data Analyst
Bachelor's,Finance,"Financial Analysis, Accounting, Excel",CFA Level 1,7.97,8,8,Financial Analyst
Bachelor's,Commerce,"Python, SQL, Data Analysis",Google Data Analytics,6.84,10,6,Data Analyst
Bachelor's,Computer Science,"Python, SQL, Machine Learning",AWS Certified,9.42,6,6,Software Engineer
Intermediate,Commerce,"MS Office, Communication",Tally ERP,7.47,9,9,Clerk
Master's,Psychology,"Counseling, Communication",Mental Health Basics,9.64,6,10,School Counselor
Bachelor's,Business,"Marketing, Communication, MS Office",Digital Marketing,8.72,7,9,Marketing Executive
Bachelor's,Computer Science,"Python, SQL, Machine Learning",AWS Certified,8.71,8,10,Software Engineer
Master's,Psychology,"Counseling, Communication",Mental Health Basics,8.41,9,7,School Counselor
Bachelor's,Commerce,"Accounting, Financial Analysis, MS Office",Tally ERP,6.41,7,6,Junior Accountant
PhD,Science,"Communication, Research",No Certification,8.5,5,5,Professor
Master's,Psychology,"Counseling, Communication",Mental Health Basics,8.05,5,7,School Counselor
Master's,Computer Science,"Python, Machine Learning, Data Analysis",Google Data Analytics,8.12,8,7,Data Scientist
PhD,Science,"Machine Learning, Data Analysis, Python",No Certification,7.4,5,5,Research Scientist
PhD,Science,"Communication, Research",No Certification,8.28,7,5,Professor
Intermediate,Commerce,"MS Office, Communication",No Certification,6.81,5,7,Data Entry Operator
Master's,Psychology,"Counseling, Communication",Mental Health Basics,8.78,9,6,School Counselor
Bachelor's,Business,"Marketing, Communication, MS Office",Digital Marketing,6.23,5,5,Marketing Executive
Bachelor's,Computer Science,"Python, SQL, Machine Learning",AWS Certified,8.91,7,6,Software Engineer
Bachelor's,Commerce,"Accounting, Financial Analysis, MS Office",Tally ERP,6.38,7,8,Junior Accountant
Bachelor's,Finance,"Financial Analysis, Accounting, Excel",CFA Level 1,6.01,6,8,Financial Analyst
Bachelor's,Computer Science,"Python, SQL, Machine Learning",AWS Certified,7.95,7,10,Software Engineer
PhD,Science,"Communication, Research",No Certification,6.24,9,6,Professor
PhD,Science,"Machine Learning, Data Analysis, Python",No Certification,7.62,10,6,Research Scientist
Bachelor's,Commerce,"Python, SQL, Data Analysis",Google Data Analytics,7.42,5,6,Data Analyst
Intermediate,Business,"Communication, Marketing, MS Office",Digital Marketing,8.36,5,8,Sales Assistant
Intermediate,Commerce,"MS Office, Communication",Tally ERP,7.67,6,8,Clerk
Bachelor's,Business,"Data Analysis, Communication, MS Office",Google Data Analytics,7.62,7,9,Business Analyst
PhD,Science,"Communication, Research",No Certification,8.71,9,9,Professor
Bachelor's,Computer Science,"Python, SQL, Machine Learning",AWS Certified,8.32,10,8,Software Engineer
Bachelor's,Finance,"Financial Analysis, Accounting, Excel",CFA Level 1,9.4,7,8,Financial Analyst
Intermediate,Business,"Communication, Marketing, MS Office",Digital Marketing,7.1,10,6,Sales Assistant
Intermediate,Commerce,"MS Office, Communication",No Certification,7.99,6,10,Data Entry Operator
Intermediate,Commerce,"MS Office, Communication",No Certification,8.97,6,7,Data Entry Operator
Bachelor's,Commerce,"Python, SQL, Data Analysis",Google Data Analytics,8.08,10,9,Data Analyst
Bachelor's,Commerce,"Accounting, Financial Analysis, MS Office",Tally ERP,7.96,8,7,Junior Accountant
Intermediate,Commerce,"MS Office, Communication",No Certification,6.61,7,8,Data Entry Operator
Intermediate,Business,"Communication, Marketing, MS Office",Digital Marketing,9.53,10,9,Sales Assistant
PhD,Science,"Machine Learning, Data Analysis, Python",No Certification,8.47,5,8,Research Scientist
Bachelor's,Business,"Marketing, Communication, MS Office",Digital Marketing,7.44,9,8,Marketing Executive
Intermediate,Commerce,"MS Office, Communication",Tally ERP,6.02,9,5,Clerk
Bachelor's,Business,"Marketing, Communication, MS Office",Digital Marketing,9.68,8,5,Marketing Executive
PhD,Science,"Communication, Research",No Certification,7.46,8,9,Professor
Intermediate,Commerce,"MS Office, Communication",No Certification,8.06,7,10,Data Entry Operator
Intermediate,Commerce,"MS Office, Communication",Tally ERP,9.84,7,9,Clerk
Intermediate,Commerce,"MS Office, Communication",No Certification,8.45,9,9,Data Entry Operator
Intermediate,Commerce,"MS Office, Communication",No Certification,6.26,5,10,Data Entry Operator
Bachelor's,Commerce,"Accounting, Financial Analysis, MS Office",Tally ERP,6.41,8,6,Junior Accountant
Bachelor's,Computer Science,"Python, SQL, Machine Learning",AWS Certified,7.4,9,10,Software Engineer
Bachelor's,Finance,"Financial Analysis, Accounting, Excel",CFA Level 1,7.25,9,10,Financial Analyst
Master's,Psychology,"Counseling, Communication",Mental Health Basics,7.06,8,10,School Counselor
Bachelor's,Finance,"Financial Analysis, Accounting, Excel",CFA Level 1,7.81,5,6,Financial Analyst
Master's,Psychology,"Counseling, Communication",Mental Health Basics,7.7,5,6,School Counselor
Intermediate,Commerce,"MS Office, Communication",No Certification,9.23,7,9,Data Entry Operator
Master's,Psychology,"Counseling, Communication",Mental Health Basics,8.75,10,5,School Counselor
Intermediate,Commerce,"MS Office, Communication",No Certification,7.39,5,8,Data Entry Operator
Intermediate,Commerce,"MS Office, Communication",Tally ERP,9.63,8,7,Clerk
Master's,Computer Science,"Python, Machine Learning, SQL",AWS Certified,8.86,10,9,ML Engineer
PhD,Science,"Communication, Research",No Certification,9.23,9,7,Professor
Intermediate,Commerce,"MS Office, Communication",No Certification,8.48,9,6,Data Entry Operator
Master's,Psychology,"Counseling, Communication",Mental Health Basics,8.35,5,6,School Counselor
Master's,Computer Science,"Python, Machine Learning, Data Analysis",Google Data Analytics,9.93,5,5,Data Scientist
Master's,Computer Science,"Python, Machine Learning, SQL",AWS Certified,6.45,6,5,ML Engineer
Bachelor's,Business,"Data Analysis, Communication, MS Office",Google Data Analytics,7.72,10,5,Business Analyst
Bachelor's,Business,"Data Analysis, Communication, MS Office",Google Data Analytics,9.41,7,6,Business Analyst
Master's,Computer Science,"Python, Machine Learning, SQL",AWS Certified,6.88,5,9,ML Engineer
Master's,Computer Science,"Python, Machine Learning, SQL",AWS Certified,7.39,6,10,ML Engineer
Master's,Psychology,"Counseling, Communication",Mental Health Basics,6.21,10,9,School Counselor
Bachelor's,Commerce,"Accounting, Financial Analysis, MS Office",Tally ERP,6.13,9,8,Junior Accountant
Bachelor's,Computer Science,"Python, SQL, Machine Learning",AWS Certified,6.4,7,9,Software Engineer
Bachelor's,Commerce,"Python, SQL, Data Analysis",Google Data Analytics,9.93,8,6,Data Analyst
Bachelor's,Computer Science,"Python, SQL, Machine Learning",AWS Certified,6.31,10,8,Software Engineer
Intermediate,Business,"Communication, Marketing, MS Office",Digital Marketing,9.99,10,7,Sales Assistant
Bachelor's,Business,"Marketing, Communication, MS Office",Digital Marketing,9.22,5,10,Marketing Executive
Intermediate,Commerce,"MS Office, Communication",Tally ERP,9.27,9,9,Clerk
Bachelor's,Commerce,"Accounting, Financial Analysis, MS Office",Tally ERP,9.74,6,9,Junior Accountant
Bachelor's,Commerce,"Python, SQL, Data Analysis",Google Data Analytics,8.93,8,8,Data Analyst
Intermediate,Commerce,"MS Office, Communication",Tally ERP,6.52,6,8,Clerk
Master's,Computer Science,"Python, Machine Learning, SQL",AWS Certified,7.11,9,6,ML Engineer
Master's,Psychology,"Counseling, Communication",Mental Health Basics,7.57,8,10,School Counselor
Bachelor's,Finance,"Financial Analysis, Accounting, Excel",CFA Level 1,7.52,5,10,Financial Analyst
Bachelor's,Business,"Marketing, Communication, MS Office",Digital Marketing,8.59,5,5,Marketing Executive
Intermediate,Business,"Communication, Marketing, MS Office",Digital Marketing,8.6,9,8,Sales Assistant
Intermediate,Commerce,"MS Office, Communication",Tally ERP,9.01,7,9,Clerk
Intermediate,Commerce,"MS Office, Communication",No Certification,7.52,6,9,Data Entry Operator
PhD,Science,"Machine Learning, Data Analysis, Python",No Certification,8.62,8,7,Research Scientist
Bachelor's,Computer Science,"Python, SQL, Machine Learning",AWS Certified,9.38,9,7,Software Engineer
PhD,Science,"Communication, Research",No Certification,9.69,10,8,Professor
Intermediate,Commerce,"MS Office, Communication",No Certification,9.2,10,5,Data Entry Operator
Intermediate,Business,"Communication, Marketing, MS Office",Digital Marketing,6.36,9,5,Sales Assistant
PhD,Science,"Communication, Research",No Certification,6.58,5,9,Professor
Bachelor's,Commerce,"Accounting, Financial Analysis, MS Office",Tally ERP,7.35,6,8,Junior Accountant
Bachelor's,Computer Science,"Python, SQL, Machine Learning",AWS Certified,8.7,7,6,Software Engineer
Intermediate,Commerce,"MS Office, Communication",Tally ERP,8.03,6,5,Clerk
Bachelor's,Commerce,"Accounting, Financial Analysis, MS Office",Tally ERP,9.2,10,9,Junior Accountant
Intermediate,Business,"Communication, Marketing, MS Office",Digital Marketing,9.79,7,8,Sales Assistant
Master's,Psychology,"Counseling, Communication",Mental Health Basics,9.06,7,7,School Counselor
PhD,Science,"Communication, Research",No Certification,6.77,10,9,Professor
Bachelor's,Finance,"Financial Analysis, Accounting, Excel",CFA Level 1,9.71,6,8,Financial Analyst
Intermediate,Commerce,"MS Office, Communication",Tally ERP,9.95,10,7,Clerk
Bachelor's,Business,"Marketing, Communication, MS Office",Digital Marketing,9.3,5,9,Marketing Executive
Bachelor's,Business,"Marketing, Communication, MS Office",Digital Marketing,9.29,9,10,Marketing Executive
PhD,Science,"Communication, Research",No Certification,7.61,5,7,Professor
PhD,Science,"Machine Learning, Data Analysis, Python",No Certification,9.09,9,10,Research Scientist
Intermediate,Business,"Communication, Marketing, MS Office",Digital Marketing,7.06,5,8,Sales Assistant
Bachelor's,Computer Science,"Python, SQL, Machine Learning",AWS Certified,6.11,8,10,Software Engineer
Bachelor's,Commerce,"Python, SQL, Data Analysis",Google Data Analytics,9.62,9,8,Data Analyst
Bachelor's,Business,"Marketing, Communication, MS Office",Digital Marketing,8.31,6,6,Marketing Executive
PhD,Science,"Machine Learning, Data Analysis, Python",No Certification,9.97,10,6,Research Scientist
Bachelor's,Commerce,"Python, SQL, Data Analysis",Google Data Analytics,9.24,5,9,Data Analyst
Bachelor's,Commerce,"Python, SQL, Data Analysis",Google Data Analytics,6.36,6,10,Data Analyst
Intermediate,Commerce,"MS Office, Communication",No Certification,7.99,5,5,Data Entry Operator
Bachelor's,Commerce,"Accounting, Financial Analysis, MS Office",Tally ERP,8.1,6,10,Junior Accountant
Intermediate,Commerce,"MS Office, Communication",Tally ERP,6.68,10,9,Clerk
Intermediate,Commerce,"MS Office, Communication",Tally ERP,9.17,8,7,Clerk
Bachelor's,Computer Science,"Python, SQL, Machine Learning",AWS Certified,8.15,9,10,Software Engineer
Bachelor's,Commerce,"Python, SQL, Data Analysis",Google Data Analytics,6.49,9,10,Data Analyst
Bachelor's,Commerce,"Python, SQL, Data Analysis",Google Data Analytics,8.51,5,7,Data Analyst
PhD,Science,"Communication, Research",No Certification,6.1,7,6,Professor
Intermediate,Commerce,"MS Office, Communication",Tally ERP,6.8,10,5,Clerk
Bachelor's,Business,"Data Analysis, Communication, MS Office",Google Data Analytics,7.51,6,6,Business Analyst
Bachelor's,Commerce,"Accounting, Financial Analysis, MS Office",Tally ERP,6.06,9,8,Junior Accountant
Master's,Psychology,"Counseling, Communication",Mental Health Basics,6.79,7,10,School Counselor
PhD,Science,"Machine Learning, Data Analysis, Python",No Certification,8.08,9,6,Research Scientist
Master's,Psychology,"Counseling, Communication",Mental Health Basics,9.49,6,5,School Counselor
PhD,Science,"Machine Learning, Data Analysis, Python",No Certification,7.75,7,9,Research Scientist
Master's,Computer Science,"Python, Machine Learning, Data Analysis",Google Data Analytics,8.19,8,10,Data Scientist
Intermediate,Business,"Communication, Marketing, MS Office",Digital Marketing,6.7,9,5,Sales Assistant
Master's,Computer Science,"Python, Machine Learning, Data Analysis",Google Data Analytics,7.45,10,7,Data Scientist
Bachelor's,Business,"Marketing, Communication, MS Office",Digital Marketing,6.93,7,8,Marketing Executive
Bachelor's,Commerce,"Python, SQL, Data Analysis",Google Data Analytics,8.64,8,10,Data Analyst
Bachelor's,Business,"Data Analysis, Communication, MS Office",Google Data Analytics,8.67,5,5,Business Analyst
Bachelor's,Commerce,"Accounting, Financial Analysis, MS Office",Tally ERP,6.11,9,8,Junior Accountant
PhD,Science,"Machine Learning, Data Analysis, Python",No Certification,6.67,9,5,Research Scientist
Bachelor's,Computer Science,"Python, SQL, Machine Learning",AWS Certified,6.22,7,8,Software Engineer
Intermediate,Commerce,"MS Office, Communication",Tally ERP,7.04,10,6,Clerk
Bachelor's,Commerce,"Python, SQL, Data Analysis",Google Data Analytics,9.75,8,6,Data Analyst
Intermediate,Commerce,"MS Office, Communication",Tally ERP,7.62,10,6,Clerk
PhD,Science,"Communication, Research",No Certification,8.79,5,5,Professor
Bachelor's,Commerce,"Accounting, Financial Analysis, MS Office",Tally ERP,6.01,7,10,Junior Accountant
Bachelor's,Business,"Data Analysis, Communication, MS Office",Google Data Analytics,8.74,10,8,Business Analyst
Intermediate,Business,"Communication, Marketing, MS Office",Digital Marketing,9.62,5,9,Sales Assistant
Intermediate,Business,"Communication, Marketing, MS Office",Digital Marketing,8.65,9,10,Sales Assistant
Bachelor's,Business,"Marketing, Communication, MS Office",Digital Marketing,9.66,7,6,Marketing Executive
Intermediate,Commerce,"MS Office, Communication",No Certification,7.17,6,10,Data Entry Operator
Master's,Computer Science,"Python, Machine Learning, SQL",AWS Certified,6.86,8,8,ML Engineer
PhD,Science,"Communication, Research",No Certification,6.31,9,8,Professor
Intermediate,Commerce,"MS Office, Communication",Tally ERP,9.47,8,10,Clerk
PhD,Science,"Machine Learning, Data Analysis, Python",No Certification,8.08,8,7,Research Scientist
Bachelor's,Computer Science,"Python, SQL, Machine Learning",AWS Certified,7.68,10,9,Software Engineer
PhD,Science,"Machine Learning, Data Analysis, Python",No Certification,6.22,8,6,Research Scientist
Master's,Psychology,"Counseling, Communication",Mental Health Basics,8.45,6,7,School Counselor
Bachelor's,Commerce,"Python, SQL, Data Analysis",Google Data Analytics,8.12,10,10,Data Analyst
Master's,Computer Science,"Python, Machine Learning, Data Analysis",Google Data Analytics,7.96,6,10,Data Scientist
Bachelor's,Commerce,"Python, SQL, Data Analysis",Google Data Analytics,6.65,5,5,Data Analyst
Intermediate,Commerce,"MS Office, Communication",No Certification,7.78,5,5,Data Entry Operator
Bachelor's,Computer Science,"Python, SQL, Machine Learning",AWS Certified,8.78,9,9,Software Engineer
Intermediate,Commerce,"MS Office, Communication",No Certification,9.62,5,5,Data Entry Operator
Master's,Computer Science,"Python, Machine Learning, SQL",AWS Certified,9.21,5,6,ML Engineer
Intermediate,Business,"Communication, Marketing, MS Office",Digital Marketing,7.26,8,7,Sales Assistant
Bachelor's,Business,"Data Analysis, Communication, MS Office",Google Data Analytics,9.09,9,9,Business Analyst
Bachelor's,Computer Science,"Python, SQL, Machine Learning",AWS Certified,8.07,10,5,Software Engineer
PhD,Science,"Communication, Research",No Certification,8.0,7,6,Professor
Master's,Computer Science,"Python, Machine Learning, SQL",AWS Certified,6.05,5,7,ML Engineer
Master's,Computer Science,"Python, Machine Learning, Data Analysis",Google Data Analytics,7.27,10,6,Data Scientist
Master's,Psychology,"Counseling, Communication",Mental Health Basics,9.92,8,9,School Counselor
Bachelor's,Business,"Marketing, Communication, MS Office",Digital Marketing,7.09,8,10,Marketing Executive
PhD,Science,"Communication, Research",No Certification,9.83,9,7,Professor
Intermediate,Commerce,"MS Office, Communication",No Certification,9.97,5,10,Data Entry Operator
Bachelor's,Finance,"Financial Analysis, Accounting, Excel",CFA Level 1,6.55,9,10,Financial Analyst
PhD,Science,"Communication, Research",No Certification,6.69,9,6,Professor
Bachelor's,Commerce,"Accounting, Financial Analysis, MS Office",Tally ERP,8.76,8,5,Junior Accountant
PhD,Science,"Communication, Research",No Certification,6.2,7,9,Professor
Master's,Psychology,"Counseling, Communication",Mental Health Basics,9.26,5,10,School Counselor
Master's,Psychology,"Counseling, Communication",Mental Health Basics,7.35,9,5,School Counselor
Bachelor's,Commerce,"Python, SQL, Data Analysis",Google Data Analytics,8.24,6,10,Data Analyst
Intermediate,Commerce,"MS Office, Communication",Tally ERP,6.4,5,5,Clerk
Bachelor's,Business,"Marketing, Communication, MS Office",Digital Marketing,6.86,7,6,Marketing Executive
PhD,Science,"Machine Learning, Data Analysis, Python",No Certification,6.39,8,6,Research Scientist
Master's,Computer Science,"Python, Machine Learning, SQL",AWS Certified,7.5,10,6,ML Engineer
Bachelor's,Computer Science,"Python, SQL, Machine Learning",AWS Certified,9.93,5,9,Software Engineer
PhD,Science,"Machine Learning, Data Analysis, Python",No Certification,7.22,5,7,Research Scientist
Intermediate,Commerce,"MS Office, Communication",No Certification,9.06,9,7,Data Entry Operator
Intermediate,Commerce,"MS Office, Communication",Tally ERP,9.71,7,9,Clerk
Bachelor's,Business,"Marketing, Communication, MS Office",Digital Marketing,6.58,6,5,Marketing Executive
PhD,Science,"Machine Learning, Data Analysis, Python",No Certification,9.83,7,8,Research Scientist
Master's,Computer Science,"Python, Machine Learning, SQL",AWS Certified,7.33,9,7,ML Engineer
PhD,Science,"Communication, Research",No Certification,8.96,9,10,Professor
Master's,Computer Science,"Python, Machine Learning, Data Analysis",Google Data Analytics,6.02,9,7,Data Scientist
Intermediate,Commerce,"MS Office, Communication",Tally ERP,7.37,10,8,Clerk
PhD,Science,"Machine Learning, Data Analysis, Python",No Certification,9.93,7,8,Research Scientist
Bachelor's,Commerce,"Python, SQL, Data Analysis",Google Data Analytics,8.93,10,6,Data Analyst
Bachelor's,Finance,"Financial Analysis, Accounting, Excel",CFA Level 1,9.64,10,8,Financial Analyst
Intermediate,Commerce,"MS Office, Communication",No Certification,7.26,10,7,Data Entry Operator
Bachelor's,Computer Science,"Python, SQL, Machine Learning",AWS Certified,9.69,8,6,Software Engineer
Bachelor's,Finance,"Financial Analysis, Accounting, Excel",CFA Level 1,6.25,5,7,Financial Analyst
PhD,Science,"Machine Learning, Data Analysis, Python",No Certification,9.23,5,5,Research Scientist
Intermediate,Commerce,"MS Office, Communication",Tally ERP,9.12,7,9,Clerk
Bachelor's,Business,"Marketing, Communication, MS Office",Digital Marketing,7.07,8,8,Marketing Executive
Master's,Computer Science,"Python, Machine Learning, Data Analysis",Google Data Analytics,8.13,7,6,Data Scientist
Bachelor's,Commerce,"Accounting, Financial Analysis, MS Office",Tally ERP,6.37,5,5,Junior Accountant
Master's,Computer Science,"Python, Machine Learning, Data Analysis",Google Data Analytics,8.41,8,10,Data Scientist
Intermediate,Commerce,"MS Office, Communication",No Certification,6.13,9,5,Data Entry Operator
Intermediate,Commerce,"MS Office, Communication",No Certification,7.94,7,9,Data Entry Operator
Bachelor's,Finance,"Financial Analysis, Accounting, Excel",CFA Level 1,8.83,6,10,Financial Analyst
PhD,Science,"Communication, Research",No Certification,6.78,10,9,Professor
PhD,Science,"Communication, Research",No Certification,7.75,5,7,Professor
Intermediate,Business,"Communication, Marketing, MS Office",Digital Marketing,9.8,7,6,Sales Assistant
Bachelor's,Business,"Marketing, Communication, MS Office",Digital Marketing,9.3,6,5,Marketing Executive
Master's,Computer Science,"Python, Machine Learning, Data Analysis",Google Data Analytics,8.48,10,9,Data Scientist
Bachelor's,Commerce,"Python, SQL, Data Analysis",Google Data Analytics,9.17,9,9,Data Analyst
Master's,Computer Science,"Python, Machine Learning, SQL",AWS Certified,9.7,5,6,ML Engineer
Bachelor's,Business,"Data Analysis, Communication, MS Office",Google Data Analytics,6.45,9,9,Business Analyst
Intermediate,Commerce,"MS Office, Communication",Tally ERP,9.39,5,10,Clerk
Bachelor's,Finance,"Financial Analysis, Accounting, Excel",CFA Level 1,6.14,6,10,Financial Analyst
Intermediate,Business,"Communication, Marketing, MS Office",Digital Marketing,6.28,10,8,Sales Assistant
Bachelor's,Computer Science,"Python, SQL, Machine Learning",AWS Certified,7.98,8,9,Software Engineer
Bachelor's,Business,"Marketing, Communication, MS Office",Digital Marketing,6.01,5,6,Marketing Executive
Bachelor's,Finance,"Financial Analysis, Accounting, Excel",CFA Level 1,8.48,7,6,Financial Analyst
PhD,Science,"Communication, Research",No Certification,9.16,5,6,Professor
Master's,Computer Science,"Python, Machine Learning, Data Analysis",Google Data Analytics,9.01,5,5,Data Scientist
Master's,Computer Science,"Python, Machine Learning, SQL",AWS Certified,7.59,9,9,ML Engineer
Master's,Computer Science,"Python, Machine Learning, SQL",AWS Certified,6.8,5,9,ML Engineer
Intermediate,Commerce,"MS Office, Communication",No Certification,8.24,5,6,Data Entry Operator
PhD,Science,"Communication, Research",No Certification,6.16,7,8,Professor
Intermediate,Commerce,"MS Office, Communication",No Certification,8.85,6,8,Data Entry Operator
PhD,Science,"Communication, Research",No Certification,6.65,9,5,Professor
Bachelor's,Commerce,"Accounting, Financial Analysis, MS Office",Tally ERP,6.04,10,6,Junior Accountant
Intermediate,Commerce,"MS Office, Communication",No Certification,9.54,5,9,Data Entry Operator
Intermediate,Commerce,"MS Office, Communication",Tally ERP,9.5,7,7,Clerk
Bachelor's,Business,"Data Analysis, Communication, MS Office",Google Data Analytics,8.76,5,8,Business Analyst
Bachelor's,Business,"Marketing, Communication, MS Office",Digital Marketing,9.37,9,9,Marketing Executive
Bachelor's,Commerce,"Python, SQL, Data Analysis",Google Data Analytics,7.36,8,5,Data Analyst
Bachelor's,Business,"Marketing, Communication, MS Office",Digital Marketing,8.69,6,5,Marketing Executive
Intermediate,Commerce,"MS Office, Communication",No Certification,6.0,10,8,Data Entry Operator
Master's,Computer Science,"Python, Machine Learning, Data Analysis",Google Data Analytics,8.7,8,8,Data Scientist
Master's,Psychology,"Counseling, Communication",Mental Health Basics,9.81,6,7,School Counselor
Bachelor's,Business,"Data Analysis, Communication, MS Office",Google Data Analytics,8.66,8,6,Business Analyst
Bachelor's,Commerce,"Python, SQL, Data Analysis",Google Data Analytics,8.12,6,7,Data Analyst
Master's,Computer Science,"Python, Machine Learning, SQL",AWS Certified,8.61,8,10,ML Engineer
Bachelor's,Computer Science,"Python, SQL, Machine Learning",AWS Certified,7.54,9,9,Software Engineer
Master's,Computer Science,"Python, Machine Learning, SQL",AWS Certified,8.41,6,9,ML Engineer
Bachelor's,Commerce,"Accounting, Financial Analysis, MS Office",Tally ERP,9.77,10,9,Junior Accountant
PhD,Science,"Machine Learning, Data Analysis, Python",No Certification,7.8,9,9,Research Scientist
Bachelor's,Business,"Marketing, Communication, MS Office",Digital Marketing,6.79,9,9,Marketing Executive
Master's,Computer Science,"Python, Machine Learning, SQL",AWS Certified,9.0,6,9,ML Engineer
PhD,Science,"Machine Learning, Data Analysis, Python",No Certification,8.2,9,10,Research Scientist
Bachelor's,Computer Science,"Python, SQL, Machine Learning",AWS Certified,7.34,6,7,Software Engineer
Bachelor's,Business,"Data Analysis, Communication, MS Office",Google Data Analytics,7.34,10,8,Business Analyst
Bachelor's,Business,"Data Analysis, Communication, MS Office",Google Data Analytics,9.03,9,7,Business Analyst
PhD,Science,"Communication, Research",No Certification,6.88,7,6,Professor
Bachelor's,Commerce,"Accounting, Financial Analysis, MS Office",Tally ERP,6.27,7,6,Junior Accountant
Intermediate,Commerce,"MS Office, Communication",No Certification,8.13,7,8,Data Entry Operator
Bachelor's,Business,"Marketing, Communication, MS Office",Digital Marketing,6.03,5,9,Marketing Executive
Bachelor's,Finance,"Financial Analysis, Accounting, Excel",CFA Level 1,6.34,6,8,Financial Analyst
Intermediate,Commerce,"MS Office, Communication",Tally ERP,6.95,5,7,Clerk
Bachelor's,Business,"Data Analysis, Communication, MS Office",Google Data Analytics,6.39,9,9,Business Analyst
Bachelor's,Commerce,"Accounting, Financial Analysis, MS Office",Tally ERP,6.06,7,7,Junior Accountant
PhD,Science,"Communication, Research",No Certification,6.69,5,10,Professor
Master's,Computer Science,"Python, Machine Learning, SQL",AWS Certified,8.66,10,9,ML Engineer
PhD,Science,"Machine Learning, Data Analysis, Python",No Certification,8.12,9,9,Research Scientist
Master's,Computer Science,"Python, Machine Learning, SQL",AWS Certified,7.62,6,9,ML Engineer
Intermediate,Business,"Communication, Marketing, MS Office",Digital Marketing,8.65,10,6,Sales Assistant
Bachelor's,Commerce,"Accounting, Financial Analysis, MS Office",Tally ERP,9.99,7,9,Junior Accountant
Intermediate,Commerce,"MS Office, Communication",No Certification,7.8,8,9,Data Entry Operator
Bachelor's,Commerce,"Python, SQL, Data Analysis",Google Data Analytics,7.86,6,5,Data Analyst
Bachelor's,Finance,"Financial Analysis, Accounting, Excel",CFA Level 1,8.31,9,8,Financial Analyst
Bachelor's,Finance,"Financial Analysis, Accounting, Excel",CFA Level 1,6.73,6,6,Financial Analyst
Master's,Psychology,"Counseling, Communication",Mental Health Basics,9.8,7,5,School Counselor
Bachelor's,Computer Science,"Python, SQL, Machine Learning",AWS Certified,7.28,9,5,Software Engineer
Intermediate,Commerce,"MS Office, Communication",Tally ERP,6.13,10,8,Clerk
Master's,Computer Science,"Python, Machine Learning, SQL",AWS Certified,7.68,10,5,ML Engineer
Bachelor's,Computer Science,"Python, SQL, Machine Learning",AWS Certified,7.02,5,10,Software Engineer
Intermediate,Commerce,"MS Office, Communication",No Certification,8.18,5,5,Data Entry Operator
Bachelor's,Commerce,"Python, SQL, Data Analysis",Google Data Analytics,7.48,5,9,Data Analyst
Bachelor's,Business,"Data Analysis, Communication, MS Office",Google Data Analytics,7.43,9,9,Business Analyst
PhD,Science,"Communication, Research",No Certification,9.3,7,8,Professor
Intermediate,Commerce,"MS Office, Communication",No Certification,6.73,7,8,Data Entry Operator
PhD,Science,"Communication, Research",No Certification,8.22,6,10,Professor
Bachelor's,Finance,"Financial Analysis, Accounting, Excel",CFA Level 1,8.0,6,6,Financial Analyst
Bachelor's,Computer Science,"Python, SQL, Machine Learning",AWS Certified,8.27,9,10,Software Engineer
Master's,Computer Science,"Python, Machine Learning, Data Analysis",Google Data Analytics,8.13,8,6,Data Scientist
PhD,Science,"Communication, Research",No Certification,8.33,9,10,Professor
PhD,Science,"Machine Learning, Data Analysis, Python",No Certification,9.6,8,8,Research Scientist
Master's,Psychology,"Counseling, Communication",Mental Health Basics,7.09,9,10,School Counselor
Master's,Computer Science,"Python, Machine Learning, Data Analysis",Google Data Analytics,9.51,9,5,Data Scientist
Master's,Computer Science,"Python, Machine Learning, SQL",AWS Certified,8.0,6,6,ML Engineer
Intermediate,Commerce,"MS Office, Communication",Tally ERP,9.22,9,7,Clerk
Master's,Psychology,"Counseling, Communication",Mental Health Basics,6.45,6,5,School Counselor
Bachelor's,Commerce,"Python, SQL, Data Analysis",Google Data Analytics,6.03,6,10,Data Analyst
Master's,Computer Science,"Python, Machine Learning, Data Analysis",Google Data Analytics,6.65,8,9,Data Scientist
Bachelor's,Business,"Marketing, Communication, MS Office",Digital Marketing,8.49,6,7,Marketing Executive
Intermediate,Business,"Communication, Marketing, MS Office",Digital Marketing,8.63,8,8,Sales Assistant
Bachelor's,Computer Science,"Python, SQL, Machine Learning",AWS Certified,6.94,7,6,Software Engineer
Bachelor's,Business,"Marketing, Communication, MS Office",Digital Marketing,9.6,5,10,Marketing Executive
PhD,Science,"Communication, Research",No Certification,7.54,5,10,Professor
Bachelor's,Business,"Data Analysis, Communication, MS Office",Google Data Analytics,8.71,6,10,Business Analyst
PhD,Science,"Machine Learning, Data Analysis, Python",No Certification,9.22,9,5,Research Scientist
Intermediate,Commerce,"MS Office, Communication",Tally ERP,8.22,8,9,Clerk
Bachelor's,Commerce,"Python, SQL, Data Analysis",Google Data Analytics,9.76,10,7,Data Analyst
PhD,Science,"Communication, Research",No Certification,9.93,7,9,Professor
Master's,Computer Science,"Python, Machine Learning, SQL",AWS Certified,7.05,7,5,ML Engineer
Bachelor's,Commerce,"Accounting, Financial Analysis, MS Office",Tally ERP,9.44,8,10,Junior Accountant
Bachelor's,Commerce,"Accounting, Financial Analysis, MS Office",Tally ERP,9.01,7,7,Junior Accountant
Bachelor's,Finance,"Financial Analysis, Accounting, Excel",CFA Level 1,8.68,5,10,Financial Analyst
Master's,Psychology,"Counseling, Communication",Mental Health Basics,7.25,9,5,School Counselor
Bachelor's,Business,"Marketing, Communication, MS Office",Digital Marketing,8.24,9,7,Marketing Executive
Master's,Computer Science,"Python, Machine Learning, Data Analysis",Google Data Analytics,8.76,6,8,Data Scientist
PhD,Science,"Communication, Research",No Certification,6.58,5,10,Professor
Intermediate,Commerce,"MS Office, Communication",No Certification,8.02,9,7,Data Entry Operator
Master's,Psychology,"Counseling, Communication",Mental Health Basics,6.64,9,8,School Counselor
Bachelor's,Business,"Marketing, Communication, MS Office",Digital Marketing,9.69,5,8,Marketing Executive
Master's,Computer Science,"Python, Machine Learning, Data Analysis",Google Data Analytics,7.78,10,9,Data Scientist
Master's,Computer Science,"Python, Machine Learning, Data Analysis",Google Data Analytics,6.26,7,6,Data Scientist
Bachelor's,Business,"Marketing, Communication, MS Office",Digital Marketing,7.33,8,9,Marketing Executive
Intermediate,Commerce,"MS Office, Communication",Tally ERP,7.65,10,8,Clerk
Master's,Psychology,"Counseling, Communication",Mental Health Basics,7.77,9,7,School Counselor
Bachelor's,Business,"Marketing, Communication, MS Office",Digital Marketing,9.86,8,10,Marketing Executive
Bachelor's,Commerce,"Python, SQL, Data Analysis",Google Data Analytics,6.88,10,7,Data Analyst
Bachelor's,Business,"Marketing, Communication, MS Office",Digital Marketing,9.35,10,6,Marketing Executive
Bachelor's,Computer Science,"Python, SQL, Machine Learning",AWS Certified,7.33,7,6,Software Engineer
Bachelor's,Finance,"Financial Analysis, Accounting, Excel",CFA Level 1,6.87,6,10,Financial Analyst
Bachelor's,Commerce,"Python, SQL, Data Analysis",Google Data Analytics,8.15,7,9,Data Analyst
Intermediate,Commerce,"MS Office, Communication",Tally ERP,7.61,5,5,Clerk
Master's,Computer Science,"Python, Machine Learning, Data Analysis",Google Data Analytics,6.06,10,5,Data Scientist
Bachelor's,Finance,"Financial Analysis, Accounting, Excel",CFA Level 1,8.34,7,5,Financial Analyst
Intermediate,Commerce,"MS Office, Communication",Tally ERP,6.1,6,10,Clerk
Master's,Psychology,"Counseling, Communication",Mental Health Basics,8.25,6,7,School Counselor
Intermediate,Commerce,"MS Office, Communication",Tally ERP,7.44,10,9,Clerk
Bachelor's,Commerce,"Accounting, Financial Analysis, MS Office",Tally ERP,9.98,9,7,Junior Accountant
Intermediate,Business,"Communication, Marketing, MS Office",Digital Marketing,9.38,5,8,Sales Assistant
Intermediate,Business,"Communication, Marketing, MS Office",Digital Marketing,7.67,7,5,Sales Assistant
Master's,Computer Science,"Python, Machine Learning, Data Analysis",Google Data Analytics,8.86,6,10,Data Scientist
Bachelor's,Finance,"Financial Analysis, Accounting, Excel",CFA Level 1,8.5,8,9,Financial Analyst
Intermediate,Business,"Communication, Marketing, MS Office",Digital Marketing,7.89,5,5,Sales Assistant
Intermediate,Commerce,"MS Office, Communication",Tally ERP,8.14,6,5,Clerk
Bachelor's,Finance,"Financial Analysis, Accounting, Excel",CFA Level 1,7.01,10,6,Financial Analyst
PhD,Science,"Communication, Research",No Certification,6.95,10,9,Professor
Bachelor's,Finance,"Financial Analysis, Accounting, Excel",CFA Level 1,7.93,6,8,Financial Analyst
Bachelor's,Commerce,"Python, SQL, Data Analysis",Google Data Analytics,7.04,8,7,Data Analyst
Intermediate,Commerce,"MS Office, Communication",No Certification,9.93,7,9,Data Entry Operator
Bachelor's,Finance,"Financial Analysis, Accounting, Excel",CFA Level 1,8.01,5,8,Financial Analyst
Bachelor's,Business,"Marketing, Communication, MS Office",Digital Marketing,8.93,10,8,Marketing Executive
Master's,Psychology,"Counseling, Communication",Mental Health Basics,6.54,10,7,School Counselor
Intermediate,Commerce,"MS Office, Communication",Tally ERP,7.95,8,10,Clerk
Master's,Psychology,"Counseling, Communication",Mental Health Basics,6.3,5,10,School Counselor
PhD,Science,"Communication, Research",No Certification,8.76,8,5,Professor
Intermediate,Business,"Communication, Marketing, MS Office",Digital Marketing,9.58,10,8,Sales Assistant
Bachelor's,Commerce,"Accounting, Financial Analysis, MS Office",Tally ERP,7.7,5,7,Junior Accountant
Bachelor's,Finance,"Financial Analysis, Accounting, Excel",CFA Level 1,6.26,9,9,Financial Analyst
PhD,Science,"Machine Learning, Data Analysis, Python",No Certification,7.2,9,5,Research Scientist
Intermediate,Business,"Communication, Marketing, MS Office",Digital Marketing,6.26,9,7,Sales Assistant
Intermediate,Business,"Communication, Marketing, MS Office",Digital Marketing,7.56,10,9,Sales Assistant
Master's,Psychology,"Counseling, Communication",Mental Health Basics,6.82,5,5,School Counselor
PhD,Science,"Machine Learning, Data Analysis, Python",No Certification,7.92,6,9,Research Scientist
Bachelor's,Commerce,"Accounting, Financial Analysis, MS Office",Tally ERP,7.22,9,10,Junior Accountant
Bachelor's,Commerce,"Accounting, Financial Analysis, MS Office",Tally ERP,8.11,9,10,Junior Accountant
PhD,Science,"Machine Learning, Data Analysis, Python",No Certification,8.26,7,10,Research Scientist
Intermediate,Commerce,"MS Office, Communication",Tally ERP,8.7,5,6,Clerk
PhD,Science,"Machine Learning, Data Analysis, Python",No Certification,6.91,10,9,Research Scientist
Intermediate,Commerce,"MS Office, Communication",Tally ERP,6.24,5,5,Clerk
Bachelor's,Business,"Data Analysis, Communication, MS Office",Google Data Analytics,6.82,6,7,Business Analyst
Master's,Computer Science,"Python, Machine Learning, Data Analysis",Google Data Analytics,9.34,8,5,Data Scientist
Bachelor's,Commerce,"Python, SQL, Data Analysis",Google Data Analytics,8.24,5,10,Data Analyst
Bachelor's,Finance,"Financial Analysis, Accounting, Excel",CFA Level 1,9.57,5,9,Financial Analyst
Bachelor's,Commerce,"Python, SQL, Data Analysis",Google Data Analytics,8.8,8,9,Data Analyst
Bachelor's,Business,"Data Analysis, Communication, MS Office",Google Data Analytics,8.75,7,8,Business Analyst
PhD,Science,"Communication, Research",No Certification,9.65,7,10,Professor
Bachelor's,Commerce,"Python, SQL, Data Analysis",Google Data Analytics,7.68,5,9,Data Analyst
Bachelor's,Commerce,"Python, SQL, Data Analysis",Google Data Analytics,6.69,5,10,Data Analyst
Bachelor's,Finance,"Financial Analysis, Accounting, Excel",CFA Level 1,9.65,7,10,Financial Analyst
Bachelor's,Finance,"Financial Analysis, Accounting, Excel",CFA Level 1,7.65,10,10,Financial Analyst
Bachelor's,Computer Science,"Python, SQL, Machine Learning",AWS Certified,8.69,7,7,Software Engineer
PhD,Science,"Communication, Research",No Certification,7.19,6,10,Professor
Master's,Psychology,"Counseling, Communication",Mental Health Basics,9.73,10,5,School Counselor
Bachelor's,Computer Science,"Python, SQL, Machine Learning",AWS Certified,9.83,7,10,Software Engineer
Bachelor's,Business,"Data Analysis, Communication, MS Office",Google Data Analytics,6.47,9,7,Business Analyst
Intermediate,Business,"Communication, Marketing, MS Office",Digital Marketing,9.0,9,6,Sales Assistant
Bachelor's,Finance,"Financial Analysis, Accounting, Excel",CFA Level 1,8.0,7,9,Financial Analyst
Intermediate,Commerce,"MS Office, Communication",No Certification,9.13,6,5,Data Entry Operator
Bachelor's,Business,"Data Analysis, Communication, MS Office",Google Data Analytics,9.69,6,5,Business Analyst
Master's,Computer Science,"Python, Machine Learning, Data Analysis",Google Data Analytics,7.04,10,10,Data Scientist
Intermediate,Business,"Communication, Marketing, MS Office",Digital Marketing,6.74,5,9,Sales Assistant
Bachelor's,Business,"Data Analysis, Communication, MS Office",Google Data Analytics,9.07,9,5,Business Analyst
Bachelor's,Commerce,"Python, SQL, Data Analysis",Google Data Analytics,6.56,10,7,Data Analyst
Bachelor's,Business,"Data Analysis, Communication, MS Office",Google Data Analytics,6.55,10,9,Business Analyst
Intermediate,Business,"Communication, Marketing, MS Office",Digital Marketing,7.68,7,10,Sales Assistant
Master's,Psychology,"Counseling, Communication",Mental Health Basics,9.36,9,5,School Counselor
Bachelor's,Finance,"Financial Analysis, Accounting, Excel",CFA Level 1,7.73,5,10,Financial Analyst
Bachelor's,Business,"Marketing, Communication, MS Office",Digital Marketing,9.71,10,7,Marketing Executive
Master's,Computer Science,"Python, Machine Learning, SQL",AWS Certified,8.47,10,5,ML Engineer
PhD,Science,"Communication, Research",No Certification,8.49,8,10,Professor
Bachelor's,Finance,"Financial Analysis, Accounting, Excel",CFA Level 1,8.11,10,10,Financial Analyst
Intermediate,Business,"Communication, Marketing, MS Office",Digital Marketing,6.38,10,9,Sales Assistant
Bachelor's,Commerce,"Python, SQL, Data Analysis",Google Data Analytics,7.55,10,9,Data Analyst
Bachelor's,Commerce,"Python, SQL, Data Analysis",Google Data Analytics,9.21,8,9,Data Analyst
Bachelor's,Computer Science,"Python, SQL, Machine Learning",AWS Certified,7.83,8,6,Software Engineer
Bachelor's,Commerce,"Python, SQL, Data Analysis",Google Data Analytics,7.0,9,9,Data Analyst
Intermediate,Business,"Communication, Marketing, MS Office",Digital Marketing,7.58,8,6,Sales Assistant
Master's,Psychology,"Counseling, Communication",Mental Health Basics,7.13,7,5,School Counselor
Bachelor's,Finance,"Financial Analysis, Accounting, Excel",CFA Level 1,6.96,6,8,Financial Analyst
Intermediate,Commerce,"MS Office, Communication",No Certification,6.22,7,5,Data Entry Operator
Bachelor's,Finance,"Financial Analysis, Accounting, Excel",CFA Level 1,6.05,8,7,Financial Analyst
Bachelor's,Commerce,"Accounting, Financial Analysis, MS Office",Tally ERP,8.87,9,8,Junior Accountant
Bachelor's,Computer Science,"Python, SQL, Machine Learning",AWS Certified,9.6,7,10,Software Engineer
Bachelor's,Commerce,"Accounting, Financial Analysis, MS Office",Tally ERP,9.29,5,8,Junior Accountant
Master's,Computer Science,"Python, Machine Learning, SQL",AWS Certified,6.21,9,9,ML Engineer
PhD,Science,"Communication, Research",No Certification,8.53,6,10,Professor
PhD,Science,"Machine Learning, Data Analysis, Python",No Certification,6.79,8,8,Research Scientist
Intermediate,Commerce,"MS Office, Communication",No Certification,7.83,6,5,Data Entry Operator
Master's,Computer Science,"Python, Machine Learning, Data Analysis",Google Data Analytics,8.79,9,9,Data Scientist
Bachelor's,Finance,"Financial Analysis, Accounting, Excel",CFA Level 1,9.84,9,8,Financial Analyst
Bachelor's,Finance,"Financial Analysis, Accounting, Excel",CFA Level 1,6.79,8,9,Financial Analyst
Bachelor's,Commerce,"Accounting, Financial Analysis, MS Office",Tally ERP,7.18,7,6,Junior Accountant
Bachelor's,Commerce,"Accounting, Financial Analysis, MS Office",Tally ERP,8.5,8,5,Junior Accountant
Intermediate,Commerce,"MS Office, Communication",No Certification,8.51,9,9,Data Entry Operator
Intermediate,Commerce,"MS Office, Communication",No Certification,7.49,10,6,Data Entry Operator
Intermediate,Commerce,"MS Office, Communication",No Certification,6.91,10,8,Data Entry Operator
Bachelor's,Commerce,"Python, SQL, Data Analysis",Google Data Analytics,9.07,8,10,Data Analyst
Bachelor's,Computer Science,"Python, SQL, Machine Learning",AWS Certified,6.95,8,5,Software Engineer
Bachelor's,Finance,"Financial Analysis, Accounting, Excel",CFA Level 1,6.06,7,8,Financial Analyst
Master's,Computer Science,"Python, Machine Learning, SQL",AWS Certified,9.48,5,5,ML Engineer
Master's,Computer Science,"Python, Machine Learning, SQL",AWS Certified,7.42,10,9,ML Engineer
Master's,Computer Science,"Python, Machine Learning, Data Analysis",Google Data Analytics,7.78,6,7,Data Scientist
Bachelor's,Computer Science,"Python, SQL, Machine Learning",AWS Certified,7.76,7,5,Software Engineer
Master's,Psychology,"Counseling, Communication",Mental Health Basics,8.71,5,5,School Counselor
Bachelor's,Commerce,"Python, SQL, Data Analysis",Google Data Analytics,6.61,8,8,Data Analyst
PhD,Science,"Machine Learning, Data Analysis, Python",No Certification,6.65,8,8,Research Scientist
PhD,Science,"Machine Learning, Data Analysis, Python",No Certification,7.09,9,6,Research Scientist
Intermediate,Commerce,"MS Office, Communication",No Certification,9.49,10,9,Data Entry Operator
Bachelor's,Computer Science,"Python, SQL, Machine Learning",AWS Certified,9.93,10,10,Software Engineer
Intermediate,Business,"Communication, Marketing, MS Office",Digital Marketing,6.09,8,7,Sales Assistant
Bachelor's,Commerce,"Python, SQL, Data Analysis",Google Data Analytics,9.34,10,8,Data Analyst
Intermediate,Commerce,"MS Office, Communication",No Certification,8.34,5,9,Data Entry Operator
Bachelor's,Computer Science,"Python, SQL, Machine Learning",AWS Certified,8.6,7,5,Software Engineer
Bachelor's,Business,"Data Analysis, Communication, MS Office",Google Data Analytics,6.45,9,5,Business Analyst
Master's,Psychology,"Counseling, Communication",Mental Health Basics,7.27,9,10,School Counselor
PhD,Science,"Machine Learning, Data Analysis, Python",No Certification,6.61,7,6,Research Scientist
Master's,Computer Science,"Python, Machine Learning, SQL",AWS Certified,6.4,8,7,ML Engineer
Intermediate,Commerce,"MS Office, Communication",No Certification,8.63,7,9,Data Entry Operator
PhD,Science,"Machine Learning, Data Analysis, Python",No Certification,9.74,10,7,Research Scientist
Intermediate,Commerce,"MS Office, Communication",Tally ERP,7.54,8,8,Clerk
Bachelor's,Business,"Marketing, Communication, MS Office",Digital Marketing,8.34,8,10,Marketing Executive
Bachelor's,Finance,"Financial Analysis, Accounting, Excel",CFA Level 1,9.29,9,8,Financial Analyst
Bachelor's,Finance,"Financial Analysis, Accounting, Excel",CFA Level 1,7.79,6,6,Financial Analyst
PhD,Science,"Communication, Research",No Certification,6.18,6,8,Professor
PhD,Science,"Machine Learning, Data Analysis, Python",No Certification,6.74,8,5,Research Scientist
Master's,Computer Science,"Python, Machine Learning, SQL",AWS Certified,9.97,7,9,ML Engineer
Bachelor's,Computer Science,"Python, SQL, Machine Learning",AWS Certified,9.85,8,7,Software Engineer
Bachelor's,Commerce,"Python, SQL, Data Analysis",Google Data Analytics,6.84,9,8,Data Analyst
Intermediate,Commerce,"MS Office, Communication",Tally ERP,8.33,9,6,Clerk
Bachelor's,Commerce,"Python, SQL, Data Analysis",Google Data Analytics,6.02,6,7,Data Analyst
Master's,Psychology,"Counseling, Communication",Mental Health Basics,8.36,5,7,School Counselor
Bachelor's,Business,"Marketing, Communication, MS Office",Digital Marketing,9.15,10,6,Marketing Executive
Intermediate,Business,"Communication, Marketing, MS Office",Digital Marketing,6.81,9,9,Sales Assistant
Bachelor's,Commerce,"Python, SQL, Data Analysis",Google Data Analytics,7.52,6,5,Data Analyst
PhD,Science,"Machine Learning, Data Analysis, Python",No Certification,9.48,9,8,Research Scientist
Bachelor's,Computer Science,"Python, SQL, Machine Learning",AWS Certified,8.66,6,5,Software Engineer
PhD,Science,"Machine Learning, Data Analysis, Python",No Certification,6.86,6,9,Research Scientist
PhD,Science,"Communication, Research",No Certification,6.8,9,6,Professor
Intermediate,Business,"Communication, Marketing, MS Office",Digital Marketing,8.91,8,9,Sales Assistant
Master's,Computer Science,"Python, Machine Learning, Data Analysis",Google Data Analytics,8.46,9,7,Data Scientist
PhD,Science,"Communication, Research",No Certification,9.3,8,9,Professor
Master's,Computer Science,"Python, Machine Learning, SQL",AWS Certified,9.69,5,9,ML Engineer
Intermediate,Business,"Communication, Marketing, MS Office",Digital Marketing,9.93,10,9,Sales Assistant
Master's,Computer Science,"Python, Machine Learning, SQL",AWS Certified,6.97,7,7,ML Engineer
Bachelor's,Commerce,"Python, SQL, Data Analysis",Google Data Analytics,7.37,6,9,Data Analyst
Bachelor's,Computer Science,"Python, SQL, Machine Learning",AWS Certified,8.85,8,10,Software Engineer
Bachelor's,Commerce,"Accounting, Financial Analysis, MS Office",Tally ERP,6.42,8,6,Junior Accountant
Bachelor's,Computer Science,"Python, SQL, Machine Learning",AWS Certified,9.53,9,7,Software Engineer
Bachelor's,Business,"Marketing, Communication, MS Office",Digital Marketing,8.04,6,10,Marketing Executive
Intermediate,Commerce,"MS Office, Communication",No Certification,8.27,5,5,Data Entry Operator
Bachelor's,Finance,"Financial Analysis, Accounting, Excel",CFA Level 1,7.41,8,10,Financial Analyst
Master's,Computer Science,"Python, Machine Learning, SQL",AWS Certified,8.08,5,10,ML Engineer
PhD,Science,"Machine Learning, Data Analysis, Python",No Certification,10.0,7,8,Research Scientist
Master's,Computer Science,"Python, Machine Learning, Data Analysis",Google Data Analytics,7.08,9,8,Data Scientist
Master's,Computer Science,"Python, Machine Learning, SQL",AWS Certified,6.11,7,7,ML Engineer
Intermediate,Commerce,"MS Office, Communication",Tally ERP,7.91,6,6,Clerk
PhD,Science,"Machine Learning, Data Analysis, Python",No Certification,7.42,9,7,Research Scientist
Bachelor's,Commerce,"Accounting, Financial Analysis, MS Office",Tally ERP,7.0,5,5,Junior Accountant
Master's,Psychology,"Counseling, Communication",Mental Health Basics,8.75,6,9,School Counselor
Intermediate,Commerce,"MS Office, Communication",Tally ERP,9.54,5,6,Clerk
PhD,Science,"Machine Learning, Data Analysis, Python",No Certification,8.52,9,7,Research Scientist
Intermediate,Commerce,"MS Office, Communication",No Certification,6.57,10,5,Data Entry Operator
Bachelor's,Business,"Marketing, Communication, MS Office",Digital Marketing,6.42,7,10,Marketing Executive
Intermediate,Commerce,"MS Office, Communication",No Certification,7.49,10,5,Data Entry Operator
Intermediate,Business,"Communication, Marketing, MS Office",Digital Marketing,7.89,8,8,Sales Assistant
PhD,Science,"Machine Learning, Data Analysis, Python",No Certification,6.48,10,7,Research Scientist
Bachelor's,Commerce,"Accounting, Financial Analysis, MS Office",Tally ERP,8.21,7,9,Junior Accountant
PhD,Science,"Machine Learning, Data Analysis, Python",No Certification,7.15,10,9,Research Scientist
Intermediate,Commerce,"MS Office, Communication",No Certification,8.47,6,7,Data Entry Operator
Bachelor's,Business,"Data Analysis, Communication, MS Office",Google Data Analytics,8.66,6,7,Business Analyst
Bachelor's,Finance,"Financial Analysis, Accounting, Excel",CFA Level 1,6.94,9,10,Financial Analyst
Bachelor's,Commerce,"Python, SQL, Data Analysis",Google Data Analytics,8.75,6,5,Data Analyst
Intermediate,Commerce,"MS Office, Communication",No Certification,9.4,9,8,Data Entry Operator
Master's,Computer Science,"Python, Machine Learning, Data Analysis",Google Data Analytics,6.06,6,8,Data Scientist
Bachelor's,Finance,"Financial Analysis, Accounting, Excel",CFA Level 1,6.33,9,7,Financial Analyst
PhD,Science,"Machine Learning, Data Analysis, Python",No Certification,6.25,8,6,Research Scientist
Intermediate,Business,"Communication, Marketing, MS Office",Digital Marketing,7.49,9,10,Sales Assistant
Bachelor's,Computer Science,"Python, SQL, Machine Learning",AWS Certified,9.61,7,7,Software Engineer
Master's,Computer Science,"Python, Machine Learning, Data Analysis",Google Data Analytics,8.49,9,6,Data Scientist
Intermediate,Commerce,"MS Office, Communication",Tally ERP,9.08,10,6,Clerk
Master's,Computer Science,"Python, Machine Learning, Data Analysis",Google Data Analytics,7.19,6,5,Data Scientist
Bachelor's,Finance,"Financial Analysis, Accounting, Excel",CFA Level 1,7.29,6,8,Financial Analyst
Bachelor's,Finance,"Financial Analysis, Accounting, Excel",CFA Level 1,9.32,6,10,Financial Analyst
Bachelor's,Commerce,"Accounting, Financial Analysis, MS Office",Tally ERP,7.26,10,5,Junior Accountant
Master's,Computer Science,"Python, Machine Learning, SQL",AWS Certified,9.44,5,5,ML Engineer
Master's,Computer Science,"Python, Machine Learning, Data Analysis",Google Data Analytics,6.54,6,5,Data Scientist
Bachelor's,Business,"Marketing, Communication, MS Office",Digital Marketing,8.14,8,10,Marketing Executive
PhD,Science,"Communication, Research",No Certification,8.6,10,8,Professor
Intermediate,Commerce,"MS Office, Communication",Tally ERP,9.97,10,10,Clerk
PhD,Science,"Machine Learning, Data Analysis, Python",No Certification,8.51,5,10,Research Scientist
Bachelor's,Finance,"Financial Analysis, Accounting, Excel",CFA Level 1,9.15,8,6,Financial Analyst
Bachelor's,Business,"Data Analysis, Communication, MS Office",Google Data Analytics,9.4,7,9,Business Analyst
Bachelor's,Business,"Marketing, Communication, MS Office",Digital Marketing,9.92,5,5,Marketing Executive
Bachelor's,Computer Science,"Python, SQL, Machine Learning",AWS Certified,9.28,7,7,Software Engineer
Master's,Computer Science,"Python, Machine Learning, Data Analysis",Google Data Analytics,6.32,7,5,Data Scientist
Master's,Computer Science,"Python, Machine Learning, SQL",AWS Certified,9.33,7,6,ML Engineer
Master's,Computer Science,"Python, Machine Learning, SQL",AWS Certified,7.51,9,9,ML Engineer
Bachelor's,Commerce,"Accounting, Financial Analysis, MS Office",Tally ERP,7.43,10,5,Junior Accountant
PhD,Science,"Communication, Research",No Certification,7.15,9,10,Professor
Bachelor's,Finance,"Financial Analysis, Accounting, Excel",CFA Level 1,9.2,9,9,Financial Analyst
PhD,Science,"Communication, Research",No Certification,7.46,6,8,Professor
Master's,Computer Science,"Python, Machine Learning, SQL",AWS Certified,8.64,7,5,ML Engineer
PhD,Science,"Machine Learning, Data Analysis, Python",No Certification,9.9,5,9,Research Scientist
Intermediate,Commerce,"MS Office, Communication",No Certification,7.74,6,9,Data Entry Operator
PhD,Science,"Machine Learning, Data Analysis, Python",No Certification,7.76,5,8,Research Scientist
Bachelor's,Commerce,"Accounting, Financial Analysis, MS Office",Tally ERP,8.67,7,5,Junior Accountant
Bachelor's,Finance,"Financial Analysis, Accounting, Excel",CFA Level 1,8.54,8,6,Financial Analyst
Master's,Computer Science,"Python, Machine Learning, Data Analysis",Google Data Analytics,9.01,5,5,Data Scientist
Bachelor's,Business,"Marketing, Communication, MS Office",Digital Marketing,7.31,10,7,Marketing Executive
Intermediate,Commerce,"MS Office, Communication",Tally ERP,6.76,5,10,Clerk
Intermediate,Commerce,"MS Office, Communication",No Certification,6.79,5,7,Data Entry Operator
Intermediate,Commerce,"MS Office, Communication",No Certification,8.01,5,10,Data Entry Operator
Bachelor's,Computer Science,"Python, SQL, Machine Learning",AWS Certified,8.81,8,10,Software Engineer
Bachelor's,Commerce,"Accounting, Financial Analysis, MS Office",Tally ERP,9.57,8,5,Junior Accountant
Intermediate,Commerce,"MS Office, Communication",Tally ERP,9.81,9,8,Clerk
Bachelor's,Computer Science,"Python, SQL, Machine Learning",AWS Certified,6.13,5,9,Software Engineer
Intermediate,Commerce,"MS Office, Communication",No Certification,8.52,5,9,Data Entry Operator
Bachelor's,Business,"Data Analysis, Communication, MS Office",Google Data Analytics,6.07,9,7,Business Analyst
Bachelor's,Commerce,"Python, SQL, Data Analysis",Google Data Analytics,7.77,9,9,Data Analyst
Bachelor's,Commerce,"Python, SQL, Data Analysis",Google Data Analytics,6.67,6,6,Data Analyst
Master's,Computer Science,"Python, Machine Learning, SQL",AWS Certified,6.2,7,5,ML Engineer
Bachelor's,Commerce,"Accounting, Financial Analysis, MS Office",Tally ERP,9.49,7,10,Junior Accountant
Master's,Computer Science,"Python, Machine Learning, SQL",AWS Certified,7.84,7,9,ML Engineer
Bachelor's,Commerce,"Accounting, Financial Analysis, MS Office",Tally ERP,8.63,8,8,Junior Accountant
Master's,Psychology,"Counseling, Communication",Mental Health Basics,6.32,7,8,School Counselor
Bachelor's,Business,"Marketing, Communication, MS Office",Digital Marketing,9.02,7,7,Marketing Executive
Bachelor's,Business,"Data Analysis, Communication, MS Office",Google Data Analytics,6.93,10,10,Business Analyst
Intermediate,Business,"Communication, Marketing, MS Office",Digital Marketing,6.35,9,6,Sales Assistant
Master's,Computer Science,"Python, Machine Learning, SQL",AWS Certified,7.56,6,10,ML Engineer
Intermediate,Commerce,"MS Office, Communication",No Certification,7.86,5,5,Data Entry Operator
PhD,Science,"Communication, Research",No Certification,6.58,10,10,Professor
Bachelor's,Commerce,"Accounting, Financial Analysis, MS Office",Tally ERP,6.7,10,6,Junior Accountant
PhD,Science,"Communication, Research",No Certification,7.02,9,7,Professor
Bachelor's,Business,"Data Analysis, Communication, MS Office",Google Data Analytics,7.72,8,6,Business Analyst
Bachelor's,Commerce,"Accounting, Financial Analysis, MS Office",Tally ERP,8.05,9,7,Junior Accountant
Master's,Computer Science,"Python, Machine Learning, Data Analysis",Google Data Analytics,9.47,7,8,Data Scientist
Bachelor's,Business,"Data Analysis, Communication, MS Office",Google Data Analytics,6.44,7,7,Business Analyst
Intermediate,Commerce,"MS Office, Communication",Tally ERP,8.56,8,10,Clerk
Bachelor's,Finance,"Financial Analysis, Accounting, Excel",CFA Level 1,8.63,9,8,Financial Analyst
Intermediate,Commerce,"MS Office, Communication",No Certification,9.78,8,6,Data Entry Operator
PhD,Science,"Machine Learning, Data Analysis, Python",No Certification,8.83,5,5,Research Scientist
Master's,Computer Science,"Python, Machine Learning, SQL",AWS Certified,9.12,5,5,ML Engineer
Bachelor's,Business,"Data Analysis, Communication, MS Office",Google Data Analytics,7.4,6,10,Business Analyst
Bachelor's,Business,"Data Analysis, Communication, MS Office",Google Data Analytics,8.65,8,7,Business Analyst
Bachelor's,Finance,"Financial Analysis, Accounting, Excel",CFA Level 1,8.2,6,5,Financial Analyst
Master's,Computer Science,"Python, Machine Learning, SQL",AWS Certified,8.93,9,7,ML Engineer
Bachelor's,Business,"Data Analysis, Communication, MS Office",Google Data Analytics,9.08,10,6,Business Analyst
Master's,Computer Science,"Python, Machine Learning, SQL",AWS Certified,9.25,10,5,ML Engineer
PhD,Science,"Communication, Research",No Certification,7.12,6,10,Professor
Bachelor's,Computer Science,"Python, SQL, Machine Learning",AWS Certified,8.81,5,10,Software Engineer
Master's,Psychology,"Counseling, Communication",Mental Health Basics,9.28,7,8,School Counselor
Intermediate,Commerce,"MS Office, Communication",No Certification,7.07,8,10,Data Entry Operator
Bachelor's,Commerce,"Accounting, Financial Analysis, MS Office",Tally ERP,6.99,6,10,Junior Accountant
Bachelor's,Finance,"Financial Analysis, Accounting, Excel",CFA Level 1,6.39,7,7,Financial Analyst
Master's,Computer Science,"Python, Machine Learning, SQL",AWS Certified,6.67,8,9,ML Engineer
Intermediate,Business,"Communication, Marketing, MS Office",Digital Marketing,6.65,8,5,Sales Assistant
Bachelor's,Commerce,"Accounting, Financial Analysis, MS Office",Tally ERP,9.64,8,10,Junior Accountant
Bachelor's,Finance,"Financial Analysis, Accounting, Excel",CFA Level 1,6.72,10,10,Financial Analyst
Bachelor's,Finance,"Financial Analysis, Accounting, Excel",CFA Level 1,6.34,7,10,Financial Analyst
Intermediate,Commerce,"MS Office, Communication",No Certification,9.61,5,6,Data Entry Operator
Intermediate,Business,"Communication, Marketing, MS Office",Digital Marketing,7.56,10,5,Sales Assistant
Master's,Computer Science,"Python, Machine Learning, Data Analysis",Google Data Analytics,9.15,6,8,Data Scientist
PhD,Science,"Machine Learning, Data Analysis, Python",No Certification,9.38,9,8,Research Scientist
Bachelor's,Business,"Marketing, Communication, MS Office",Digital Marketing,9.67,8,6,Marketing Executive
Bachelor's,Computer Science,"Python, SQL, Machine Learning",AWS Certified,7.74,6,5,Software Engineer
PhD,Science,"Communication, Research",No Certification,9.9,7,6,Professor
Bachelor's,Business,"Marketing, Communication, MS Office",Digital Marketing,6.24,10,9,Marketing Executive
Bachelor's,Business,"Marketing, Communication, MS Office",Digital Marketing,9.21,10,5,Marketing Executive
Bachelor's,Commerce,"Accounting, Financial Analysis, MS Office",Tally ERP,8.9,6,8,Junior Accountant
Bachelor's,Business,"Marketing, Communication, MS Office",Digital Marketing,8.92,10,5,Marketing Executive
Bachelor's,Finance,"Financial Analysis, Accounting, Excel",CFA Level 1,7.28,6,7,Financial Analyst
Master's,Computer Science,"Python, Machine Learning, Data Analysis",Google Data Analytics,6.89,8,9,Data Scientist
Bachelor's,Commerce,"Accounting, Financial Analysis, MS Office",Tally ERP,9.37,5,10,Junior Accountant
Bachelor's,Computer Science,"Python, SQL, Machine Learning",AWS Certified,6.53,5,10,Software Engineer
Bachelor's,Commerce,"Python, SQL, Data Analysis",Google Data Analytics,7.55,10,6,Data Analyst
Bachelor's,Computer Science,"Python, SQL, Machine Learning",AWS Certified,6.54,5,7,Software Engineer
Bachelor's,Business,"Marketing, Communication, MS Office",Digital Marketing,9.03,10,10,Marketing Executive
Bachelor's,Commerce,"Accounting, Financial Analysis, MS Office",Tally ERP,6.52,8,9,Junior Accountant
Master's,Computer Science,"Python, Machine Learning, Data Analysis",Google Data Analytics,7.13,6,7,Data Scientist
PhD,Science,"Machine Learning, Data Analysis, Python",No Certification,9.33,9,6,Research Scientist
Intermediate,Commerce,"MS Office, Communication",No Certification,9.77,6,7,Data Entry Operator
Master's,Psychology,"Counseling, Communication",Mental Health Basics,9.84,5,5,School Counselor
Bachelor's,Business,"Marketing, Communication, MS Office",Digital Marketing,7.43,10,10,Marketing Executive
Bachelor's,Computer Science,"Python, SQL, Machine Learning",AWS Certified,8.84,5,5,Software Engineer
Bachelor's,Finance,"Financial Analysis, Accounting, Excel",CFA Level 1,6.21,6,7,Financial Analyst
Bachelor's,Commerce,"Python, SQL, Data Analysis",Google Data Analytics,9.97,10,9,Data Analyst
Master's,Psychology,"Counseling, Communication",Mental Health Basics,8.34,6,6,School Counselor
Intermediate,Business,"Communication, Marketing, MS Office",Digital Marketing,7.4,10,5,Sales Assistant
Bachelor's,Finance,"Financial Analysis, Accounting, Excel",CFA Level 1,6.51,7,8,Financial Analyst
Intermediate,Business,"Communication, Marketing, MS Office",Digital Marketing,9.68,10,6,Sales Assistant
PhD,Science,"Communication, Research",No Certification,7.63,9,8,Professor
PhD,Science,"Communication, Research",No Certification,6.35,10,6,Professor
Bachelor's,Commerce,"Accounting, Financial Analysis, MS Office",Tally ERP,9.93,10,8,Junior Accountant
Master's,Computer Science,"Python, Machine Learning, SQL",AWS Certified,9.77,8,5,ML Engineer
Bachelor's,Commerce,"Python, SQL, Data Analysis",Google Data Analytics,9.04,9,9,Data Analyst
Intermediate,Commerce,"MS Office, Communication",Tally ERP,9.73,8,10,Clerk
Bachelor's,Computer Science,"Python, SQL, Machine Learning",AWS Certified,7.99,5,7,Software Engineer
Bachelor's,Computer Science,"Python, SQL, Machine Learning",AWS Certified,7.79,6,6,Software Engineer
PhD,Science,"Machine Learning, Data Analysis, Python",No Certification,8.25,10,9,Research Scientist
Intermediate,Commerce,"MS Office, Communication",No Certification,8.78,8,5,Data Entry Operator
Bachelor's,Finance,"Financial Analysis, Accounting, Excel",CFA Level 1,9.95,10,8,Financial Analyst
Bachelor's,Business,"Marketing, Communication, MS Office",Digital Marketing,8.62,6,8,Marketing Executive
Bachelor's,Commerce,"Accounting, Financial Analysis, MS Office",Tally ERP,7.35,9,9,Junior Accountant
PhD,Science,"Machine Learning, Data Analysis, Python",No Certification,9.13,6,6,Research Scientist
Bachelor's,Finance,"Financial Analysis, Accounting, Excel",CFA Level 1,7.0,9,8,Financial Analyst
Intermediate,Business,"Communication, Marketing, MS Office",Digital Marketing,9.32,8,9,Sales Assistant
Bachelor's,Commerce,"Accounting, Financial Analysis, MS Office",Tally ERP,7.56,7,5,Junior Accountant
Master's,Psychology,"Counseling, Communication",Mental Health Basics,7.1,9,5,School Counselor
PhD,Science,"Communication, Research",No Certification,7.85,8,6,Professor
Bachelor's,Finance,"Financial Analysis, Accounting, Excel",CFA Level 1,6.25,5,5,Financial Analyst
Intermediate,Business,"Communication, Marketing, MS Office",Digital Marketing,6.33,7,10,Sales Assistant
Bachelor's,Finance,"Financial Analysis, Accounting, Excel",CFA Level 1,6.26,7,10,Financial Analyst
Intermediate,Business,"Communication, Marketing, MS Office",Digital Marketing,8.04,8,6,Sales Assistant
Intermediate,Business,"Communication, Marketing, MS Office",Digital Marketing,7.62,9,6,Sales Assistant
Bachelor's,Business,"Marketing, Communication, MS Office",Digital Marketing,8.3,6,7,Marketing Executive
Master's,Computer Science,"Python, Machine Learning, Data Analysis",Google Data Analytics,8.65,8,5,Data Scientist
Bachelor's,Business,"Marketing, Communication, MS Office",Digital Marketing,6.33,8,9,Marketing Executive
Bachelor's,Commerce,"Accounting, Financial Analysis, MS Office",Tally ERP,7.13,6,10,Junior Accountant
Intermediate,Commerce,"MS Office, Communication",Tally ERP,6.81,7,6,Clerk
Bachelor's,Commerce,"Python, SQL, Data Analysis",Google Data Analytics,6.11,8,6,Data Analyst
Master's,Computer Science,"Python, Machine Learning, SQL",AWS Certified,7.78,9,9,ML Engineer
Bachelor's,Finance,"Financial Analysis, Accounting, Excel",CFA Level 1,9.75,9,8,Financial Analyst
Bachelor's,Finance,"Financial Analysis, Accounting, Excel",CFA Level 1,8.27,5,7,Financial Analyst
PhD,Science,"Machine Learning, Data Analysis, Python",No Certification,8.05,8,6,Research Scientist
Bachelor's,Business,"Marketing, Communication, MS Office",Digital Marketing,9.03,10,8,Marketing Executive
Bachelor's,Business,"Data Analysis, Communication, MS Office",Google Data Analytics,7.19,7,8,Business Analyst
Intermediate,Business,"Communication, Marketing, MS Office",Digital Marketing,7.66,7,5,Sales Assistant
Bachelor's,Commerce,"Accounting, Financial Analysis, MS Office",Tally ERP,6.53,6,10,Junior Accountant
Bachelor's,Computer Science,"Python, SQL, Machine Learning",AWS Certified,7.38,5,6,Software Engineer
Bachelor's,Commerce,"Python, SQL, Data Analysis",Google Data Analytics,9.84,9,5,Data Analyst
Intermediate,Commerce,"MS Office, Communication",No Certification,7.41,7,8,Data Entry Operator
Bachelor's,Commerce,"Python, SQL, Data Analysis",Google Data Analytics,7.69,7,9,Data Analyst
Bachelor's,Business,"Data Analysis, Communication, MS Office",Google Data Analytics,7.14,5,6,Business Analyst
Bachelor's,Commerce,"Accounting, Financial Analysis, MS Office",Tally ERP,8.98,7,7,Junior Accountant
Bachelor's,Commerce,"Accounting, Financial Analysis, MS Office",Tally ERP,7.33,5,6,Junior Accountant
Bachelor's,Commerce,"Accounting, Financial Analysis, MS Office",Tally ERP,8.08,7,7,Junior Accountant
Bachelor's,Finance,"Financial Analysis, Accounting, Excel",CFA Level 1,7.66,10,7,Financial Analyst
Master's,Computer Science,"Python, Machine Learning, Data Analysis",Google Data Analytics,9.22,8,10,Data Scientist
Intermediate,Commerce,"MS Office, Communication",Tally ERP,9.63,9,8,Clerk
PhD,Science,"Machine Learning, Data Analysis, Python",No Certification,9.58,7,6,Research Scientist
Bachelor's,Business,"Marketing, Communication, MS Office",Digital Marketing,9.03,5,8,Marketing Executive
Master's,Psychology,"Counseling, Communication",Mental Health Basics,9.43,10,10,School Counselor
Bachelor's,Business,"Data Analysis, Communication, MS Office",Google Data Analytics,6.2,10,7,Business Analyst
Master's,Computer Science,"Python, Machine Learning, SQL",AWS Certified,7.67,7,6,ML Engineer
Master's,Computer Science,"Python, Machine Learning, SQL",AWS Certified,6.31,6,10,ML Engineer
Bachelor's,Commerce,"Accounting, Financial Analysis, MS Office",Tally ERP,6.82,10,10,Junior Accountant
Intermediate,Business,"Communication, Marketing, MS Office",Digital Marketing,9.83,5,5,Sales Assistant
Bachelor's,Commerce,"Python, SQL, Data Analysis",Google Data Analytics,7.45,8,7,Data Analyst
Bachelor's,Finance,"Financial Analysis, Accounting, Excel",CFA Level 1,7.54,10,5,Financial Analyst
Intermediate,Commerce,"MS Office, Communication",Tally ERP,7.84,5,5,Clerk
Master's,Computer Science,"Python, Machine Learning, SQL",AWS Certified,7.73,10,6,ML Engineer
Bachelor's,Finance,"Financial Analysis, Accounting, Excel",CFA Level 1,9.83,6,7,Financial Analyst
Master's,Computer Science,"Python, Machine Learning, Data Analysis",Google Data Analytics,8.51,7,9,Data Scientist
Intermediate,Commerce,"MS Office, Communication",No Certification,9.73,10,8,Data Entry Operator
Bachelor's,Finance,"Financial Analysis, Accounting, Excel",CFA Level 1,9.73,7,10,Financial Analyst
Intermediate,Business,"Communication, Marketing, MS Office",Digital Marketing,6.06,5,5,Sales Assistant
Intermediate,Commerce,"MS Office, Communication",Tally ERP,7.27,8,10,Clerk
Master's,Psychology,"Counseling, Communication",Mental Health Basics,6.74,9,8,School Counselor
Master's,Computer Science,"Python, Machine Learning, SQL",AWS Certified,7.4,7,9,ML Engineer
Bachelor's,Computer Science,"Python, SQL, Machine Learning",AWS Certified,8.94,6,6,Software Engineer
PhD,Science,"Communication, Research",No Certification,6.8,8,7,Professor
Bachelor's,Commerce,"Accounting, Financial Analysis, MS Office",Tally ERP,6.75,5,5,Junior Accountant
Bachelor's,Business,"Data Analysis, Communication, MS Office",Google Data Analytics,8.28,6,5,Business Analyst
Master's,Computer Science,"Python, Machine Learning, Data Analysis",Google Data Analytics,9.97,8,7,Data Scientist
Bachelor's,Business,"Data Analysis, Communication, MS Office",Google Data Analytics,7.65,5,10,Business Analyst
Bachelor's,Business,"Data Analysis, Communication, MS Office",Google Data Analytics,9.34,6,6,Business Analyst
Bachelor's,Computer Science,"Python, SQL, Machine Learning",AWS Certified,9.81,10,7,Software Engineer
Intermediate,Commerce,"MS Office, Communication",Tally ERP,8.72,7,9,Clerk
Bachelor's,Finance,"Financial Analysis, Accounting, Excel",CFA Level 1,8.3,8,9,Financial Analyst
Bachelor's,Finance,"Financial Analysis, Accounting, Excel",CFA Level 1,9.87,6,6,Financial Analyst
Bachelor's,Business,"Data Analysis, Communication, MS Office",Google Data Analytics,8.37,8,9,Business Analyst
Intermediate,Commerce,"MS Office, Communication",No Certification,6.53,7,6,Data Entry Operator
PhD,Science,"Communication, Research",No Certification,6.46,6,7,Professor
Intermediate,Commerce,"MS Office, Communication",No Certification,7.71,8,5,Data Entry Operator
Bachelor's,Commerce,"Python, SQL, Data Analysis",Google Data Analytics,8.56,10,10,Data Analyst
Bachelor's,Commerce,"Accounting, Financial Analysis, MS Office",Tally ERP,8.07,6,9,Junior Accountant
PhD,Science,"Communication, Research",No Certification,6.15,9,6,Professor
Bachelor's,Finance,"Financial Analysis, Accounting, Excel",CFA Level 1,9.53,10,10,Financial Analyst
PhD,Science,"Machine Learning, Data Analysis, Python",No Certification,8.79,8,6,Research Scientist
PhD,Science,"Communication, Research",No Certification,7.0,6,10,Professor
Bachelor's,Business,"Data Analysis, Communication, MS Office",Google Data Analytics,6.03,9,5,Business Analyst
Bachelor's,Commerce,"Accounting, Financial Analysis, MS Office",Tally ERP,6.91,9,9,Junior Accountant
PhD,Science,"Machine Learning, Data Analysis, Python",No Certification,8.24,10,10,Research Scientist
Intermediate,Commerce,"MS Office, Communication",Tally ERP,8.74,10,7,Clerk
Bachelor's,Commerce,"Python, SQL, Data Analysis",Google Data Analytics,6.23,10,6,Data Analyst
Master's,Computer Science,"Python, Machine Learning, SQL",AWS Certified,9.33,8,6,ML Engineer
PhD,Science,"Machine Learning, Data Analysis, Python",No Certification,7.43,5,5,Research Scientist
PhD,Science,"Communication, Research",No Certification,9.82,8,10,Professor
PhD,Science,"Communication, Research",No Certification,9.73,10,9,Professor
PhD,Science,"Communication, Research",No Certification,6.63,10,5,Professor
Master's,Computer Science,"Python, Machine Learning, SQL",AWS Certified,7.2,10,8,ML Engineer
Intermediate,Commerce,"MS Office, Communication",No Certification,7.04,8,6,Data Entry Operator
Bachelor's,Business,"Marketing, Communication, MS Office",Digital Marketing,8.08,9,5,Marketing Executive
Intermediate,Business,"Communication, Marketing, MS Office",Digital Marketing,6.33,8,10,Sales Assistant
Bachelor's,Business,"Data Analysis, Communication, MS Office",Google Data Analytics,9.18,7,9,Business Analyst
PhD,Science,"Communication, Research",No Certification,9.07,5,10,Professor
Bachelor's,Commerce,"Python, SQL, Data Analysis",Google Data Analytics,7.48,8,10,Data Analyst
Bachelor's,Commerce,"Accounting, Financial Analysis, MS Office",Tally ERP,7.38,5,8,Junior Accountant
Intermediate,Commerce,"MS Office, Communication",No Certification,7.31,5,5,Data Entry Operator
Master's,Computer Science,"Python, Machine Learning, Data Analysis",Google Data Analytics,6.6,5,7,Data Scientist
PhD,Science,"Communication, Research",No Certification,7.72,9,6,Professor
Master's,Psychology,"Counseling, Communication",Mental Health Basics,6.99,6,5,School Counselor
Intermediate,Commerce,"MS Office, Communication",No Certification,9.34,10,7,Data Entry Operator
Bachelor's,Commerce,"Accounting, Financial Analysis, MS Office",Tally ERP,7.76,8,7,Junior Accountant
PhD,Science,"Communication, Research",No Certification,9.98,5,5,Professor
Intermediate,Commerce,"MS Office, Communication",Tally ERP,9.24,10,6,Clerk
Intermediate,Commerce,"MS Office, Communication",No Certification,7.13,8,7,Data Entry Operator
Bachelor's,Business,"Marketing, Communication, MS Office",Digital Marketing,6.92,5,5,Marketing Executive
Master's,Psychology,"Counseling, Communication",Mental Health Basics,8.72,9,9,School Counselor
Master's,Psychology,"Counseling, Communication",Mental Health Basics,7.2,5,7,School Counselor
Master's,Computer Science,"Python, Machine Learning, Data Analysis",Google Data Analytics,8.5,9,9,Data Scientist
Master's,Computer Science,"Python, Machine Learning, SQL",AWS Certified,9.74,6,7,ML Engineer
Bachelor's,Finance,"Financial Analysis, Accounting, Excel",CFA Level 1,8.09,7,8,Financial Analyst
Bachelor's,Computer Science,"Python, SQL, Machine Learning",AWS Certified,6.82,6,7,Software Engineer
Intermediate,Business,"Communication, Marketing, MS Office",Digital Marketing,7.93,9,8,Sales Assistant
Master's,Psychology,"Counseling, Communication",Mental Health Basics,6.63,7,7,School Counselor
Bachelor's,Commerce,"Accounting, Financial Analysis, MS Office",Tally ERP,7.08,6,8,Junior Accountant
Bachelor's,Commerce,"Python, SQL, Data Analysis",Google Data Analytics,7.15,7,8,Data Analyst
Bachelor's,Commerce,"Accounting, Financial Analysis, MS Office",Tally ERP,6.27,8,6,Junior Accountant
Bachelor's,Commerce,"Python, SQL, Data Analysis",Google Data Analytics,7.09,10,6,Data Analyst
PhD,Science,"Communication, Research",No Certification,6.69,8,8,Professor
PhD,Science,"Communication, Research",No Certification,9.43,7,8,Professor
Intermediate,Commerce,"MS Office, Communication",No Certification,8.7,9,10,Data Entry Operator
Bachelor's,Commerce,"Accounting, Financial Analysis, MS Office",Tally ERP,7.32,8,8,Junior Accountant
Bachelor's,Business,"Marketing, Communication, MS Office",Digital Marketing,7.76,10,8,Marketing Executive
Intermediate,Business,"Communication, Marketing, MS Office",Digital Marketing,8.05,7,5,Sales Assistant
PhD,Science,"Machine Learning, Data Analysis, Python",No Certification,8.27,5,5,Research Scientist
PhD,Science,"Machine Learning, Data Analysis, Python",No Certification,7.73,6,6,Research Scientist
Bachelor's,Commerce,"Python, SQL, Data Analysis",Google Data Analytics,7.45,7,6,Data Analyst
PhD,Science,"Communication, Research",No Certification,9.77,6,10,Professor
Bachelor's,Commerce,"Accounting, Financial Analysis, MS Office",Tally ERP,8.39,6,6,Junior Accountant
Master's,Computer Science,"Python, Machine Learning, Data Analysis",Google Data Analytics,9.92,5,7,Data Scientist
Bachelor's,Business,"Data Analysis, Communication, MS Office",Google Data Analytics,7.63,6,9,Business Analyst
Intermediate,Commerce,"MS Office, Communication",No Certification,6.62,8,10,Data Entry Operator
Bachelor's,Computer Science,"Python, SQL, Machine Learning",AWS Certified,8.63,10,9,Software Engineer
Bachelor's,Finance,"Financial Analysis, Accounting, Excel",CFA Level 1,8.76,9,5,Financial Analyst
PhD,Science,"Machine Learning, Data Analysis, Python",No Certification,6.25,5,10,Research Scientist
Bachelor's,Commerce,"Python, SQL, Data Analysis",Google Data Analytics,6.89,5,5,Data Analyst
PhD,Science,"Machine Learning, Data Analysis, Python",No Certification,6.35,5,7,Research Scientist
Master's,Psychology,"Counseling, Communication",Mental Health Basics,6.05,5,9,School Counselor
Bachelor's,Computer Science,"Python, SQL, Machine Learning",AWS Certified,8.04,10,10,Software Engineer
Intermediate,Business,"Communication, Marketing, MS Office",Digital Marketing,8.97,8,8,Sales Assistant
Intermediate,Commerce,"MS Office, Communication",No Certification,7.2,8,10,Data Entry Operator
Bachelor's,Computer Science,"Python, SQL, Machine Learning",AWS Certified,7.83,5,10,Software Engineer
Bachelor's,Business,"Marketing, Communication, MS Office",Digital Marketing,8.45,9,5,Marketing Executive
Intermediate,Business,"Communication, Marketing, MS Office",Digital Marketing,9.86,9,6,Sales Assistant
PhD,Science,"Communication, Research",No Certification,8.97,7,5,Professor
Bachelor's,Business,"Marketing, Communication, MS Office",Digital Marketing,9.18,5,6,Marketing Executive
Master's,Psychology,"Counseling, Communication",Mental Health Basics,9.18,9,6,School Counselor
Bachelor's,Commerce,"Python, SQL, Data Analysis",Google Data Analytics,6.47,7,8,Data Analyst
Master's,Psychology,"Counseling, Communication",Mental Health Basics,7.72,9,7,School Counselor
Bachelor's,Business,"Marketing, Communication, MS Office",Digital Marketing,7.57,6,8,Marketing Executive
PhD,Science,"Communication, Research",No Certification,6.59,7,9,Professor
Bachelor's,Finance,"Financial Analysis, Accounting, Excel",CFA Level 1,7.05,6,6,Financial Analyst
Intermediate,Commerce,"MS Office, Communication",No Certification,7.44,6,6,Data Entry Operator
Intermediate,Business,"Communication, Marketing, MS Office",Digital Marketing,9.58,8,9,Sales Assistant
PhD,Science,"Communication, Research",No Certification,7.09,6,5,Professor
Intermediate,Commerce,"MS Office, Communication",No Certification,9.11,9,8,Data Entry Operator
Intermediate,Business,"Communication, Marketing, MS Office",Digital Marketing,6.34,6,10,Sales Assistant
Intermediate,Business,"Communication, Marketing, MS Office",Digital Marketing,7.52,6,9,Sales Assistant
Bachelor's,Commerce,"Python, SQL, Data Analysis",Google Data Analytics,9.38,7,7,Data Analyst
Intermediate,Commerce,"MS Office, Communication",No Certification,6.54,9,10,Data Entry Operator
Bachelor's,Business,"Data Analysis, Communication, MS Office",Google Data Analytics,8.82,8,7,Business Analyst
Intermediate,Commerce,"MS Office, Communication",Tally ERP,9.08,6,6,Clerk
Bachelor's,Business,"Marketing, Communication, MS Office",Digital Marketing,9.43,6,6,Marketing Executive
Bachelor's,Commerce,"Python, SQL, Data Analysis",Google Data Analytics,7.26,5,9,Data Analyst
Bachelor's,Business,"Data Analysis, Communication, MS Office",Google Data Analytics,9.14,9,8,Business Analyst
Master's,Computer Science,"Python, Machine Learning, SQL",AWS Certified,9.09,7,5,ML Engineer
Master's,Computer Science,"Python, Machine Learning, Data Analysis",Google Data Analytics,9.43,5,8,Data Scientist
Bachelor's,Computer Science,"Python, SQL, Machine Learning",AWS Certified,6.05,9,5,Software Engineer
PhD,Science,"Communication, Research",No Certification,7.31,5,7,Professor
Intermediate,Business,"Communication, Marketing, MS Office",Digital Marketing,8.8,5,10,Sales Assistant
Bachelor's,Commerce,"Accounting, Financial Analysis, MS Office",Tally ERP,8.98,8,9,Junior Accountant
PhD,Science,"Machine Learning, Data Analysis, Python",No Certification,6.99,6,9,Research Scientist
Bachelor's,Computer Science,"Python, SQL, Machine Learning",AWS Certified,8.37,9,8,Software Engineer
Bachelor's,Commerce,"Python, SQL, Data Analysis",Google Data Analytics,7.56,5,6,Data Analyst
Bachelor's,Business,"Data Analysis, Communication, MS Office",Google Data Analytics,8.32,9,10,Business Analyst
PhD,Science,"Machine Learning, Data Analysis, Python",No Certification,9.85,10,8,Research Scientist
Intermediate,Commerce,"MS Office, Communication",Tally ERP,6.16,7,8,Clerk
Intermediate,Business,"Communication, Marketing, MS Office",Digital Marketing,9.24,7,5,Sales Assistant
Bachelor's,Business,"Data Analysis, Communication, MS Office",Google Data Analytics,8.69,8,6,Business Analyst
Bachelor's,Computer Science,"Python, SQL, Machine Learning",AWS Certified,8.67,9,6,Software Engineer
Intermediate,Business,"Communication, Marketing, MS Office",Digital Marketing,9.96,10,9,Sales Assistant
PhD,Science,"Communication, Research",No Certification,8.54,8,7,Professor
Intermediate,Business,"Communication, Marketing, MS Office",Digital Marketing,8.17,8,8,Sales Assistant
Bachelor's,Finance,"Financial Analysis, Accounting, Excel",CFA Level 1,9.08,10,8,Financial Analyst
PhD,Science,"Communication, Research",No Certification,8.25,8,6,Professor
Bachelor's,Finance,"Financial Analysis, Accounting, Excel",CFA Level 1,6.98,6,6,Financial Analyst
Master's,Psychology,"Counseling, Communication",Mental Health Basics,7.49,10,5,School Counselor
Master's,Computer Science,"Python, Machine Learning, Data Analysis",Google Data Analytics,7.23,10,8,Data Scientist
Intermediate,Commerce,"MS Office, Communication",No Certification,6.07,8,5,Data Entry Operator
PhD,Science,"Machine Learning, Data Analysis, Python",No Certification,8.46,7,7,Research Scientist
Intermediate,Commerce,"MS Office, Communication",No Certification,9.87,6,9,Data Entry Operator
Bachelor's,Commerce,"Accounting, Financial Analysis, MS Office",Tally ERP,8.98,10,5,Junior Accountant
Master's,Computer Science,"Python, Machine Learning, SQL",AWS Certified,9.35,10,6,ML Engineer
Master's,Computer Science,"Python, Machine Learning, SQL",AWS Certified,9.38,8,9,ML Engineer
Bachelor's,Finance,"Financial Analysis, Accounting, Excel",CFA Level 1,7.6,8,5,Financial Analyst
Master's,Computer Science,"Python, Machine Learning, Data Analysis",Google Data Analytics,6.52,9,5,Data Scientist
Bachelor's,Computer Science,"Python, SQL, Machine Learning",AWS Certified,6.25,5,9,Software Engineer
Intermediate,Commerce,"MS Office, Communication",Tally ERP,6.64,10,5,Clerk
Master's,Computer Science,"Python, Machine Learning, SQL",AWS Certified,8.71,8,9,ML Engineer
Bachelor's,Business,"Marketing, Communication, MS Office",Digital Marketing,9.06,10,5,Marketing Executive
PhD,Science,"Communication, Research",No Certification,8.19,7,9,Professor
Bachelor's,Business,"Marketing, Communication, MS Office",Digital Marketing,6.1,10,7,Marketing Executive
Master's,Psychology,"Counseling, Communication",Mental Health Basics,8.1,7,9,School Counselor
PhD,Science,"Communication, Research",No Certification,8.41,8,5,Professor
Master's,Psychology,"Counseling, Communication",Mental Health Basics,8.1,10,6,School Counselor
Master's,Computer Science,"Python, Machine Learning, Data Analysis",Google Data Analytics,9.01,6,6,Data Scientist
Intermediate,Commerce,"MS Office, Communication",Tally ERP,9.66,6,6,Clerk
Bachelor's,Business,"Marketing, Communication, MS Office",Digital Marketing,8.2,5,6,Marketing Executive
Master's,Psychology,"Counseling, Communication",Mental Health Basics,9.63,7,7,School Counselor
Bachelor's,Finance,"Financial Analysis, Accounting, Excel",CFA Level 1,8.88,5,7,Financial Analyst
Intermediate,Commerce,"MS Office, Communication",No Certification,7.05,9,7,Data Entry Operator
PhD,Science,"Machine Learning, Data Analysis, Python",No Certification,7.39,5,8,Research Scientist
Intermediate,Business,"Communication, Marketing, MS Office",Digital Marketing,7.83,7,9,Sales Assistant
Bachelor's,Commerce,"Accounting, Financial Analysis, MS Office",Tally ERP,9.05,9,10,Junior Accountant
Intermediate,Commerce,"MS Office, Communication",Tally ERP,7.29,10,9,Clerk
PhD,Science,"Communication, Research",No Certification,7.91,8,10,Professor
Intermediate,Commerce,"MS Office, Communication",Tally ERP,6.38,10,6,Clerk
PhD,Science,"Communication, Research",No Certification,9.6,5,9,Professor
Intermediate,Commerce,"MS Office, Communication",Tally ERP,8.77,8,5,Clerk
Bachelor's,Business,"Data Analysis, Communication, MS Office",Google Data Analytics,9.49,10,6,Business Analyst
PhD,Science,"Machine Learning, Data Analysis, Python",No Certification,7.98,5,5,Research Scientist
Bachelor's,Business,"Marketing, Communication, MS Office",Digital Marketing,7.53,7,9,Marketing Executive
Bachelor's,Commerce,"Python, SQL, Data Analysis",Google Data Analytics,8.7,9,6,Data Analyst
Master's,Computer Science,"Python, Machine Learning, Data Analysis",Google Data Analytics,6.18,8,9,Data Scientist
Master's,Computer Science,"Python, Machine Learning, SQL",AWS Certified,7.13,9,7,ML Engineer
Bachelor's,Business,"Data Analysis, Communication, MS Office",Google Data Analytics,6.22,5,5,Business Analyst
Intermediate,Commerce,"MS Office, Communication",Tally ERP,6.29,8,9,Clerk
Bachelor's,Finance,"Financial Analysis, Accounting, Excel",CFA Level 1,9.67,5,5,Financial Analyst
Intermediate,Commerce,"MS Office, Communication",Tally ERP,8.69,7,10,Clerk
Bachelor's,Business,"Marketing, Communication, MS Office",Digital Marketing,9.29,8,7,Marketing Executive
Bachelor's,Commerce,"Python, SQL, Data Analysis",Google Data Analytics,9.66,9,7,Data Analyst
Intermediate,Commerce,"MS Office, Communication",No Certification,6.09,7,9,Data Entry Operator
Bachelor's,Business,"Data Analysis, Communication, MS Office",Google Data Analytics,7.84,10,6,Business Analyst
Intermediate,Commerce,"MS Office, Communication",Tally ERP,9.42,9,5,Clerk
Intermediate,Commerce,"MS Office, Communication",Tally ERP,8.35,9,6,Clerk
Bachelor's,Commerce,"Python, SQL, Data Analysis",Google Data Analytics,8.72,9,9,Data Analyst
Intermediate,Business,"Communication, Marketing, MS Office",Digital Marketing,7.63,9,9,Sales Assistant
Master's,Computer Science,"Python, Machine Learning, Data Analysis",Google Data Analytics,8.33,9,7,Data Scientist
Bachelor's,Commerce,"Accounting, Financial Analysis, MS Office",Tally ERP,8.06,6,10,Junior Accountant
Master's,Computer Science,"Python, Machine Learning, SQL",AWS Certified,8.99,5,7,ML Engineer
Master's,Computer Science,"Python, Machine Learning, Data Analysis",Google Data Analytics,9.94,10,9,Data Scientist
Bachelor's,Business,"Marketing, Communication, MS Office",Digital Marketing,8.37,9,5,Marketing Executive
Intermediate,Commerce,"MS Office, Communication",No Certification,7.64,8,7,Data Entry Operator
Bachelor's,Business,"Marketing, Communication, MS Office",Digital Marketing,8.07,6,8,Marketing Executive
Bachelor's,Business,"Data Analysis, Communication, MS Office",Google Data Analytics,8.42,7,9,Business Analyst
Bachelor's,Computer Science,"Python, SQL, Machine Learning",AWS Certified,9.0,5,10,Software Engineer
Intermediate,Business,"Communication, Marketing, MS Office",Digital Marketing,6.29,9,10,Sales Assistant
Intermediate,Commerce,"MS Office, Communication",Tally ERP,6.27,8,7,Clerk
Intermediate,Commerce,"MS Office, Communication",No Certification,9.29,7,6,Data Entry Operator
Bachelor's,Business,"Data Analysis, Communication, MS Office",Google Data Analytics,7.26,8,6,Business Analyst
Bachelor's,Commerce,"Accounting, Financial Analysis, MS Office",Tally ERP,7.18,5,9,Junior Accountant
Bachelor's,Business,"Marketing, Communication, MS Office",Digital Marketing,8.31,10,10,Marketing Executive
Bachelor's,Business,"Marketing, Communication, MS Office",Digital Marketing,6.36,10,7,Marketing Executive
Bachelor's,Computer Science,"Python, SQL, Machine Learning",AWS Certified,7.6,6,10,Software Engineer
PhD,Science,"Machine Learning, Data Analysis, Python",No Certification,9.8,8,10,Research Scientist
Bachelor's,Business,"Data Analysis, Communication, MS Office",Google Data Analytics,9.26,5,10,Business Analyst
Master's,Computer Science,"Python, Machine Learning, SQL",AWS Certified,9.26,6,10,ML Engineer
Bachelor's,Commerce,"Accounting, Financial Analysis, MS Office",Tally ERP,8.25,7,7,Junior Accountant
Bachelor's,Business,"Data Analysis, Communication, MS Office",Google Data Analytics,9.21,10,10,Business Analyst
Master's,Computer Science,"Python, Machine Learning, Data Analysis",Google Data Analytics,6.52,8,7,Data Scientist
Master's,Psychology,"Counseling, Communication",Mental Health Basics,7.39,7,7,School Counselor
Bachelor's,Commerce,"Accounting, Financial Analysis, MS Office",Tally ERP,7.61,6,6,Junior Accountant
Intermediate,Commerce,"MS Office, Communication",Tally ERP,8.81,8,6,Clerk
Intermediate,Commerce,"MS Office, Communication",No Certification,9.09,10,5,Data Entry Operator
Bachelor's,Commerce,"Accounting, Financial Analysis, MS Office",Tally ERP,9.13,10,6,Junior Accountant
PhD,Science,"Machine Learning, Data Analysis, Python",No Certification,8.14,7,10,Research Scientist
Intermediate,Commerce,"MS Office, Communication",No Certification,8.32,8,10,Data Entry Operator
Bachelor's,Computer Science,"Python, SQL, Machine Learning",AWS Certified,6.98,8,10,Software Engineer
Master's,Psychology,"Counseling, Communication",Mental Health Basics,7.99,5,8,School Counselor
Bachelor's,Commerce,"Accounting, Financial Analysis, MS Office",Tally ERP,7.12,8,10,Junior Accountant
Bachelor's,Business,"Marketing, Communication, MS Office",Digital Marketing,6.61,10,6,Marketing Executive
Intermediate,Commerce,"MS Office, Communication",Tally ERP,7.96,9,5,Clerk
Intermediate,Commerce,"MS Office, Communication",No Certification,6.32,7,7,Data Entry Operator
Bachelor's,Finance,"Financial Analysis, Accounting, Excel",CFA Level 1,8.31,8,10,Financial Analyst
Bachelor's,Business,"Data Analysis, Communication, MS Office",Google Data Analytics,6.91,8,6,Business Analyst
Intermediate,Commerce,"MS Office, Communication",Tally ERP,8.35,6,6,Clerk
Master's,Psychology,"Counseling, Communication",Mental Health Basics,6.6,7,10,School Counselor
Intermediate,Business,"Communication, Marketing, MS Office",Digital Marketing,7.92,5,7,Sales Assistant
Intermediate,Commerce,"MS Office, Communication",Tally ERP,8.06,7,7,Clerk
Bachelor's,Business,"Marketing, Communication, MS Office",Digital Marketing,7.16,7,7,Marketing Executive
Intermediate,Business,"Communication, Marketing, MS Office",Digital Marketing,8.69,8,6,Sales Assistant
PhD,Science,"Communication, Research",No Certification,6.8,6,10,Professor
Bachelor's,Finance,"Financial Analysis, Accounting, Excel",CFA Level 1,8.75,10,5,Financial Analyst
Master's,Psychology,"Counseling, Communication",Mental Health Basics,9.6,8,9,School Counselor
Master's,Computer Science,"Python, Machine Learning, SQL",AWS Certified,9.22,6,5,ML Engineer
Intermediate,Commerce,"MS Office, Communication",No Certification,8.48,5,10,Data Entry Operator
Master's,Computer Science,"Python, Machine Learning, Data Analysis",Google Data Analytics,6.25,9,7,Data Scientist
Bachelor's,Commerce,"Accounting, Financial Analysis, MS Office",Tally ERP,6.83,5,10,Junior Accountant
Master's,Computer Science,"Python, Machine Learning, SQL",AWS Certified,8.96,6,7,ML Engineer
Bachelor's,Commerce,"Python, SQL, Data Analysis",Google Data Analytics,9.24,5,7,Data Analyst
Bachelor's,Business,"Data Analysis, Communication, MS Office",Google Data Analytics,8.02,10,9,Business Analyst
Master's,Computer Science,"Python, Machine Learning, Data Analysis",Google Data Analytics,8.43,7,6,Data Scientist
Bachelor's,Computer Science,"Python, SQL, Machine Learning",AWS Certified,8.46,8,9,Software Engineer
Bachelor's,Business,"Marketing, Communication, MS Office",Digital Marketing,7.04,6,9,Marketing Executive
Bachelor's,Business,"Marketing, Communication, MS Office",Digital Marketing,6.71,10,9,Marketing Executive
Bachelor's,Finance,"Financial Analysis, Accounting, Excel",CFA Level 1,8.49,9,8,Financial Analyst
Master's,Computer Science,"Python, Machine Learning, Data Analysis",Google Data Analytics,7.8,9,5,Data Scientist
PhD,Science,"Communication, Research",No Certification,7.49,8,6,Professor
Bachelor's,Commerce,"Python, SQL, Data Analysis",Google Data Analytics,8.39,5,5,Data Analyst
Master's,Computer Science,"Python, Machine Learning, Data Analysis",Google Data Analytics,7.66,6,8,Data Scientist
Bachelor's,Commerce,"Accounting, Financial Analysis, MS Office",Tally ERP,9.94,6,10,Junior Accountant
Bachelor's,Computer Science,"Python, SQL, Machine Learning",AWS Certified,6.94,6,10,Software Engineer
Master's,Computer Science,"Python, Machine Learning, SQL",AWS Certified,7.89,9,5,ML Engineer
Bachelor's,Commerce,"Python, SQL, Data Analysis",Google Data Analytics,7.07,5,7,Data Analyst
Bachelor's,Business,"Data Analysis, Communication, MS Office",Google Data Analytics,9.19,8,8,Business Analyst
Intermediate,Commerce,"MS Office, Communication",Tally ERP,7.93,7,7,Clerk
Bachelor's,Finance,"Financial Analysis, Accounting, Excel",CFA Level 1,8.11,5,10,Financial Analyst
Intermediate,Commerce,"MS Office, Communication",Tally ERP,6.17,7,8,Clerk
Intermediate,Business,"Communication, Marketing, MS Office",Digital Marketing,6.88,5,9,Sales Assistant
Master's,Psychology,"Counseling, Communication",Mental Health Basics,7.79,5,7,School Counselor
Bachelor's,Commerce,"Python, SQL, Data Analysis",Google Data Analytics,6.58,9,6,Data Analyst
Bachelor's,Business,"Marketing, Communication, MS Office",Digital Marketing,7.73,9,7,Marketing Executive
Intermediate,Business,"Communication, Marketing, MS Office",Digital Marketing,6.07,5,10,Sales Assistant
Intermediate,Commerce,"MS Office, Communication",Tally ERP,8.23,5,6,Clerk
Bachelor's,Business,"Marketing, Communication, MS Office",Digital Marketing,6.8,7,9,Marketing Executive
Bachelor's,Business,"Data Analysis, Communication, MS Office",Google Data Analytics,6.75,8,9,Business Analyst
Bachelor's,Finance,"Financial Analysis, Accounting, Excel",CFA Level 1,6.65,10,7,Financial Analyst
Master's,Psychology,"Counseling, Communication",Mental Health Basics,9.42,10,5,School Counselor
PhD,Science,"Communication, Research",No Certification,8.98,7,6,Professor
Bachelor's,Finance,"Financial Analysis, Accounting, Excel",CFA Level 1,8.99,5,5,Financial Analyst
Intermediate,Commerce,"MS Office, Communication",No Certification,7.97,9,5,Data Entry Operator
Bachelor's,Commerce,"Accounting, Financial Analysis, MS Office",Tally ERP,7.42,8,7,Junior Accountant
Intermediate,Commerce,"MS Office, Communication",No Certification,8.95,9,10,Data Entry Operator
Intermediate,Commerce,"MS Office, Communication",No Certification,8.76,5,6,Data Entry Operator
Intermediate,Business,"Communication, Marketing, MS Office",Digital Marketing,6.84,6,5,Sales Assistant
PhD,Science,"Machine Learning, Data Analysis, Python",No Certification,8.25,7,7,Research Scientist
Master's,Computer Science,"Python, Machine Learning, SQL",AWS Certified,6.16,8,10,ML Engineer
Master's,Computer Science,"Python, Machine Learning, SQL",AWS Certified,8.83,6,5,ML Engineer
Bachelor's,Commerce,"Python, SQL, Data Analysis",Google Data Analytics,9.24,9,9,Data Analyst
Master's,Computer Science,"Python, Machine Learning, SQL",AWS Certified,9.04,7,5,ML Engineer
Intermediate,Business,"Communication, Marketing, MS Office",Digital Marketing,7.76,6,5,Sales Assistant
Master's,Computer Science,"Python, Machine Learning, Data Analysis",Google Data Analytics,8.47,10,5,Data Scientist
Bachelor's,Finance,"Financial Analysis, Accounting, Excel",CFA Level 1,8.19,7,8,Financial Analyst
Intermediate,Commerce,"MS Office, Communication",No Certification,6.75,5,5,Data Entry Operator
Intermediate,Commerce,"MS Office, Communication",No Certification,9.12,6,5,Data Entry Operator
Intermediate,Business,"Communication, Marketing, MS Office",Digital Marketing,9.68,6,5,Sales Assistant
Master's,Computer Science,"Python, Machine Learning, SQL",AWS Certified,7.93,8,10,ML Engineer
Intermediate,Commerce,"MS Office, Communication",No Certification,7.17,7,5,Data Entry Operator
Intermediate,Commerce,"MS Office, Communication",No Certification,6.4,6,7,Data Entry Operator
Bachelor's,Business,"Data Analysis, Communication, MS Office",Google Data Analytics,8.85,9,8,Business Analyst
Intermediate,Commerce,"MS Office, Communication",Tally ERP,8.41,7,5,Clerk
Master's,Computer Science,"Python, Machine Learning, Data Analysis",Google Data Analytics,9.34,5,7,Data Scientist
Master's,Computer Science,"Python, Machine Learning, Data Analysis",Google Data Analytics,7.35,8,10,Data Scientist
Master's,Computer Science,"Python, Machine Learning, Data Analysis",Google Data Analytics,6.99,8,5,Data Scientist
Bachelor's,Business,"Data Analysis, Communication, MS Office",Google Data Analytics,9.35,9,10,Business Analyst
Intermediate,Business,"Communication, Marketing, MS Office",Digital Marketing,6.16,7,8,Sales Assistant
Master's,Computer Science,"Python, Machine Learning, SQL",AWS Certified,9.66,5,10,ML Engineer
Bachelor's,Finance,"Financial Analysis, Accounting, Excel",CFA Level 1,8.73,8,6,Financial Analyst
Intermediate,Business,"Communication, Marketing, MS Office",Digital Marketing,9.17,8,9,Sales Assistant
Intermediate,Commerce,"MS Office, Communication",Tally ERP,7.27,9,10,Clerk
Bachelor's,Business,"Marketing, Communication, MS Office",Digital Marketing,9.5,7,9,Marketing Executive
Bachelor's,Business,"Data Analysis, Communication, MS Office",Google Data Analytics,6.97,10,7,Business Analyst
Master's,Psychology,"Counseling, Communication",Mental Health Basics,8.56,6,5,School Counselor
PhD,Science,"Machine Learning, Data Analysis, Python",No Certification,8.76,7,9,Research Scientist
Master's,Psychology,"Counseling, Communication",Mental Health Basics,8.81,10,5,School Counselor
Intermediate,Commerce,"MS Office, Communication",No Certification,9.81,7,8,Data Entry Operator
Master's,Computer Science,"Python, Machine Learning, Data Analysis",Google Data Analytics,7.0,6,9,Data Scientist
Bachelor's,Business,"Data Analysis, Communication, MS Office",Google Data Analytics,9.58,8,7,Business Analyst
Bachelor's,Commerce,"Python, SQL, Data Analysis",Google Data Analytics,6.62,10,9,Data Analyst
Intermediate,Commerce,"MS Office, Communication",Tally ERP,8.28,8,10,Clerk
PhD,Science,"Machine Learning, Data Analysis, Python",No Certification,6.66,7,6,Research Scientist
Master's,Computer Science,"Python, Machine Learning, SQL",AWS Certified,7.86,5,9,ML Engineer
PhD,Science,"Machine Learning, Data Analysis, Python",No Certification,8.13,5,8,Research Scientist
Bachelor's,Computer Science,"Python, SQL, Machine Learning",AWS Certified,7.86,10,9,Software Engineer
PhD,Science,"Communication, Research",No Certification,8.33,9,10,Professor
Master's,Psychology,"Counseling, Communication",Mental Health Basics,9.37,6,10,School Counselor
Master's,Computer Science,"Python, Machine Learning, Data Analysis",Google Data Analytics,6.35,9,6,Data Scientist
Intermediate,Commerce,"MS Office, Communication",Tally ERP,8.32,8,8,Clerk
Bachelor's,Commerce,"Python, SQL, Data Analysis",Google Data Analytics,8.67,10,9,Data Analyst
Master's,Computer Science,"Python, Machine Learning, Data Analysis",Google Data Analytics,6.88,8,5,Data Scientist
Bachelor's,Computer Science,"Python, SQL, Machine Learning",AWS Certified,7.79,9,7,Software Engineer
Bachelor's,Business,"Marketing, Communication, MS Office",Digital Marketing,6.21,7,9,Marketing Executive
PhD,Science,"Communication, Research",No Certification,7.7,8,6,Professor
Bachelor's,Finance,"Financial Analysis, Accounting, Excel",CFA Level 1,7.42,9,6,Financial Analyst
Bachelor's,Finance,"Financial Analysis, Accounting, Excel",CFA Level 1,6.21,9,6,Financial Analyst
Bachelor's,Business,"Marketing, Communication, MS Office",Digital Marketing,7.96,9,7,Marketing Executive
Intermediate,Business,"Communication, Marketing, MS Office",Digital Marketing,7.11,10,8,Sales Assistant
Intermediate,Commerce,"MS Office, Communication",No Certification,9.13,5,10,Data Entry Operator
Intermediate,Commerce,"MS Office, Communication",No Certification,9.17,8,5,Data Entry Operator
Bachelor's,Business,"Marketing, Communication, MS Office",Digital Marketing,8.58,7,9,Marketing Executive
PhD,Science,"Communication, Research",No Certification,9.55,9,7,Professor
Master's,Psychology,"Counseling, Communication",Mental Health Basics,8.25,5,10,School Counselor
PhD,Science,"Machine Learning, Data Analysis, Python",No Certification,9.8,8,8,Research Scientist
PhD,Science,"Communication, Research",No Certification,6.15,5,9,Professor
Intermediate,Commerce,"MS Office, Communication",No Certification,8.24,6,7,Data Entry Operator
Master's,Psychology,"Counseling, Communication",Mental Health Basics,7.09,9,6,School Counselor
Bachelor's,Commerce,"Accounting, Financial Analysis, MS Office",Tally ERP,7.74,9,9,Junior Accountant
Bachelor's,Business,"Marketing, Communication, MS Office",Digital Marketing,8.08,6,6,Marketing Executive
Bachelor's,Commerce,"Accounting, Financial Analysis, MS Office",Tally ERP,6.73,5,5,Junior Accountant
Master's,Psychology,"Counseling, Communication",Mental Health Basics,6.41,5,8,School Counselor
PhD,Science,"Communication, Research",No Certification,6.5,10,7,Professor
Bachelor's,Business,"Data Analysis, Communication, MS Office",Google Data Analytics,8.02,9,5,Business Analyst
Intermediate,Commerce,"MS Office, Communication",Tally ERP,9.64,7,8,Clerk
Bachelor's,Business,"Data Analysis, Communication, MS Office",Google Data Analytics,6.29,8,10,Business Analyst
Bachelor's,Commerce,"Python, SQL, Data Analysis",Google Data Analytics,9.03,9,10,Data Analyst
Intermediate,Commerce,"MS Office, Communication",No Certification,8.68,8,5,Data Entry Operator
Master's,Psychology,"Counseling, Communication",Mental Health Basics,7.4,9,8,School Counselor
Bachelor's,Finance,"Financial Analysis, Accounting, Excel",CFA Level 1,9.02,9,6,Financial Analyst
Bachelor's,Commerce,"Accounting, Financial Analysis, MS Office",Tally ERP,9.03,10,7,Junior Accountant
Bachelor's,Business,"Data Analysis, Communication, MS Office",Google Data Analytics,6.92,9,10,Business Analyst
Master's,Psychology,"Counseling, Communication",Mental Health Basics,8.04,8,6,School Counselor
Intermediate,Commerce,"MS Office, Communication",Tally ERP,7.41,10,10,Clerk
Intermediate,Business,"Communication, Marketing, MS Office",Digital Marketing,6.19,7,5,Sales Assistant
Bachelor's,Computer Science,"Python, SQL, Machine Learning",AWS Certified,7.35,8,5,Software Engineer
PhD,Science,"Communication, Research",No Certification,8.05,8,6,Professor
Bachelor's,Commerce,"Accounting, Financial Analysis, MS Office",Tally ERP,8.39,5,6,Junior Accountant
Bachelor's,Business,"Data Analysis, Communication, MS Office",Google Data Analytics,7.96,5,10,Business Analyst
Bachelor's,Business,"Marketing, Communication, MS Office",Digital Marketing,9.21,5,5,Marketing Executive
Bachelor's,Commerce,"Python, SQL, Data Analysis",Google Data Analytics,9.62,6,9,Data Analyst
Bachelor's,Finance,"Financial Analysis, Accounting, Excel",CFA Level 1,9.74,10,5,Financial Analyst
Bachelor's,Business,"Marketing, Communication, MS Office",Digital Marketing,6.43,5,6,Marketing Executive
Bachelor's,Commerce,"Python, SQL, Data Analysis",Google Data Analytics,8.53,8,9,Data Analyst
Intermediate,Business,"Communication, Marketing, MS Office",Digital Marketing,6.96,7,10,Sales Assistant
Bachelor's,Finance,"Financial Analysis, Accounting, Excel",CFA Level 1,6.41,6,7,Financial Analyst
Intermediate,Business,"Communication, Marketing, MS Office",Digital Marketing,7.66,5,5,Sales Assistant
Bachelor's,Business,"Data Analysis, Communication, MS Office",Google Data Analytics,8.75,5,10,Business Analyst
Bachelor's,Business,"Data Analysis, Communication, MS Office",Google Data Analytics,6.56,10,8,Business Analyst
Bachelor's,Business,"Data Analysis, Communication, MS Office",Google Data Analytics,8.57,7,10,Business Analyst
Master's,Computer Science,"Python, Machine Learning, SQL",AWS Certified,8.43,5,5,ML Engineer
Bachelor's,Business,"Data Analysis, Communication, MS Office",Google Data Analytics,6.08,6,8,Business Analyst
Bachelor's,Business,"Marketing, Communication, MS Office",Digital Marketing,6.78,9,5,Marketing Executive
Master's,Computer Science,"Python, Machine Learning, Data Analysis",Google Data Analytics,9.84,9,7,Data Scientist
Intermediate,Commerce,"MS Office, Communication",No Certification,8.84,8,8,Data Entry Operator
PhD,Science,"Communication, Research",No Certification,9.83,5,5,Professor
Bachelor's,Business,"Marketing, Communication, MS Office",Digital Marketing,8.58,7,9,Marketing Executive
Bachelor's,Finance,"Financial Analysis, Accounting, Excel",CFA Level 1,8.87,10,9,Financial Analyst
Master's,Computer Science,"Python, Machine Learning, Data Analysis",Google Data Analytics,7.78,9,9,Data Scientist
Intermediate,Commerce,"MS Office, Communication",No Certification,8.64,6,6,Data Entry Operator
Bachelor's,Business,"Marketing, Communication, MS Office",Digital Marketing,6.6,5,7,Marketing Executive
PhD,Science,"Machine Learning, Data Analysis, Python",No Certification,6.42,8,6,Research Scientist
Bachelor's,Finance,"Financial Analysis, Accounting, Excel",CFA Level 1,9.89,7,8,Financial Analyst
Bachelor's,Computer Science,"Python, SQL, Machine Learning",AWS Certified,9.4,8,6,Software Engineer
Bachelor's,Commerce,"Python, SQL, Data Analysis",Google Data Analytics,6.74,10,9,Data Analyst
Master's,Psychology,"Counseling, Communication",Mental Health Basics,9.14,5,9,School Counselor
PhD,Science,"Machine Learning, Data Analysis, Python",No Certification,7.54,9,6,Research Scientist
Intermediate,Commerce,"MS Office, Communication",No Certification,6.25,10,5,Data Entry Operator
Bachelor's,Commerce,"Accounting, Financial Analysis, MS Office",Tally ERP,9.58,10,8,Junior Accountant
Bachelor's,Business,"Data Analysis, Communication, MS Office",Google Data Analytics,6.72,5,10,Business Analyst
Bachelor's,Commerce,"Accounting, Financial Analysis, MS Office",Tally ERP,9.53,9,5,Junior Accountant
Master's,Computer Science,"Python, Machine Learning, Data Analysis",Google Data Analytics,9.11,7,8,Data Scientist
Intermediate,Commerce,"MS Office, Communication",Tally ERP,7.08,5,10,Clerk
Bachelor's,Computer Science,"Python, SQL, Machine Learning",AWS Certified,7.49,6,6,Software Engineer
Master's,Computer Science,"Python, Machine Learning, Data Analysis",Google Data Analytics,8.03,6,6,Data Scientist
Master's,Computer Science,"Python, Machine Learning, SQL",AWS Certified,9.74,5,7,ML Engineer
Intermediate,Commerce,"MS Office, Communication",Tally ERP,9.64,5,8,Clerk
Master's,Computer Science,"Python, Machine Learning, Data Analysis",Google Data Analytics,7.49,5,8,Data Scientist
PhD,Science,"Machine Learning, Data Analysis, Python",No Certification,6.41,5,6,Research Scientist
Intermediate,Commerce,"MS Office, Communication",No Certification,7.06,6,7,Data Entry Operator
PhD,Science,"Machine Learning, Data Analysis, Python",No Certification,9.16,9,7,Research Scientist
Intermediate,Commerce,"MS Office, Communication",Tally ERP,7.14,8,6,Clerk
Bachelor's,Business,"Marketing, Communication, MS Office",Digital Marketing,8.56,5,9,Marketing Executive
Master's,Computer Science,"Python, Machine Learning, SQL",AWS Certified,7.74,5,8,ML Engineer
PhD,Science,"Machine Learning, Data Analysis, Python",No Certification,8.59,7,10,Research Scientist
Bachelor's,Commerce,"Python, SQL, Data Analysis",Google Data Analytics,9.02,8,7,Data Analyst
Master's,Computer Science,"Python, Machine Learning, Data Analysis",Google Data Analytics,8.16,9,10,Data Scientist
Intermediate,Business,"Communication, Marketing, MS Office",Digital Marketing,9.95,6,6,Sales Assistant
PhD,Science,"Communication, Research",No Certification,9.83,5,9,Professor
PhD,Science,"Communication, Research",No Certification,9.07,10,5,Professor
Master's,Psychology,"Counseling, Communication",Mental Health Basics,9.43,5,9,School Counselor
Master's,Computer Science,"Python, Machine Learning, SQL",AWS Certified,8.75,9,6,ML Engineer
PhD,Science,"Machine Learning, Data Analysis, Python",No Certification,6.18,10,8,Research Scientist
Intermediate,Business,"Communication, Marketing, MS Office",Digital Marketing,7.64,7,5,Sales Assistant
Master's,Computer Science,"Python, Machine Learning, Data Analysis",Google Data Analytics,8.22,6,5,Data Scientist
Bachelor's,Commerce,"Python, SQL, Data Analysis",Google Data Analytics,6.68,8,7,Data Analyst
Bachelor's,Commerce,"Accounting, Financial Analysis, MS Office",Tally ERP,9.43,7,10,Junior Accountant
PhD,Science,"Communication, Research",No Certification,8.97,8,9,Professor
Intermediate,Commerce,"MS Office, Communication",No Certification,9.44,9,8,Data Entry Operator
Bachelor's,Commerce,"Python, SQL, Data Analysis",Google Data Analytics,7.51,9,9,Data Analyst
Bachelor's,Commerce,"Accounting, Financial Analysis, MS Office",Tally ERP,9.15,10,6,Junior Accountant
Bachelor's,Business,"Marketing, Communication, MS Office",Digital Marketing,7.04,7,7,Marketing Executive
Master's,Psychology,"Counseling, Communication",Mental Health Basics,6.92,5,9,School Counselor
Master's,Computer Science,"Python, Machine Learning, SQL",AWS Certified,7.41,9,6,ML Engineer
Intermediate,Commerce,"MS Office, Communication",Tally ERP,7.34,7,5,Clerk
Intermediate,Commerce,"MS Office, Communication",No Certification,8.19,9,9,Data Entry Operator
Bachelor's,Commerce,"Python, SQL, Data Analysis",Google Data Analytics,7.44,7,5,Data Analyst
Intermediate,Business,"Communication, Marketing, MS Office",Digital Marketing,6.29,6,8,Sales Assistant
Bachelor's,Finance,"Financial Analysis, Accounting, Excel",CFA Level 1,8.98,6,5,Financial Analyst
Master's,Psychology,"Counseling, Communication",Mental Health Basics,9.23,10,7,School Counselor
Master's,Computer Science,"Python, Machine Learning, Data Analysis",Google Data Analytics,7.25,9,9,Data Scientist
Intermediate,Business,"Communication, Marketing, MS Office",Digital Marketing,7.44,8,8,Sales Assistant
Intermediate,Commerce,"MS Office, Communication",No Certification,8.92,9,10,Data Entry Operator
PhD,Science,"Machine Learning, Data Analysis, Python",No Certification,9.8,9,9,Research Scientist
PhD,Science,"Machine Learning, Data Analysis, Python",No Certification,8.19,5,6,Research Scientist
Bachelor's,Commerce,"Python, SQL, Data Analysis",Google Data Analytics,9.87,10,8,Data Analyst
Bachelor's,Computer Science,"Python, SQL, Machine Learning",AWS Certified,6.33,8,10,Software Engineer
Bachelor's,Finance,"Financial Analysis, Accounting, Excel",CFA Level 1,6.82,9,5,Financial Analyst
Bachelor's,Finance,"Financial Analysis, Accounting, Excel",CFA Level 1,7.48,7,9,Financial Analyst
Master's,Computer Science,"Python, Machine Learning, SQL",AWS Certified,7.91,6,6,ML Engineer
PhD,Science,"Machine Learning, Data Analysis, Python",No Certification,9.49,9,8,Research Scientist
Intermediate,Business,"Communication, Marketing, MS Office",Digital Marketing,9.81,9,6,Sales Assistant
Master's,Computer Science,"Python, Machine Learning, Data Analysis",Google Data Analytics,8.68,8,5,Data Scientist
PhD,Science,"Communication, Research",No Certification,8.69,8,10,Professor
Bachelor's,Finance,"Financial Analysis, Accounting, Excel",CFA Level 1,8.73,9,10,Financial Analyst
Master's,Psychology,"Counseling, Communication",Mental Health Basics,9.08,5,7,School Counselor
Intermediate,Business,"Communication, Marketing, MS Office",Digital Marketing,9.42,9,8,Sales Assistant
Bachelor's,Commerce,"Python, SQL, Data Analysis",Google Data Analytics,9.59,6,8,Data Analyst
Intermediate,Commerce,"MS Office, Communication",Tally ERP,9.11,8,10,Clerk
Intermediate,Commerce,"MS Office, Communication",No Certification,8.72,5,10,Data Entry Operator
Bachelor's,Finance,"Financial Analysis, Accounting, Excel",CFA Level 1,6.21,6,7,Financial Analyst
Bachelor's,Commerce,"Accounting, Financial Analysis, MS Office",Tally ERP,6.91,10,9,Junior Accountant
Bachelor's,Business,"Data Analysis, Communication, MS Office",Google Data Analytics,7.81,9,9,Business Analyst
Bachelor's,Commerce,"Accounting, Financial Analysis, MS Office",Tally ERP,7.74,10,9,Junior Accountant
Intermediate,Business,"Communication, Marketing, MS Office",Digital Marketing,7.28,6,7,Sales Assistant
Master's,Computer Science,"Python, Machine Learning, SQL",AWS Certified,7.04,5,9,ML Engineer
Master's,Psychology,"Counseling, Communication",Mental Health Basics,9.93,7,10,School Counselor
Bachelor's,Commerce,"Python, SQL, Data Analysis",Google Data Analytics,6.55,10,9,Data Analyst
Master's,Psychology,"Counseling, Communication",Mental Health Basics,8.93,9,6,School Counselor
PhD,Science,"Communication, Research",No Certification,7.82,7,9,Professor
Bachelor's,Business,"Marketing, Communication, MS Office",Digital Marketing,7.29,5,5,Marketing Executive
Bachelor's,Commerce,"Python, SQL, Data Analysis",Google Data Analytics,7.49,9,5,Data Analyst
Bachelor's,Commerce,"Python, SQL, Data Analysis",Google Data Analytics,8.39,8,9,Data Analyst
Bachelor's,Computer Science,"Python, SQL, Machine Learning",AWS Certified,6.96,10,10,Software Engineer
Bachelor's,Finance,"Financial Analysis, Accounting, Excel",CFA Level 1,6.01,10,5,Financial Analyst
PhD,Science,"Machine Learning, Data Analysis, Python",No Certification,8.66,10,7,Research Scientist
Bachelor's,Business,"Data Analysis, Communication, MS Office",Google Data Analytics,9.38,5,8,Business Analyst
Bachelor's,Business,"Marketing, Communication, MS Office",Digital Marketing,9.84,5,10,Marketing Executive
Bachelor's,Commerce,"Python, SQL, Data Analysis",Google Data Analytics,9.08,5,8,Data Analyst
Bachelor's,Computer Science,"Python, SQL, Machine Learning",AWS Certified,7.51,6,10,Software Engineer
Bachelor's,Business,"Data Analysis, Communication, MS Office",Google Data Analytics,8.98,6,7,Business Analyst
Intermediate,Business,"Communication, Marketing, MS Office",Digital Marketing,9.61,7,6,Sales Assistant
Intermediate,Commerce,"MS Office, Communication",Tally ERP,8.72,7,9,Clerk
Master's,Computer Science,"Python, Machine Learning, Data Analysis",Google Data Analytics,7.48,8,5,Data Scientist
PhD,Science,"Communication, Research",No Certification,9.31,6,6,Professor
Bachelor's,Business,"Data Analysis, Communication, MS Office",Google Data Analytics,7.79,5,10,Business Analyst
Master's,Computer Science,"Python, Machine Learning, SQL",AWS Certified,7.38,9,10,ML Engineer
Intermediate,Commerce,"MS Office, Communication",No Certification,6.31,10,10,Data Entry Operator
Bachelor's,Business,"Data Analysis, Communication, MS Office",Google Data Analytics,6.73,8,7,Business Analyst
PhD,Science,"Communication, Research",No Certification,9.66,8,5,Professor
Intermediate,Commerce,"MS Office, Communication",No Certification,7.42,7,10,Data Entry Operator
Bachelor's,Business,"Data Analysis, Communication, MS Office",Google Data Analytics,9.62,10,9,Business Analyst
PhD,Science,"Machine Learning, Data Analysis, Python",No Certification,7.48,7,10,Research Scientist
PhD,Science,"Machine Learning, Data Analysis, Python",No Certification,6.23,6,10,Research Scientist
Intermediate,Commerce,"MS Office, Communication",No Certification,8.68,8,9,Data Entry Operator
Bachelor's,Business,"Data Analysis, Communication, MS Office",Google Data Analytics,7.89,6,5,Business Analyst
Bachelor's,Computer Science,"Python, SQL, Machine Learning",AWS Certified,9.33,9,9,Software Engineer
Master's,Computer Science,"Python, Machine Learning, SQL",AWS Certified,8.42,7,7,ML Engineer
PhD,Science,"Machine Learning, Data Analysis, Python",No Certification,6.68,9,7,Research Scientist
Bachelor's,Business,"Data Analysis, Communication, MS Office",Google Data Analytics,6.98,9,6,Business Analyst
PhD,Science,"Machine Learning, Data Analysis, Python",No Certification,7.15,5,6,Research Scientist
Master's,Psychology,"Counseling, Communication",Mental Health Basics,7.64,6,9,School Counselor
Bachelor's,Business,"Marketing, Communication, MS Office",Digital Marketing,7.52,6,7,Marketing Executive
Master's,Psychology,"Counseling, Communication",Mental Health Basics,8.64,5,7,School Counselor
Bachelor's,Commerce,"Python, SQL, Data Analysis",Google Data Analytics,7.13,6,7,Data Analyst
Bachelor's,Computer Science,"Python, SQL, Machine Learning",AWS Certified,9.28,8,7,Software Engineer
Intermediate,Business,"Communication, Marketing, MS Office",Digital Marketing,6.24,7,6,Sales Assistant
Bachelor's,Business,"Data Analysis, Communication, MS Office",Google Data Analytics,9.56,6,6,Business Analyst
Bachelor's,Commerce,"Python, SQL, Data Analysis",Google Data Analytics,8.9,10,6,Data Analyst
Master's,Psychology,"Counseling, Communication",Mental Health Basics,9.59,8,5,School Counselor
Bachelor's,Business,"Marketing, Communication, MS Office",Digital Marketing,6.18,5,10,Marketing Executive
Intermediate,Business,"Communication, Marketing, MS Office",Digital Marketing,9.13,9,8,Sales Assistant
Master's,Computer Science,"Python, Machine Learning, Data Analysis",Google Data Analytics,9.25,8,8,Data Scientist
Bachelor's,Business,"Marketing, Communication, MS Office",Digital Marketing,6.74,7,9,Marketing Executive
Bachelor's,Finance,"Financial Analysis, Accounting, Excel",CFA Level 1,8.24,7,8,Financial Analyst
PhD,Science,"Machine Learning, Data Analysis, Python",No Certification,9.07,5,10,Research Scientist
Bachelor's,Commerce,"Accounting, Financial Analysis, MS Office",Tally ERP,9.75,8,10,Junior Accountant
Bachelor's,Finance,"Financial Analysis, Accounting, Excel",CFA Level 1,8.01,5,7,Financial Analyst
Bachelor's,Finance,"Financial Analysis, Accounting, Excel",CFA Level 1,8.75,7,5,Financial Analyst
Bachelor's,Commerce,"Accounting, Financial Analysis, MS Office",Tally ERP,6.33,10,6,Junior Accountant
Bachelor's,Commerce,"Accounting, Financial Analysis, MS Office",Tally ERP,7.45,7,5,Junior Accountant
Bachelor's,Business,"Data Analysis, Communication, MS Office",Google Data Analytics,8.56,9,10,Business Analyst
Bachelor's,Commerce,"Accounting, Financial Analysis, MS Office",Tally ERP,6.29,10,6,Junior Accountant
Master's,Computer Science,"Python, Machine Learning, SQL",AWS Certified,7.32,5,5,ML Engineer
Bachelor's,Finance,"Financial Analysis, Accounting, Excel",CFA Level 1,6.26,6,5,Financial Analyst
Intermediate,Commerce,"MS Office, Communication",Tally ERP,8.4,8,9,Clerk
PhD,Science,"Communication, Research",No Certification,7.87,9,7,Professor
Master's,Computer Science,"Python, Machine Learning, Data Analysis",Google Data Analytics,9.79,7,10,Data Scientist
Bachelor's,Commerce,"Accounting, Financial Analysis, MS Office",Tally ERP,9.64,6,9,Junior Accountant
Bachelor's,Finance,"Financial Analysis, Accounting, Excel",CFA Level 1,8.37,6,9,Financial Analyst
Bachelor's,Commerce,"Accounting, Financial Analysis, MS Office",Tally ERP,8.88,10,6,Junior Accountant
Bachelor's,Computer Science,"Python, SQL, Machine Learning",AWS Certified,8.37,5,7,Software Engineer
Master's,Computer Science,"Python, Machine Learning, Data Analysis",Google Data Analytics,9.11,10,9,Data Scientist
Master's,Computer Science,"Python, Machine Learning, SQL",AWS Certified,9.52,7,6,ML Engineer
Intermediate,Commerce,"MS Office, Communication",Tally ERP,9.83,7,8,Clerk
Bachelor's,Business,"Data Analysis, Communication, MS Office",Google Data Analytics,8.33,10,5,Business Analyst
Bachelor's,Business,"Data Analysis, Communication, MS Office",Google Data Analytics,6.5,5,10,Business Analyst
Bachelor's,Commerce,"Accounting, Financial Analysis, MS Office",Tally ERP,8.55,5,9,Junior Accountant
Intermediate,Commerce,"MS Office, Communication",Tally ERP,7.9,9,7,Clerk
Intermediate,Business,"Communication, Marketing, MS Office",Digital Marketing,8.21,5,7,Sales Assistant
Bachelor's,Business,"Marketing, Communication, MS Office",Digital Marketing,6.82,8,10,Marketing Executive
PhD,Science,"Communication, Research",No Certification,9.61,7,7,Professor
Master's,Psychology,"Counseling, Communication",Mental Health Basics,8.82,7,10,School Counselor
Intermediate,Commerce,"MS Office, Communication",Tally ERP,9.23,9,10,Clerk
PhD,Science,"Communication, Research",No Certification,6.66,10,9,Professor
Bachelor's,Commerce,"Accounting, Financial Analysis, MS Office",Tally ERP,8.83,8,8,Junior Accountant
Master's,Computer Science,"Python, Machine Learning, SQL",AWS Certified,9.83,5,8,ML Engineer
Bachelor's,Business,"Marketing, Communication, MS Office",Digital Marketing,6.55,5,5,Marketing Executive
Master's,Psychology,"Counseling, Communication",Mental Health Basics,9.26,7,8,School Counselor
Master's,Computer Science,"Python, Machine Learning, SQL",AWS Certified,8.83,6,5,ML Engineer
PhD,Science,"Communication, Research",No Certification,6.59,8,5,Professor
Bachelor's,Finance,"Financial Analysis, Accounting, Excel",CFA Level 1,9.85,6,9,Financial Analyst
PhD,Science,"Communication, Research",No Certification,8.55,7,10,Professor
Master's,Computer Science,"Python, Machine Learning, SQL",AWS Certified,6.01,5,10,ML Engineer
Bachelor's,Business,"Marketing, Communication, MS Office",Digital Marketing,6.79,9,7,Marketing Executive
Intermediate,Commerce,"MS Office, Communication",Tally ERP,8.13,5,9,Clerk
Bachelor's,Commerce,"Python, SQL, Data Analysis",Google Data Analytics,8.79,10,6,Data Analyst
Intermediate,Commerce,"MS Office, Communication",Tally ERP,9.26,8,8,Clerk
Master's,Psychology,"Counseling, Communication",Mental Health Basics,6.37,6,6,School Counselor
Bachelor's,Business,"Marketing, Communication, MS Office",Digital Marketing,7.48,8,6,Marketing Executive
Master's,Psychology,"Counseling, Communication",Mental Health Basics,6.06,10,8,School Counselor
Bachelor's,Commerce,"Accounting, Financial Analysis, MS Office",Tally ERP,8.97,6,10,Junior Accountant
Master's,Computer Science,"Python, Machine Learning, SQL",AWS Certified,6.43,10,7,ML Engineer
Intermediate,Business,"Communication, Marketing, MS Office",Digital Marketing,7.0,6,7,Sales Assistant
Master's,Computer Science,"Python, Machine Learning, Data Analysis",Google Data Analytics,8.79,6,6,Data Scientist
Bachelor's,Business,"Data Analysis, Communication, MS Office",Google Data Analytics,8.77,8,5,Business Analyst
Bachelor's,Computer Science,"Python, SQL, Machine Learning",AWS Certified,6.12,7,7,Software Engineer
PhD,Science,"Machine Learning, Data Analysis, Python",No Certification,8.34,8,8,Research Scientist
Intermediate,Business,"Communication, Marketing, MS Office",Digital Marketing,9.17,8,10,Sales Assistant
Intermediate,Business,"Communication, Marketing, MS Office",Digital Marketing,8.36,6,8,Sales Assistant
Bachelor's,Finance,"Financial Analysis, Accounting, Excel",CFA Level 1,9.77,9,8,Financial Analyst
Bachelor's,Business,"Data Analysis, Communication, MS Office",Google Data Analytics,6.63,7,7,Business Analyst
Bachelor's,Finance,"Financial Analysis, Accounting, Excel",CFA Level 1,7.21,9,8,Financial Analyst
Bachelor's,Business,"Data Analysis, Communication, MS Office",Google Data Analytics,6.48,10,7,Business Analyst
Master's,Computer Science,"Python, Machine Learning, Data Analysis",Google Data Analytics,9.0,6,8,Data Scientist
Bachelor's,Finance,"Financial Analysis, Accounting, Excel",CFA Level 1,6.06,7,10,Financial Analyst
Intermediate,Commerce,"MS Office, Communication",No Certification,6.11,7,10,Data Entry Operator
Bachelor's,Commerce,"Python, SQL, Data Analysis",Google Data Analytics,6.94,10,8,Data Analyst
Master's,Psychology,"Counseling, Communication",Mental Health Basics,7.67,5,5,School Counselor
PhD,Science,"Communication, Research",No Certification,6.73,7,7,Professor
Intermediate,Commerce,"MS Office, Communication",No Certification,9.88,10,10,Data Entry Operator
Bachelor's,Commerce,"Accounting, Financial Analysis, MS Office",Tally ERP,9.07,9,8,Junior Accountant
Intermediate,Commerce,"MS Office, Communication",Tally ERP,7.98,6,5,Clerk
Bachelor's,Commerce,"Accounting, Financial Analysis, MS Office",Tally ERP,8.07,8,8,Junior Accountant
Bachelor's,Computer Science,"Python, SQL, Machine Learning",AWS Certified,9.87,8,8,Software Engineer
Bachelor's,Finance,"Financial Analysis, Accounting, Excel",CFA Level 1,7.3,7,10,Financial Analyst
Intermediate,Commerce,"MS Office, Communication",No Certification,6.63,9,6,Data Entry Operator
Bachelor's,Commerce,"Python, SQL, Data Analysis",Google Data Analytics,6.32,5,7,Data Analyst
Master's,Computer Science,"Python, Machine Learning, SQL",AWS Certified,8.66,9,10,ML Engineer
Bachelor's,Business,"Data Analysis, Communication, MS Office",Google Data Analytics,8.73,8,7,Business Analyst
Intermediate,Commerce,"MS Office, Communication",Tally ERP,6.36,9,10,Clerk
Bachelor's,Business,"Marketing, Communication, MS Office",Digital Marketing,6.97,6,7,Marketing Executive
Master's,Computer Science,"Python, Machine Learning, SQL",AWS Certified,6.97,6,5,ML Engineer
Intermediate,Commerce,"MS Office, Communication",No Certification,6.17,5,5,Data Entry Operator
Master's,Computer Science,"Python, Machine Learning, Data Analysis",Google Data Analytics,7.59,6,7,Data Scientist
Bachelor's,Finance,"Financial Analysis, Accounting, Excel",CFA Level 1,8.21,9,8,Financial Analyst
Intermediate,Commerce,"MS Office, Communication",No Certification,9.86,5,9,Data Entry Operator
Master's,Computer Science,"Python, Machine Learning, SQL",AWS Certified,8.48,7,7,ML Engineer
Master's,Computer Science,"Python, Machine Learning, SQL",AWS Certified,6.72,6,6,ML Engineer
Master's,Psychology,"Counseling, Communication",Mental Health Basics,9.26,7,10,School Counselor
PhD,Science,"Communication, Research",No Certification,6.81,5,6,Professor
Master's,Computer Science,"Python, Machine Learning, SQL",AWS Certified,7.77,9,5,ML Engineer
Master's,Computer Science,"Python, Machine Learning, Data Analysis",Google Data Analytics,9.14,5,7,Data Scientist
Bachelor's,Commerce,"Accounting, Financial Analysis, MS Office",Tally ERP,6.26,10,8,Junior Accountant
PhD,Science,"Machine Learning, Data Analysis, Python",No Certification,8.63,7,8,Research Scientist
Master's,Computer Science,"Python, Machine Learning, Data Analysis",Google Data Analytics,6.04,8,5,Data Scientist
Intermediate,Commerce,"MS Office, Communication",No Certification,8.51,7,5,Data Entry Operator
Bachelor's,Business,"Data Analysis, Communication, MS Office",Google Data Analytics,9.8,10,7,Business Analyst
Bachelor's,Business,"Marketing, Communication, MS Office",Digital Marketing,9.42,9,5,Marketing Executive
Intermediate,Business,"Communication, Marketing, MS Office",Digital Marketing,7.99,7,5,Sales Assistant
Master's,Psychology,"Counseling, Communication",Mental Health Basics,9.14,8,8,School Counselor
Bachelor's,Commerce,"Python, SQL, Data Analysis",Google Data Analytics,9.82,9,9,Data Analyst
Bachelor's,Computer Science,"Python, SQL, Machine Learning",AWS Certified,8.0,10,8,Software Engineer
Master's,Computer Science,"Python, Machine Learning, Data Analysis",Google Data Analytics,7.69,10,7,Data Scientist
Master's,Computer Science,"Python, Machine Learning, Data Analysis",Google Data Analytics,8.99,9,6,Data Scientist
Master's,Computer Science,"Python, Machine Learning, SQL",AWS Certified,8.4,8,5,ML Engineer
PhD,Science,"Machine Learning, Data Analysis, Python",No Certification,6.41,7,10,Research Scientist
Master's,Computer Science,"Python, Machine Learning, SQL",AWS Certified,6.34,10,9,ML Engineer
Intermediate,Business,"Communication, Marketing, MS Office",Digital Marketing,6.3,6,10,Sales Assistant
PhD,Science,"Communication, Research",No Certification,8.89,8,5,Professor
Bachelor's,Computer Science,"Python, SQL, Machine Learning",AWS Certified,7.02,5,8,Software Engineer
Bachelor's,Business,"Marketing, Communication, MS Office",Digital Marketing,9.43,6,8,Marketing Executive
Master's,Computer Science,"Python, Machine Learning, SQL",AWS Certified,7.42,10,7,ML Engineer
Intermediate,Business,"Communication, Marketing, MS Office",Digital Marketing,7.67,10,9,Sales Assistant
Intermediate,Business,"Communication, Marketing, MS Office",Digital Marketing,9.71,9,7,Sales Assistant
PhD,Science,"Communication, Research",No Certification,6.26,9,6,Professor
Intermediate,Business,"Communication, Marketing, MS Office",Digital Marketing,7.44,6,5,Sales Assistant
Master's,Psychology,"Counseling, Communication",Mental Health Basics,8.47,9,5,School Counselor
Bachelor's,Commerce,"Accounting, Financial Analysis, MS Office",Tally ERP,7.25,5,8,Junior Accountant
Bachelor's,Finance,"Financial Analysis, Accounting, Excel",CFA Level 1,6.03,7,8,Financial Analyst
Master's,Psychology,"Counseling, Communication",Mental Health Basics,9.15,8,8,School Counselor
Intermediate,Business,"Communication, Marketing, MS Office",Digital Marketing,9.25,7,8,Sales Assistant
Master's,Computer Science,"Python, Machine Learning, SQL",AWS Certified,7.23,6,8,ML Engineer
Intermediate,Commerce,"MS Office, Communication",No Certification,8.14,8,6,Data Entry Operator
Bachelor's,Business,"Marketing, Communication, MS Office",Digital Marketing,8.93,5,9,Marketing Executive
Intermediate,Commerce,"MS Office, Communication",No Certification,8.94,10,10,Data Entry Operator
Bachelor's,Commerce,"Accounting, Financial Analysis, MS Office",Tally ERP,7.45,10,10,Junior Accountant
Master's,Computer Science,"Python, Machine Learning, Data Analysis",Google Data Analytics,9.16,5,10,Data Scientist
Intermediate,Commerce,"MS Office, Communication",No Certification,9.59,9,8,Data Entry Operator
Master's,Computer Science,"Python, Machine Learning, SQL",AWS Certified,6.98,8,7,ML Engineer
PhD,Science,"Communication, Research",No Certification,6.4,5,8,Professor
Intermediate,Commerce,"MS Office, Communication",Tally ERP,7.77,7,6,Clerk
Bachelor's,Business,"Data Analysis, Communication, MS Office",Google Data Analytics,6.06,5,8,Business Analyst
Master's,Computer Science,"Python, Machine Learning, SQL",AWS Certified,8.52,5,8,ML Engineer
Master's,Psychology,"Counseling, Communication",Mental Health Basics,7.72,8,10,School Counselor
Bachelor's,Computer Science,"Python, SQL, Machine Learning",AWS Certified,8.59,8,5,Software Engineer
Bachelor's,Computer Science,"Python, SQL, Machine Learning",AWS Certified,7.63,9,5,Software Engineer
Bachelor's,Business,"Marketing, Communication, MS Office",Digital Marketing,8.01,6,9,Marketing Executive
Intermediate,Commerce,"MS Office, Communication",Tally ERP,8.29,5,7,Clerk
PhD,Science,"Machine Learning, Data Analysis, Python",No Certification,9.77,6,5,Research Scientist
Bachelor's,Business,"Marketing, Communication, MS Office",Digital Marketing,8.43,5,8,Marketing Executive
Intermediate,Commerce,"MS Office, Communication",Tally ERP,8.68,7,7,Clerk
Bachelor's,Business,"Marketing, Communication, MS Office",Digital Marketing,9.71,5,9,Marketing Executive
Bachelor's,Commerce,"Accounting, Financial Analysis, MS Office",Tally ERP,8.5,9,10,Junior Accountant
Intermediate,Commerce,"MS Office, Communication",Tally ERP,7.6,5,7,Clerk
Bachelor's,Business,"Marketing, Communication, MS Office",Digital Marketing,7.99,7,5,Marketing Executive
Intermediate,Commerce,"MS Office, Communication",No Certification,6.19,5,10,Data Entry Operator
Intermediate,Commerce,"MS Office, Communication",Tally ERP,8.88,9,9,Clerk
Intermediate,Commerce,"MS Office, Communication",No Certification,7.98,6,9,Data Entry Operator
Bachelor's,Commerce,"Accounting, Financial Analysis, MS Office",Tally ERP,6.6,7,8,Junior Accountant
PhD,Science,"Communication, Research",No Certification,6.26,8,5,Professor
PhD,Science,"Communication, Research",No Certification,6.21,10,10,Professor
Intermediate,Business,"Communication, Marketing, MS Office",Digital Marketing,6.26,10,6,Sales Assistant
Bachelor's,Commerce,"Python, SQL, Data Analysis",Google Data Analytics,7.44,9,8,Data Analyst
Intermediate,Business,"Communication, Marketing, MS Office",Digital Marketing,7.92,5,8,Sales Assistant
Master's,Computer Science,"Python, Machine Learning, SQL",AWS Certified,6.92,6,10,ML Engineer
Intermediate,Commerce,"MS Office, Communication",No Certification,8.47,5,6,Data Entry Operator
Bachelor's,Finance,"Financial Analysis, Accounting, Excel",CFA Level 1,6.46,10,9,Financial Analyst
Master's,Psychology,"Counseling, Communication",Mental Health Basics,8.71,8,8,School Counselor
Bachelor's,Computer Science,"Python, SQL, Machine Learning",AWS Certified,6.8,7,6,Software Engineer
Master's,Computer Science,"Python, Machine Learning, Data Analysis",Google Data Analytics,9.47,10,5,Data Scientist
PhD,Science,"Machine Learning, Data Analysis, Python",No Certification,8.84,7,9,Research Scientist
Intermediate,Business,"Communication, Marketing, MS Office",Digital Marketing,9.86,7,7,Sales Assistant
Bachelor's,Commerce,"Accounting, Financial Analysis, MS Office",Tally ERP,8.14,7,10,Junior Accountant
PhD,Science,"Machine Learning, Data Analysis, Python",No Certification,6.66,5,5,Research Scientist
Intermediate,Business,"Communication, Marketing, MS Office",Digital Marketing,9.37,5,7,Sales Assistant
Master's,Psychology,"Counseling, Communication",Mental Health Basics,8.85,5,8,School Counselor
Bachelor's,Finance,"Financial Analysis, Accounting, Excel",CFA Level 1,7.35,6,6,Financial Analyst
PhD,Science,"Communication, Research",No Certification,6.65,9,10,Professor
Intermediate,Commerce,"MS Office, Communication",Tally ERP,7.1,9,5,Clerk
Intermediate,Commerce,"MS Office, Communication",Tally ERP,8.12,10,5,Clerk
Intermediate,Commerce,"MS Office, Communication",No Certification,7.11,8,6,Data Entry Operator
Bachelor's,Business,"Data Analysis, Communication, MS Office",Google Data Analytics,8.91,5,10,Business Analyst
Bachelor's,Commerce,"Accounting, Financial Analysis, MS Office",Tally ERP,9.02,6,5,Junior Accountant
Bachelor's,Computer Science,"Python, SQL, Machine Learning",AWS Certified,9.72,10,9,Software Engineer
Bachelor's,Computer Science,"Python, SQL, Machine Learning",AWS Certified,9.55,8,10,Software Engineer
Bachelor's,Commerce,"Python, SQL, Data Analysis",Google Data Analytics,9.87,8,9,Data Analyst
Master's,Computer Science,"Python, Machine Learning, SQL",AWS Certified,9.59,10,10,ML Engineer
Master's,Computer Science,"Python, Machine Learning, SQL",AWS Certified,8.58,10,8,ML Engineer
Bachelor's,Business,"Data Analysis, Communication, MS Office",Google Data Analytics,7.85,10,7,Business Analyst
Master's,Psychology,"Counseling, Communication",Mental Health Basics,6.56,9,7,School Counselor
Master's,Psychology,"Counseling, Communication",Mental Health Basics,6.77,9,9,School Counselor
Intermediate,Commerce,"MS Office, Communication",No Certification,7.0,9,8,Data Entry Operator
Master's,Psychology,"Counseling, Communication",Mental Health Basics,6.24,6,8,School Counselor
Intermediate,Business,"Communication, Marketing, MS Office",Digital Marketing,7.56,7,6,Sales Assistant
Bachelor's,Finance,"Financial Analysis, Accounting, Excel",CFA Level 1,6.75,9,10,Financial Analyst
PhD,Science,"Communication, Research",No Certification,9.68,9,8,Professor
Bachelor's,Business,"Data Analysis, Communication, MS Office",Google Data Analytics,6.28,9,6,Business Analyst
Bachelor's,Business,"Marketing, Communication, MS Office",Digital Marketing,8.37,10,8,Marketing Executive
Master's,Computer Science,"Python, Machine Learning, SQL",AWS Certified,6.69,9,7,ML Engineer
Master's,Computer Science,"Python, Machine Learning, SQL",AWS Certified,7.62,9,8,ML Engineer
Bachelor's,Finance,"Financial Analysis, Accounting, Excel",CFA Level 1,9.45,8,7,Financial Analyst
Master's,Psychology,"Counseling, Communication",Mental Health Basics,6.7,8,7,School Counselor
Bachelor's,Commerce,"Accounting, Financial Analysis, MS Office",Tally ERP,6.17,9,6,Junior Accountant
Intermediate,Commerce,"MS Office, Communication",Tally ERP,9.13,7,6,Clerk
Master's,Computer Science,"Python, Machine Learning, SQL",AWS Certified,8.1,10,5,ML Engineer
Bachelor's,Business,"Marketing, Communication, MS Office",Digital Marketing,9.77,5,7,Marketing Executive
Master's,Psychology,"Counseling, Communication",Mental Health Basics,6.67,6,8,School Counselor
Bachelor's,Finance,"Financial Analysis, Accounting, Excel",CFA Level 1,9.13,6,6,Financial Analyst
Bachelor's,Commerce,"Python, SQL, Data Analysis",Google Data Analytics,7.49,6,6,Data Analyst
Master's,Computer Science,"Python, Machine Learning, SQL",AWS Certified,9.8,6,9,ML Engineer
Master's,Computer Science,"Python, Machine Learning, SQL",AWS Certified,8.25,6,7,ML Engineer
PhD,Science,"Machine Learning, Data Analysis, Python",No Certification,6.34,6,7,Research Scientist
PhD,Science,"Machine Learning, Data Analysis, Python",No Certification,7.81,5,7,Research Scientist
Bachelor's,Commerce,"Python, SQL, Data Analysis",Google Data Analytics,6.21,7,7,Data Analyst
Master's,Psychology,"Counseling, Communication",Mental Health Basics,7.45,8,10,School Counselor
Intermediate,Commerce,"MS Office, Communication",No Certification,6.37,6,10,Data Entry Operator
Bachelor's,Business,"Data Analysis, Communication, MS Office",Google Data Analytics,6.9,8,7,Business Analyst
Bachelor's,Commerce,"Accounting, Financial Analysis, MS Office",Tally ERP,7.39,9,9,Junior Accountant
Master's,Computer Science,"Python, Machine Learning, Data Analysis",Google Data Analytics,6.95,7,7,Data Scientist
Master's,Computer Science,"Python, Machine Learning, Data Analysis",Google Data Analytics,9.59,10,7,Data Scientist
Intermediate,Commerce,"MS Office, Communication",Tally ERP,9.48,5,9,Clerk
Bachelor's,Commerce,"Accounting, Financial Analysis, MS Office",Tally ERP,9.75,10,6,Junior Accountant
Master's,Psychology,"Counseling, Communication",Mental Health Basics,7.46,6,8,School Counselor
Intermediate,Business,"Communication, Marketing, MS Office",Digital Marketing,6.49,10,5,Sales Assistant
Bachelor's,Finance,"Financial Analysis, Accounting, Excel",CFA Level 1,9.19,5,6,Financial Analyst
Bachelor's,Business,"Data Analysis, Communication, MS Office",Google Data Analytics,9.94,10,6,Business Analyst
PhD,Science,"Communication, Research",No Certification,8.62,10,6,Professor
PhD,Science,"Machine Learning, Data Analysis, Python",No Certification,8.78,5,10,Research Scientist
Bachelor's,Computer Science,"Python, SQL, Machine Learning",AWS Certified,9.35,7,8,Software Engineer
PhD,Science,"Machine Learning, Data Analysis, Python",No Certification,7.75,5,5,Research Scientist
Bachelor's,Business,"Marketing, Communication, MS Office",Digital Marketing,7.82,5,10,Marketing Executive
Bachelor's,Computer Science,"Python, SQL, Machine Learning",AWS Certified,7.89,6,6,Software Engineer
Intermediate,Commerce,"MS Office, Communication",Tally ERP,6.09,10,5,Clerk
Bachelor's,Finance,"Financial Analysis, Accounting, Excel",CFA Level 1,9.36,7,5,Financial Analyst
Bachelor's,Commerce,"Python, SQL, Data Analysis",Google Data Analytics,6.53,9,8,Data Analyst
Bachelor's,Finance,"Financial Analysis, Accounting, Excel",CFA Level 1,7.4,8,5,Financial Analyst
Master's,Psychology,"Counseling, Communication",Mental Health Basics,6.88,7,8,School Counselor
Bachelor's,Commerce,"Python, SQL, Data Analysis",Google Data Analytics,8.2,8,9,Data Analyst
PhD,Science,"Machine Learning, Data Analysis, Python",No Certification,6.61,10,8,Research Scientist
Master's,Computer Science,"Python, Machine Learning, Data Analysis",Google Data Analytics,7.46,6,9,Data Scientist
Intermediate,Commerce,"MS Office, Communication",No Certification,7.64,5,6,Data Entry Operator
PhD,Science,"Machine Learning, Data Analysis, Python",No Certification,8.91,7,8,Research Scientist
Intermediate,Commerce,"MS Office, Communication",Tally ERP,6.9,8,5,Clerk
Master's,Computer Science,"Python, Machine Learning, Data Analysis",Google Data Analytics,6.48,9,5,Data Scientist
Bachelor's,Business,"Data Analysis, Communication, MS Office",Google Data Analytics,9.68,10,9,Business Analyst
Master's,Psychology,"Counseling, Communication",Mental Health Basics,9.91,10,6,School Counselor
Intermediate,Commerce,"MS Office, Communication",Tally ERP,6.82,7,7,Clerk
Bachelor's,Business,"Marketing, Communication, MS Office",Digital Marketing,9.66,5,10,Marketing Executive
Bachelor's,Commerce,"Python, SQL, Data Analysis",Google Data Analytics,6.62,5,6,Data Analyst
PhD,Science,"Communication, Research",No Certification,8.44,9,10,Professor
Intermediate,Commerce,"MS Office, Communication",Tally ERP,8.57,5,5,Clerk
Bachelor's,Commerce,"Python, SQL, Data Analysis",Google Data Analytics,7.05,6,5,Data Analyst
Intermediate,Business,"Communication, Marketing, MS Office",Digital Marketing,8.57,9,8,Sales Assistant
PhD,Science,"Machine Learning, Data Analysis, Python",No Certification,8.39,6,7,Research Scientist
Master's,Computer Science,"Python, Machine Learning, Data Analysis",Google Data Analytics,6.68,9,7,Data Scientist
Intermediate,Commerce,"MS Office, Communication",No Certification,9.16,9,8,Data Entry Operator
Master's,Computer Science,"Python, Machine Learning, Data Analysis",Google Data Analytics,9.94,9,7,Data Scientist
Intermediate,Commerce,"MS Office, Communication",Tally ERP,8.87,9,10,Clerk
Bachelor's,Business,"Marketing, Communication, MS Office",Digital Marketing,9.29,7,10,Marketing Executive
Bachelor's,Business,"Marketing, Communication, MS Office",Digital Marketing,7.1,9,6,Marketing Executive
PhD,Science,"Communication, Research",No Certification,6.55,5,6,Professor
Bachelor's,Computer Science,"Python, SQL, Machine Learning",AWS Certified,7.19,5,9,Software Engineer
Master's,Computer Science,"Python, Machine Learning, Data Analysis",Google Data Analytics,9.7,8,7,Data Scientist
Bachelor's,Commerce,"Python, SQL, Data Analysis",Google Data Analytics,6.97,9,8,Data Analyst
Intermediate,Business,"Communication, Marketing, MS Office",Digital Marketing,9.49,6,10,Sales Assistant
PhD,Science,"Machine Learning, Data Analysis, Python",No Certification,9.57,9,10,Research Scientist
Master's,Psychology,"Counseling, Communication",Mental Health Basics,6.44,9,7,School Counselor
Bachelor's,Business,"Data Analysis, Communication, MS Office",Google Data Analytics,6.64,6,9,Business Analyst
Master's,Computer Science,"Python, Machine Learning, SQL",AWS Certified,7.94,5,5,ML Engineer
PhD,Science,"Communication, Research",No Certification,6.27,6,8,Professor
Intermediate,Commerce,"MS Office, Communication",Tally ERP,8.82,8,9,Clerk
Bachelor's,Computer Science,"Python, SQL, Machine Learning",AWS Certified,9.91,5,8,Software Engineer
Bachelor's,Commerce,"Python, SQL, Data Analysis",Google Data Analytics,9.46,7,6,Data Analyst
Bachelor's,Commerce,"Accounting, Financial Analysis, MS Office",Tally ERP,7.08,9,8,Junior Accountant
Bachelor's,Business,"Data Analysis, Communication, MS Office",Google Data Analytics,6.35,9,5,Business Analyst
Bachelor's,Business,"Marketing, Communication, MS Office",Digital Marketing,8.46,8,5,Marketing Executive
Master's,Computer Science,"Python, Machine Learning, SQL",AWS Certified,8.92,6,10,ML Engineer
Bachelor's,Business,"Data Analysis, Communication, MS Office",Google Data Analytics,9.61,7,8,Business Analyst
Bachelor's,Commerce,"Python, SQL, Data Analysis",Google Data Analytics,7.44,9,5,Data Analyst
PhD,Science,"Communication, Research",No Certification,7.12,10,8,Professor
PhD,Science,"Machine Learning, Data Analysis, Python",No Certification,9.9,6,9,Research Scientist
Master's,Computer Science,"Python, Machine Learning, SQL",AWS Certified,9.38,5,7,ML Engineer
Bachelor's,Business,"Data Analysis, Communication, MS Office",Google Data Analytics,6.88,6,5,Business Analyst
Bachelor's,Commerce,"Python, SQL, Data Analysis",Google Data Analytics,9.25,8,8,Data Analyst
Master's,Computer Science,"Python, Machine Learning, Data Analysis",Google Data Analytics,9.38,8,5,Data Scientist
Intermediate,Business,"Communication, Marketing, MS Office",Digital Marketing,6.1,8,5,Sales Assistant
Master's,Computer Science,"Python, Machine Learning, SQL",AWS Certified,7.96,6,7,ML Engineer
Intermediate,Business,"Communication, Marketing, MS Office",Digital Marketing,7.25,10,6,Sales Assistant
PhD,Science,"Machine Learning, Data Analysis, Python",No Certification,9.03,10,5,Research Scientist
Bachelor's,Commerce,"Accounting, Financial Analysis, MS Office",Tally ERP,8.48,7,5,Junior Accountant
Intermediate,Commerce,"MS Office, Communication",Tally ERP,9.97,5,5,Clerk
Intermediate,Business,"Communication, Marketing, MS Office",Digital Marketing,7.89,8,7,Sales Assistant
Bachelor's,Finance,"Financial Analysis, Accounting, Excel",CFA Level 1,9.33,5,7,Financial Analyst
PhD,Science,"Machine Learning, Data Analysis, Python",No Certification,8.36,7,9,Research Scientist
Bachelor's,Business,"Data Analysis, Communication, MS Office",Google Data Analytics,8.47,8,10,Business Analyst
Bachelor's,Commerce,"Accounting, Financial Analysis, MS Office",Tally ERP,9.67,7,9,Junior Accountant
Bachelor's,Computer Science,"Python, SQL, Machine Learning",AWS Certified,8.2,6,6,Software Engineer
Bachelor's,Finance,"Financial Analysis, Accounting, Excel",CFA Level 1,8.46,9,9,Financial Analyst
Bachelor's,Commerce,"Accounting, Financial Analysis, MS Office",Tally ERP,9.98,8,9,Junior Accountant
Master's,Computer Science,"Python, Machine Learning, SQL",AWS Certified,7.01,7,6,ML Engineer
Intermediate,Business,"Communication, Marketing, MS Office",Digital Marketing,8.36,10,6,Sales Assistant
Bachelor's,Business,"Marketing, Communication, MS Office",Digital Marketing,6.18,6,9,Marketing Executive
PhD,Science,"Machine Learning, Data Analysis, Python",No Certification,8.66,5,9,Research Scientist
PhD,Science,"Communication, Research",No Certification,8.24,6,9,Professor
Master's,Computer Science,"Python, Machine Learning, SQL",AWS Certified,9.22,8,7,ML Engineer
Bachelor's,Commerce,"Python, SQL, Data Analysis",Google Data Analytics,7.51,8,5,Data Analyst
PhD,Science,"Machine Learning, Data Analysis, Python",No Certification,6.08,8,7,Research Scientist
Master's,Computer Science,"Python, Machine Learning, SQL",AWS Certified,9.97,9,5,ML Engineer
PhD,Science,"Communication, Research",No Certification,7.83,9,7,Professor
PhD,Science,"Machine Learning, Data Analysis, Python",No Certification,6.99,7,6,Research Scientist
Intermediate,Commerce,"MS Office, Communication",Tally ERP,6.16,7,5,Clerk
Intermediate,Commerce,"MS Office, Communication",Tally ERP,9.97,6,7,Clerk
Master's,Psychology,"Counseling, Communication",Mental Health Basics,6.4,5,7,School Counselor
Bachelor's,Commerce,"Python, SQL, Data Analysis",Google Data Analytics,8.35,5,5,Data Analyst
Bachelor's,Finance,"Financial Analysis, Accounting, Excel",CFA Level 1,8.86,9,6,Financial Analyst
PhD,Science,"Machine Learning, Data Analysis, Python",No Certification,8.92,7,6,Research Scientist
Intermediate,Commerce,"MS Office, Communication",Tally ERP,6.39,9,8,Clerk
Intermediate,Business,"Communication, Marketing, MS Office",Digital Marketing,8.89,5,5,Sales Assistant
Bachelor's,Business,"Marketing, Communication, MS Office",Digital Marketing,6.73,10,6,Marketing Executive
Bachelor's,Business,"Marketing, Communication, MS Office",Digital Marketing,6.95,9,10,Marketing Executive
Intermediate,Business,"Communication, Marketing, MS Office",Digital Marketing,8.79,8,5,Sales Assistant
Bachelor's,Business,"Data Analysis, Communication, MS Office",Google Data Analytics,7.74,7,8,Business Analyst
Intermediate,Business,"Communication, Marketing, MS Office",Digital Marketing,9.0,9,10,Sales Assistant
Master's,Psychology,"Counseling, Communication",Mental Health Basics,9.88,9,7,School Counselor
PhD,Science,"Machine Learning, Data Analysis, Python",No Certification,9.99,10,9,Research Scientist
Bachelor's,Commerce,"Accounting, Financial Analysis, MS Office",Tally ERP,9.69,10,7,Junior Accountant
Bachelor's,Commerce,"Accounting, Financial Analysis, MS Office",Tally ERP,6.4,9,5,Junior Accountant
Bachelor's,Finance,"Financial Analysis, Accounting, Excel",CFA Level 1,8.57,6,10,Financial Analyst
Intermediate,Commerce,"MS Office, Communication",Tally ERP,7.48,7,6,Clerk
Bachelor's,Business,"Marketing, Communication, MS Office",Digital Marketing,7.6,5,5,Marketing Executive
Bachelor's,Business,"Marketing, Communication, MS Office",Digital Marketing,9.42,7,6,Marketing Executive
Intermediate,Business,"Communication, Marketing, MS Office",Digital Marketing,6.23,10,5,Sales Assistant
Bachelor's,Business,"Marketing, Communication, MS Office",Digital Marketing,9.65,10,6,Marketing Executive
PhD,Science,"Machine Learning, Data Analysis, Python",No Certification,8.45,6,7,Research Scientist
Bachelor's,Commerce,"Python, SQL, Data Analysis",Google Data Analytics,6.34,9,9,Data Analyst
Master's,Psychology,"Counseling, Communication",Mental Health Basics,6.44,8,6,School Counselor
Intermediate,Commerce,"MS Office, Communication",No Certification,8.02,9,8,Data Entry Operator
Intermediate,Commerce,"MS Office, Communication",No Certification,8.68,5,7,Data Entry Operator
Bachelor's,Finance,"Financial Analysis, Accounting, Excel",CFA Level 1,6.36,10,9,Financial Analyst
PhD,Science,"Machine Learning, Data Analysis, Python",No Certification,8.91,9,8,Research Scientist
Master's,Computer Science,"Python, Machine Learning, SQL",AWS Certified,9.03,9,7,ML Engineer
Bachelor's,Commerce,"Python, SQL, Data Analysis",Google Data Analytics,8.32,6,6,Data Analyst
Master's,Psychology,"Counseling, Communication",Mental Health Basics,8.62,6,5,School Counselor
Bachelor's,Commerce,"Python, SQL, Data Analysis",Google Data Analytics,8.98,7,9,Data Analyst
Bachelor's,Business,"Data Analysis, Communication, MS Office",Google Data Analytics,9.35,5,9,Business Analyst
Bachelor's,Business,"Marketing, Communication, MS Office",Digital Marketing,7.97,9,10,Marketing Executive
Bachelor's,Computer Science,"Python, SQL, Machine Learning",AWS Certified,7.0,8,8,Software Engineer
Bachelor's,Commerce,"Python, SQL, Data Analysis",Google Data Analytics,6.96,7,10,Data Analyst
Bachelor's,Commerce,"Python, SQL, Data Analysis",Google Data Analytics,7.07,9,5,Data Analyst
Master's,Psychology,"Counseling, Communication",Mental Health Basics,8.74,8,9,School Counselor
Bachelor's,Business,"Data Analysis, Communication, MS Office",Google Data Analytics,6.44,6,7,Business Analyst
Bachelor's,Finance,"Financial Analysis, Accounting, Excel",CFA Level 1,8.22,10,9,Financial Analyst
Bachelor's,Computer Science,"Python, SQL, Machine Learning",AWS Certified,9.86,8,8,Software Engineer
Bachelor's,Business,"Data Analysis, Communication, MS Office",Google Data Analytics,9.88,10,10,Business Analyst
PhD,Science,"Communication, Research",No Certification,7.71,10,7,Professor
Bachelor's,Computer Science,"Python, SQL, Machine Learning",AWS Certified,7.48,8,10,Software Engineer
Bachelor's,Business,"Data Analysis, Communication, MS Office",Google Data Analytics,8.04,5,8,Business Analyst
Intermediate,Business,"Communication, Marketing, MS Office",Digital Marketing,9.83,8,8,Sales Assistant
Intermediate,Commerce,"MS Office, Communication",No Certification,9.05,7,9,Data Entry Operator
Master's,Psychology,"Counseling, Communication",Mental Health Basics,8.16,10,10,School Counselor
Intermediate,Commerce,"MS Office, Communication",Tally ERP,6.03,10,10,Clerk
Bachelor's,Finance,"Financial Analysis, Accounting, Excel",CFA Level 1,6.34,7,5,Financial Analyst
Bachelor's,Business,"Data Analysis, Communication, MS Office",Google Data Analytics,8.04,5,7,Business Analyst
Bachelor's,Business,"Data Analysis, Communication, MS Office",Google Data Analytics,6.65,10,7,Business Analyst
Bachelor's,Commerce,"Accounting, Financial Analysis, MS Office",Tally ERP,9.91,5,9,Junior Accountant
Master's,Computer Science,"Python, Machine Learning, SQL",AWS Certified,6.23,10,9,ML Engineer
PhD,Science,"Communication, Research",No Certification,7.39,9,7,Professor
Bachelor's,Commerce,"Accounting, Financial Analysis, MS Office",Tally ERP,6.74,10,5,Junior Accountant
Master's,Computer Science,"Python, Machine Learning, Data Analysis",Google Data Analytics,6.72,8,10,Data Scientist
Master's,Computer Science,"Python, Machine Learning, Data Analysis",Google Data Analytics,7.67,10,7,Data Scientist
Bachelor's,Computer Science,"Python, SQL, Machine Learning",AWS Certified,9.07,9,7,Software Engineer
Bachelor's,Computer Science,"Python, SQL, Machine Learning",AWS Certified,7.08,7,6,Software Engineer
PhD,Science,"Communication, Research",No Certification,7.72,5,8,Professor
Intermediate,Commerce,"MS Office, Communication",No Certification,9.64,10,7,Data Entry Operator
Master's,Computer Science,"Python, Machine Learning, Data Analysis",Google Data Analytics,6.25,8,7,Data Scientist
Intermediate,Business,"Communication, Marketing, MS Office",Digital Marketing,7.6,5,6,Sales Assistant
PhD,Science,"Communication, Research",No Certification,7.5,6,7,Professor
Bachelor's,Finance,"Financial Analysis, Accounting, Excel",CFA Level 1,9.37,5,9,Financial Analyst
Bachelor's,Finance,"Financial Analysis, Accounting, Excel",CFA Level 1,6.7,6,9,Financial Analyst
Bachelor's,Commerce,"Accounting, Financial Analysis, MS Office",Tally ERP,8.23,7,5,Junior Accountant
Bachelor's,Commerce,"Python, SQL, Data Analysis",Google Data Analytics,7.88,6,5,Data Analyst
Bachelor's,Finance,"Financial Analysis, Accounting, Excel",CFA Level 1,9.65,10,9,Financial Analyst
Intermediate,Business,"Communication, Marketing, MS Office",Digital Marketing,9.02,8,9,Sales Assistant
Bachelor's,Computer Science,"Python, SQL, Machine Learning",AWS Certified,9.39,7,7,Software Engineer
Bachelor's,Finance,"Financial Analysis, Accounting, Excel",CFA Level 1,7.82,5,9,Financial Analyst
Bachelor's,Commerce,"Accounting, Financial Analysis, MS Office",Tally ERP,9.94,5,6,Junior Accountant
PhD,Science,"Communication, Research",No Certification,7.52,8,9,Professor
Intermediate,Commerce,"MS Office, Communication",No Certification,7.12,9,10,Data Entry Operator
Master's,Psychology,"Counseling, Communication",Mental Health Basics,9.1,7,5,School Counselor
Master's,Computer Science,"Python, Machine Learning, Data Analysis",Google Data Analytics,10.0,6,9,Data Scientist
Intermediate,Commerce,"MS Office, Communication",Tally ERP,9.71,6,7,Clerk
Bachelor's,Business,"Data Analysis, Communication, MS Office",Google Data Analytics,9.83,9,10,Business Analyst
PhD,Science,"Machine Learning, Data Analysis, Python",No Certification,8.95,10,9,Research Scientist
Intermediate,Business,"Communication, Marketing, MS Office",Digital Marketing,7.2,10,10,Sales Assistant
Bachelor's,Finance,"Financial Analysis, Accounting, Excel",CFA Level 1,6.45,9,5,Financial Analyst
Bachelor's,Finance,"Financial Analysis, Accounting, Excel",CFA Level 1,9.69,7,5,Financial Analyst
Master's,Computer Science,"Python, Machine Learning, Data Analysis",Google Data Analytics,7.8,7,5,Data Scientist
Bachelor's,Business,"Marketing, Communication, MS Office",Digital Marketing,9.66,10,10,Marketing Executive
Bachelor's,Commerce,"Accounting, Financial Analysis, MS Office",Tally ERP,6.72,8,5,Junior Accountant
Bachelor's,Commerce,"Python, SQL, Data Analysis",Google Data Analytics,7.52,6,10,Data Analyst
Master's,Psychology,"Counseling, Communication",Mental Health Basics,8.28,10,8,School Counselor
Bachelor's,Business,"Data Analysis, Communication, MS Office",Google Data Analytics,6.17,7,5,Business Analyst
Bachelor's,Business,"Data Analysis, Communication, MS Office",Google Data Analytics,6.11,10,5,Business Analyst
Master's,Computer Science,"Python, Machine Learning, Data Analysis",Google Data Analytics,8.77,9,6,Data Scientist
Intermediate,Business,"Communication, Marketing, MS Office",Digital Marketing,6.79,8,8,Sales Assistant
Intermediate,Business,"Communication, Marketing, MS Office",Digital Marketing,6.89,5,8,Sales Assistant
Bachelor's,Business,"Marketing, Communication, MS Office",Digital Marketing,8.82,9,7,Marketing Executive
Intermediate,Commerce,"MS Office, Communication",No Certification,8.28,6,5,Data Entry Operator
Intermediate,Commerce,"MS Office, Communication",No Certification,8.88,10,7,Data Entry Operator
Bachelor's,Business,"Marketing, Communication, MS Office",Digital Marketing,8.24,10,7,Marketing Executive
Bachelor's,Commerce,"Python, SQL, Data Analysis",Google Data Analytics,7.14,10,9,Data Analyst
Master's,Computer Science,"Python, Machine Learning, SQL",AWS Certified,9.31,6,9,ML Engineer
Intermediate,Commerce,"MS Office, Communication",No Certification,8.95,5,6,Data Entry Operator
Master's,Computer Science,"Python, Machine Learning, Data Analysis",Google Data Analytics,6.42,10,9,Data Scientist
Master's,Computer Science,"Python, Machine Learning, SQL",AWS Certified,8.3,10,10,ML Engineer
Bachelor's,Computer Science,"Python, SQL, Machine Learning",AWS Certified,9.12,9,9,Software Engineer
Intermediate,Commerce,"MS Office, Communication",No Certification,7.66,8,10,Data Entry Operator
Bachelor's,Computer Science,"Python, SQL, Machine Learning",AWS Certified,7.55,5,9,Software Engineer
Master's,Psychology,"Counseling, Communication",Mental Health Basics,9.1,6,9,School Counselor
Bachelor's,Commerce,"Accounting, Financial Analysis, MS Office",Tally ERP,7.19,9,9,Junior Accountant
PhD,Science,"Communication, Research",No Certification,8.78,8,5,Professor
Bachelor's,Commerce,"Python, SQL, Data Analysis",Google Data Analytics,6.9,7,8,Data Analyst
Bachelor's,Commerce,"Accounting, Financial Analysis, MS Office",Tally ERP,7.56,8,10,Junior Accountant
Intermediate,Commerce,"MS Office, Communication",No Certification,7.76,5,7,Data Entry Operator
Master's,Computer Science,"Python, Machine Learning, SQL",AWS Certified,8.07,7,10,ML Engineer
Intermediate,Business,"Communication, Marketing, MS Office",Digital Marketing,9.17,10,6,Sales Assistant
Bachelor's,Computer Science,"Python, SQL, Machine Learning",AWS Certified,7.14,9,10,Software Engineer
Intermediate,Business,"Communication, Marketing, MS Office",Digital Marketing,6.82,10,7,Sales Assistant
Intermediate,Commerce,"MS Office, Communication",Tally ERP,8.45,9,9,Clerk
Bachelor's,Finance,"Financial Analysis, Accounting, Excel",CFA Level 1,9.71,7,10,Financial Analyst
Bachelor's,Computer Science,"Python, SQL, Machine Learning",AWS Certified,8.95,9,8,Software Engineer
Master's,Computer Science,"Python, Machine Learning, Data Analysis",Google Data Analytics,7.34,6,9,Data Scientist
Master's,Computer Science,"Python, Machine Learning, Data Analysis",Google Data Analytics,7.22,6,6,Data Scientist
Bachelor's,Computer Science,"Python, SQL, Machine Learning",AWS Certified,7.37,7,8,Software Engineer
Intermediate,Commerce,"MS Office, Communication",No Certification,9.17,6,5,Data Entry Operator
Master's,Computer Science,"Python, Machine Learning, SQL",AWS Certified,8.9,10,10,ML Engineer
Bachelor's,Commerce,"Accounting, Financial Analysis, MS Office",Tally ERP,9.1,9,6,Junior Accountant
Intermediate,Commerce,"MS Office, Communication",Tally ERP,8.69,10,7,Clerk
PhD,Science,"Machine Learning, Data Analysis, Python",No Certification,6.13,6,7,Research Scientist
Master's,Computer Science,"Python, Machine Learning, Data Analysis",Google Data Analytics,8.79,5,5,Data Scientist
Bachelor's,Commerce,"Accounting, Financial Analysis, MS Office",Tally ERP,6.93,9,5,Junior Accountant
Intermediate,Commerce,"MS Office, Communication",Tally ERP,8.3,10,7,Clerk
Bachelor's,Business,"Data Analysis, Communication, MS Office",Google Data Analytics,9.04,8,8,Business Analyst
Bachelor's,Commerce,"Accounting, Financial Analysis, MS Office",Tally ERP,6.54,6,8,Junior Accountant
PhD,Science,"Communication, Research",No Certification,8.18,9,7,Professor
Bachelor's,Computer Science,"Python, SQL, Machine Learning",AWS Certified,7.94,7,9,Software Engineer
Intermediate,Business,"Communication, Marketing, MS Office",Digital Marketing,8.06,10,8,Sales Assistant
Master's,Computer Science,"Python, Machine Learning, SQL",AWS Certified,7.62,7,8,ML Engineer
Master's,Computer Science,"Python, Machine Learning, Data Analysis",Google Data Analytics,8.02,9,6,Data Scientist
Master's,Computer Science,"Python, Machine Learning, SQL",AWS Certified,8.61,10,9,ML Engineer
Bachelor's,Commerce,"Python, SQL, Data Analysis",Google Data Analytics,6.09,6,8,Data Analyst
Bachelor's,Business,"Data Analysis, Communication, MS Office",Google Data Analytics,8.93,8,9,Business Analyst
Intermediate,Commerce,"MS Office, Communication",No Certification,6.09,9,10,Data Entry Operator
Bachelor's,Computer Science,"Python, SQL, Machine Learning",AWS Certified,6.25,10,9,Software Engineer
Intermediate,Commerce,"MS Office, Communication",Tally ERP,7.85,8,6,Clerk
Intermediate,Commerce,"MS Office, Communication",Tally ERP,7.38,8,10,Clerk
Intermediate,Commerce,"MS Office, Communication",Tally ERP,9.0,8,7,Clerk
PhD,Science,"Machine Learning, Data Analysis, Python",No Certification,6.36,9,7,Research Scientist
Master's,Computer Science,"Python, Machine Learning, SQL",AWS Certified,6.98,10,8,ML Engineer
Bachelor's,Computer Science,"Python, SQL, Machine Learning",AWS Certified,8.34,6,6,Software Engineer
Bachelor's,Commerce,"Python, SQL, Data Analysis",Google Data Analytics,6.33,10,8,Data Analyst
Intermediate,Business,"Communication, Marketing, MS Office",Digital Marketing,7.33,10,5,Sales Assistant
Bachelor's,Commerce,"Python, SQL, Data Analysis",Google Data Analytics,7.94,6,7,Data Analyst
Bachelor's,Business,"Marketing, Communication, MS Office",Digital Marketing,6.88,9,5,Marketing Executive
Bachelor's,Commerce,"Python, SQL, Data Analysis",Google Data Analytics,9.5,10,6,Data Analyst
Intermediate,Commerce,"MS Office, Communication",No Certification,7.76,6,5,Data Entry Operator
Master's,Computer Science,"Python, Machine Learning, Data Analysis",Google Data Analytics,6.17,9,8,Data Scientist
Bachelor's,Business,"Data Analysis, Communication, MS Office",Google Data Analytics,7.67,6,7,Business Analyst
Master's,Computer Science,"Python, Machine Learning, SQL",AWS Certified,6.81,9,10,ML Engineer
Bachelor's,Commerce,"Python, SQL, Data Analysis",Google Data Analytics,8.66,7,7,Data Analyst
Intermediate,Business,"Communication, Marketing, MS Office",Digital Marketing,6.97,9,6,Sales Assistant
PhD,Science,"Machine Learning, Data Analysis, Python",No Certification,8.45,5,6,Research Scientist
Master's,Psychology,"Counseling, Communication",Mental Health Basics,6.7,5,8,School Counselor
Master's,Computer Science,"Python, Machine Learning, Data Analysis",Google Data Analytics,7.25,9,9,Data Scientist
Master's,Computer Science,"Python, Machine Learning, Data Analysis",Google Data Analytics,8.82,6,10,Data Scientist
Bachelor's,Finance,"Financial Analysis, Accounting, Excel",CFA Level 1,6.82,6,9,Financial Analyst
Bachelor's,Computer Science,"Python, SQL, Machine Learning",AWS Certified,8.51,6,8,Software Engineer
Master's,Computer Science,"Python, Machine Learning, Data Analysis",Google Data Analytics,8.29,5,7,Data Scientist
Master's,Computer Science,"Python, Machine Learning, SQL",AWS Certified,9.9,9,5,ML Engineer
Master's,Computer Science,"Python, Machine Learning, SQL",AWS Certified,6.52,7,5,ML Engineer
PhD,Science,"Machine Learning, Data Analysis, Python",No Certification,8.83,10,8,Research Scientist
Bachelor's,Commerce,"Accounting, Financial Analysis, MS Office",Tally ERP,7.65,8,9,Junior Accountant
Intermediate,Commerce,"MS Office, Communication",Tally ERP,8.8,6,5,Clerk
Master's,Computer Science,"Python, Machine Learning, Data Analysis",Google Data Analytics,6.79,9,5,Data Scientist
Bachelor's,Commerce,"Python, SQL, Data Analysis",Google Data Analytics,8.68,10,9,Data Analyst
Intermediate,Commerce,"MS Office, Communication",No Certification,7.43,6,9,Data Entry Operator
Intermediate,Commerce,"MS Office, Communication",Tally ERP,8.69,7,5,Clerk
Bachelor's,Finance,"Financial Analysis, Accounting, Excel",CFA Level 1,7.21,9,8,Financial Analyst
Intermediate,Commerce,"MS Office, Communication",No Certification,7.34,5,7,Data Entry Operator
Intermediate,Commerce,"MS Office, Communication",Tally ERP,6.87,10,10,Clerk
Bachelor's,Commerce,"Python, SQL, Data Analysis",Google Data Analytics,6.22,6,7,Data Analyst
Intermediate,Business,"Communication, Marketing, MS Office",Digital Marketing,8.54,10,9,Sales Assistant
Bachelor's,Business,"Data Analysis, Communication, MS Office",Google Data Analytics,9.14,6,6,Business Analyst
Master's,Psychology,"Counseling, Communication",Mental Health Basics,9.29,8,9,School Counselor
Intermediate,Business,"Communication, Marketing, MS Office",Digital Marketing,6.15,9,5,Sales Assistant
Bachelor's,Finance,"Financial Analysis, Accounting, Excel",CFA Level 1,9.44,5,6,Financial Analyst
Bachelor's,Finance,"Financial Analysis, Accounting, Excel",CFA Level 1,9.53,9,7,Financial Analyst
Intermediate,Commerce,"MS Office, Communication",Tally ERP,8.36,6,7,Clerk
Master's,Computer Science,"Python, Machine Learning, SQL",AWS Certified,6.81,7,6,ML Engineer
Bachelor's,Computer Science,"Python, SQL, Machine Learning",AWS Certified,6.71,8,8,Software Engineer
Bachelor's,Business,"Data Analysis, Communication, MS Office",Google Data Analytics,6.97,10,7,Business Analyst
Intermediate,Commerce,"MS Office, Communication",Tally ERP,6.1,8,8,Clerk
Intermediate,Commerce,"MS Office, Communication",No Certification,7.53,10,6,Data Entry Operator
Master's,Psychology,"Counseling, Communication",Mental Health Basics,7.41,9,10,School Counselor
Intermediate,Business,"Communication, Marketing, MS Office",Digital Marketing,7.96,10,7,Sales Assistant
Master's,Psychology,"Counseling, Communication",Mental Health Basics,7.03,7,7,School Counselor
Bachelor's,Business,"Marketing, Communication, MS Office",Digital Marketing,7.64,10,8,Marketing Executive
Intermediate,Business,"Communication, Marketing, MS Office",Digital Marketing,6.7,10,7,Sales Assistant
Bachelor's,Computer Science,"Python, SQL, Machine Learning",AWS Certified,9.78,9,5,Software Engineer
PhD,Science,"Communication, Research",No Certification,9.66,6,9,Professor
Bachelor's,Computer Science,"Python, SQL, Machine Learning",AWS Certified,8.15,9,10,Software Engineer
Bachelor's,Computer Science,"Python, SQL, Machine Learning",AWS Certified,7.7,10,5,Software Engineer
PhD,Science,"Communication, Research",No Certification,8.27,8,9,Professor
Intermediate,Commerce,"MS Office, Communication",No Certification,8.86,7,5,Data Entry Operator
PhD,Science,"Communication, Research",No Certification,8.92,5,9,Professor
PhD,Science,"Communication, Research",No Certification,7.62,8,8,Professor
Intermediate,Commerce,"MS Office, Communication",No Certification,9.64,8,8,Data Entry Operator
Master's,Psychology,"Counseling, Communication",Mental Health Basics,9.32,5,10,School Counselor
Master's,Psychology,"Counseling, Communication",Mental Health Basics,6.77,8,10,School Counselor
PhD,Science,"Communication, Research",No Certification,9.73,7,10,Professor
PhD,Science,"Machine Learning, Data Analysis, Python",No Certification,6.19,9,8,Research Scientist
Intermediate,Commerce,"MS Office, Communication",Tally ERP,9.69,6,8,Clerk
Bachelor's,Commerce,"Python, SQL, Data Analysis",Google Data Analytics,9.57,6,9,Data Analyst
Intermediate,Commerce,"MS Office, Communication",No Certification,7.92,6,6,Data Entry Operator
Bachelor's,Business,"Marketing, Communication, MS Office",Digital Marketing,6.07,6,7,Marketing Executive
Bachelor's,Finance,"Financial Analysis, Accounting, Excel",CFA Level 1,6.46,9,10,Financial Analyst
Intermediate,Commerce,"MS Office, Communication",Tally ERP,9.86,8,7,Clerk
Bachelor's,Business,"Marketing, Communication, MS Office",Digital Marketing,8.13,9,6,Marketing Executive
Master's,Computer Science,"Python, Machine Learning, SQL",AWS Certified,9.51,7,8,ML Engineer
PhD,Science,"Communication, Research",No Certification,7.26,8,8,Professor
PhD,Science,"Communication, Research",No Certification,7.92,5,8,Professor
Bachelor's,Finance,"Financial Analysis, Accounting, Excel",CFA Level 1,9.36,10,10,Financial Analyst
PhD,Science,"Machine Learning, Data Analysis, Python",No Certification,9.84,8,5,Research Scientist
Intermediate,Commerce,"MS Office, Communication",Tally ERP,6.42,6,9,Clerk
Master's,Psychology,"Counseling, Communication",Mental Health Basics,6.86,9,5,School Counselor
Master's,Psychology,"Counseling, Communication",Mental Health Basics,9.51,5,5,School Counselor
Master's,Computer Science,"Python, Machine Learning, SQL",AWS Certified,6.37,9,8,ML Engineer
Master's,Computer Science,"Python, Machine Learning, Data Analysis",Google Data Analytics,9.38,8,6,Data Scientist
Intermediate,Business,"Communication, Marketing, MS Office",Digital Marketing,9.86,8,5,Sales Assistant
PhD,Science,"Machine Learning, Data Analysis, Python",No Certification,8.59,5,7,Research Scientist
Bachelor's,Computer Science,"Python, SQL, Machine Learning",AWS Certified,8.76,6,9,Software Engineer
Bachelor's,Business,"Data Analysis, Communication, MS Office",Google Data Analytics,8.98,10,7,Business Analyst
Intermediate,Commerce,"MS Office, Communication",Tally ERP,7.77,5,6,Clerk
Intermediate,Commerce,"MS Office, Communication",No Certification,6.17,10,10,Data Entry Operator
PhD,Science,"Communication, Research",No Certification,6.02,9,6,Professor
Bachelor's,Commerce,"Accounting, Financial Analysis, MS Office",Tally ERP,7.53,7,9,Junior Accountant
PhD,Science,"Communication, Research",No Certification,8.19,10,9,Professor
Bachelor's,Computer Science,"Python, SQL, Machine Learning",AWS Certified,8.31,7,9,Software Engineer
Bachelor's,Computer Science,"Python, SQL, Machine Learning",AWS Certified,8.59,9,5,Software Engineer
Master's,Psychology,"Counseling, Communication",Mental Health Basics,9.55,9,5,School Counselor
Master's,Psychology,"Counseling, Communication",Mental Health Basics,9.96,9,7,School Counselor
Master's,Computer Science,"Python, Machine Learning, Data Analysis",Google Data Analytics,9.21,8,10,Data Scientist
Bachelor's,Business,"Data Analysis, Communication, MS Office",Google Data Analytics,6.97,6,7,Business Analyst
Bachelor's,Commerce,"Accounting, Financial Analysis, MS Office",Tally ERP,7.63,8,7,Junior Accountant
Master's,Psychology,"Counseling, Communication",Mental Health Basics,6.32,9,9,School Counselor
Bachelor's,Finance,"Financial Analysis, Accounting, Excel",CFA Level 1,8.67,8,9,Financial Analyst
PhD,Science,"Communication, Research",No Certification,8.47,7,9,Professor
Master's,Computer Science,"Python, Machine Learning, Data Analysis",Google Data Analytics,8.64,7,6,Data Scientist
Bachelor's,Finance,"Financial Analysis, Accounting, Excel",CFA Level 1,6.45,5,6,Financial Analyst
Master's,Computer Science,"Python, Machine Learning, SQL",AWS Certified,9.73,8,6,ML Engineer
Bachelor's,Commerce,"Accounting, Financial Analysis, MS Office",Tally ERP,6.03,5,9,Junior Accountant
PhD,Science,"Communication, Research",No Certification,6.38,7,9,Professor
Bachelor's,Business,"Marketing, Communication, MS Office",Digital Marketing,7.38,6,5,Marketing Executive
Master's,Computer Science,"Python, Machine Learning, Data Analysis",Google Data Analytics,9.18,9,8,Data Scientist
Bachelor's,Computer Science,"Python, SQL, Machine Learning",AWS Certified,7.68,9,10,Software Engineer
Master's,Computer Science,"Python, Machine Learning, Data Analysis",Google Data Analytics,7.69,9,10,Data Scientist
Intermediate,Commerce,"MS Office, Communication",No Certification,7.88,9,7,Data Entry Operator
Intermediate,Commerce,"MS Office, Communication",Tally ERP,7.32,10,8,Clerk
PhD,Science,"Communication, Research",No Certification,6.63,9,7,Professor
Bachelor's,Finance,"Financial Analysis, Accounting, Excel",CFA Level 1,6.48,8,9,Financial Analyst
Master's,Computer Science,"Python, Machine Learning, SQL",AWS Certified,7.99,10,8,ML Engineer
Bachelor's,Business,"Data Analysis, Communication, MS Office",Google Data Analytics,9.21,9,6,Business Analyst
Bachelor's,Finance,"Financial Analysis, Accounting, Excel",CFA Level 1,9.98,8,6,Financial Analyst
PhD,Science,"Communication, Research",No Certification,9.2,9,8,Professor
PhD,Science,"Machine Learning, Data Analysis, Python",No Certification,8.64,8,6,Research Scientist
Bachelor's,Business,"Data Analysis, Communication, MS Office",Google Data Analytics,6.36,10,9,Business Analyst
Bachelor's,Commerce,"Accounting, Financial Analysis, MS Office",Tally ERP,8.25,9,8,Junior Accountant
Bachelor's,Business,"Marketing, Communication, MS Office",Digital Marketing,9.05,7,7,Marketing Executive
PhD,Science,"Communication, Research",No Certification,8.47,7,10,Professor
PhD,Science,"Communication, Research",No Certification,7.14,8,9,Professor
Intermediate,Business,"Communication, Marketing, MS Office",Digital Marketing,6.13,7,7,Sales Assistant
PhD,Science,"Machine Learning, Data Analysis, Python",No Certification,9.86,7,8,Research Scientist
Master's,Computer Science,"Python, Machine Learning, SQL",AWS Certified,7.81,10,10,ML Engineer
PhD,Science,"Communication, Research",No Certification,7.75,8,7,Professor
Bachelor's,Commerce,"Accounting, Financial Analysis, MS Office",Tally ERP,9.22,5,5,Junior Accountant
Intermediate,Business,"Communication, Marketing, MS Office",Digital Marketing,6.76,9,8,Sales Assistant
Bachelor's,Business,"Data Analysis, Communication, MS Office",Google Data Analytics,9.1,6,6,Business Analyst
Intermediate,Commerce,"MS Office, Communication",Tally ERP,6.77,7,5,Clerk
Bachelor's,Business,"Data Analysis, Communication, MS Office",Google Data Analytics,7.41,10,5,Business Analyst
Bachelor's,Computer Science,"Python, SQL, Machine Learning",AWS Certified,7.16,7,9,Software Engineer
Intermediate,Business,"Communication, Marketing, MS Office",Digital Marketing,6.37,10,9,Sales Assistant
Master's,Computer Science,"Python, Machine Learning, SQL",AWS Certified,8.67,9,10,ML Engineer
Intermediate,Business,"Communication, Marketing, MS Office",Digital Marketing,8.02,8,9,Sales Assistant
Master's,Computer Science,"Python, Machine Learning, Data Analysis",Google Data Analytics,6.78,9,6,Data Scientist
Intermediate,Commerce,"MS Office, Communication",Tally ERP,9.51,5,6,Clerk
Bachelor's,Business,"Marketing, Communication, MS Office",Digital Marketing,8.21,6,8,Marketing Executive
Intermediate,Business,"Communication, Marketing, MS Office",Digital Marketing,7.59,7,9,Sales Assistant
Master's,Computer Science,"Python, Machine Learning, SQL",AWS Certified,7.33,9,7,ML Engineer
Bachelor's,Business,"Data Analysis, Communication, MS Office",Google Data Analytics,6.78,5,6,Business Analyst
Bachelor's,Business,"Data Analysis, Communication, MS Office",Google Data Analytics,6.95,10,8,Business Analyst
Master's,Psychology,"Counseling, Communication",Mental Health Basics,9.64,10,6,School Counselor
PhD,Science,"Communication, Research",No Certification,8.03,9,10,Professor
Intermediate,Commerce,"MS Office, Communication",No Certification,7.0,8,9,Data Entry Operator
Bachelor's,Commerce,"Python, SQL, Data Analysis",Google Data Analytics,7.03,7,6,Data Analyst
Intermediate,Commerce,"MS Office, Communication",Tally ERP,9.85,7,10,Clerk
Bachelor's,Business,"Data Analysis, Communication, MS Office",Google Data Analytics,8.82,6,9,Business Analyst
PhD,Science,"Machine Learning, Data Analysis, Python",No Certification,6.99,9,10,Research Scientist
Intermediate,Commerce,"MS Office, Communication",No Certification,7.97,10,7,Data Entry Operator
Bachelor's,Business,"Marketing, Communication, MS Office",Digital Marketing,6.36,7,9,Marketing Executive
PhD,Science,"Machine Learning, Data Analysis, Python",No Certification,6.43,5,5,Research Scientist
PhD,Science,"Machine Learning, Data Analysis, Python",No Certification,8.15,7,9,Research Scientist
PhD,Science,"Machine Learning, Data Analysis, Python",No Certification,6.36,8,10,Research Scientist
Master's,Computer Science,"Python, Machine Learning, Data Analysis",Google Data Analytics,7.73,6,8,Data Scientist
Intermediate,Commerce,"MS Office, Communication",Tally ERP,8.21,9,6,Clerk
Master's,Computer Science,"Python, Machine Learning, Data Analysis",Google Data Analytics,7.3,9,10,Data Scientist
Bachelor's,Commerce,"Accounting, Financial Analysis, MS Office",Tally ERP,8.82,10,6,Junior Accountant
PhD,Science,"Machine Learning, Data Analysis, Python",No Certification,9.27,9,8,Research Scientist
Master's,Psychology,"Counseling, Communication",Mental Health Basics,6.58,9,5,School Counselor
Master's,Computer Science,"Python, Machine Learning, SQL",AWS Certified,8.91,10,9,ML Engineer
Bachelor's,Computer Science,"Python, SQL, Machine Learning",AWS Certified,8.67,9,7,Software Engineer
Intermediate,Commerce,"MS Office, Communication",No Certification,9.75,6,5,Data Entry Operator
Bachelor's,Business,"Data Analysis, Communication, MS Office",Google Data Analytics,7.95,9,8,Business Analyst
PhD,Science,"Machine Learning, Data Analysis, Python",No Certification,9.35,5,8,Research Scientist
Bachelor's,Commerce,"Python, SQL, Data Analysis",Google Data Analytics,9.88,5,5,Data Analyst
Intermediate,Commerce,"MS Office, Communication",No Certification,7.84,8,7,Data Entry Operator
Intermediate,Commerce,"MS Office, Communication",No Certification,6.6,7,5,Data Entry Operator
Master's,Computer Science,"Python, Machine Learning, Data Analysis",Google Data Analytics,6.03,6,7,Data Scientist
Master's,Computer Science,"Python, Machine Learning, SQL",AWS Certified,9.51,7,6,ML Engineer
Bachelor's,Commerce,"Accounting, Financial Analysis, MS Office",Tally ERP,7.17,8,10,Junior Accountant
Bachelor's,Commerce,"Accounting, Financial Analysis, MS Office",Tally ERP,8.2,5,7,Junior Accountant
Bachelor's,Commerce,"Python, SQL, Data Analysis",Google Data Analytics,6.87,7,9,Data Analyst
Master's,Computer Science,"Python, Machine Learning, Data Analysis",Google Data Analytics,6.99,9,6,Data Scientist
PhD,Science,"Machine Learning, Data Analysis, Python",No Certification,8.63,10,7,Research Scientist
Bachelor's,Commerce,"Python, SQL, Data Analysis",Google Data Analytics,8.59,9,7,Data Analyst
Intermediate,Business,"Communication, Marketing, MS Office",Digital Marketing,7.25,8,9,Sales Assistant
Bachelor's,Computer Science,"Python, SQL, Machine Learning",AWS Certified,7.18,5,6,Software Engineer
Bachelor's,Computer Science,"Python, SQL, Machine Learning",AWS Certified,6.2,9,7,Software Engineer
Bachelor's,Finance,"Financial Analysis, Accounting, Excel",CFA Level 1,8.22,9,9,Financial Analyst
Master's,Computer Science,"Python, Machine Learning, SQL",AWS Certified,7.23,5,6,ML Engineer
Intermediate,Business,"Communication, Marketing, MS Office",Digital Marketing,9.87,9,10,Sales Assistant
Bachelor's,Business,"Data Analysis, Communication, MS Office",Google Data Analytics,6.28,10,6,Business Analyst
Bachelor's,Commerce,"Python, SQL, Data Analysis",Google Data Analytics,8.25,7,8,Data Analyst
PhD,Science,"Machine Learning, Data Analysis, Python",No Certification,8.62,9,6,Research Scientist
Bachelor's,Business,"Data Analysis, Communication, MS Office",Google Data Analytics,8.78,5,10,Business Analyst
Master's,Psychology,"Counseling, Communication",Mental Health Basics,7.22,7,8,School Counselor
Master's,Computer Science,"Python, Machine Learning, SQL",AWS Certified,8.17,6,9,ML Engineer
Bachelor's,Finance,"Financial Analysis, Accounting, Excel",CFA Level 1,8.43,10,7,Financial Analyst
Intermediate,Business,"Communication, Marketing, MS Office",Digital Marketing,9.3,8,8,Sales Assistant
Intermediate,Commerce,"MS Office, Communication",Tally ERP,6.44,6,7,Clerk
Bachelor's,Commerce,"Accounting, Financial Analysis, MS Office",Tally ERP,7.51,9,5,Junior Accountant
Bachelor's,Commerce,"Accounting, Financial Analysis, MS Office",Tally ERP,8.61,6,5,Junior Accountant
Intermediate,Commerce,"MS Office, Communication",Tally ERP,8.64,6,8,Clerk
Master's,Computer Science,"Python, Machine Learning, SQL",AWS Certified,9.88,8,5,ML Engineer
Master's,Computer Science,"Python, Machine Learning, Data Analysis",Google Data Analytics,8.44,9,8,Data Scientist
Bachelor's,Business,"Data Analysis, Communication, MS Office",Google Data Analytics,6.69,6,8,Business Analyst
PhD,Science,"Machine Learning, Data Analysis, Python",No Certification,6.45,5,6,Research Scientist
PhD,Science,"Machine Learning, Data Analysis, Python",No Certification,8.93,10,10,Research Scientist
Bachelor's,Business,"Marketing, Communication, MS Office",Digital Marketing,6.75,7,7,Marketing Executive
Bachelor's,Business,"Marketing, Communication, MS Office",Digital Marketing,8.85,6,5,Marketing Executive
PhD,Science,"Machine Learning, Data Analysis, Python",No Certification,8.6,9,10,Research Scientist
Bachelor's,Business,"Data Analysis, Communication, MS Office",Google Data Analytics,7.14,9,7,Business Analyst
Master's,Computer Science,"Python, Machine Learning, Data Analysis",Google Data Analytics,6.4,6,5,Data Scientist
Master's,Computer Science,"Python, Machine Learning, Data Analysis",Google Data Analytics,6.29,9,7,Data Scientist
Bachelor's,Computer Science,"Python, SQL, Machine Learning",AWS Certified,7.92,9,7,Software Engineer
Bachelor's,Commerce,"Accounting, Financial Analysis, MS Office",Tally ERP,8.6,6,6,Junior Accountant
Intermediate,Commerce,"MS Office, Communication",Tally ERP,7.83,9,10,Clerk
PhD,Science,"Communication, Research",No Certification,9.56,6,9,Professor
Bachelor's,Finance,"Financial Analysis, Accounting, Excel",CFA Level 1,8.79,10,5,Financial Analyst
Bachelor's,Business,"Marketing, Communication, MS Office",Digital Marketing,6.76,10,5,Marketing Executive
Intermediate,Commerce,"MS Office, Communication",No Certification,7.19,6,7,Data Entry Operator
Bachelor's,Commerce,"Python, SQL, Data Analysis",Google Data Analytics,8.76,9,6,Data Analyst
PhD,Science,"Machine Learning, Data Analysis, Python",No Certification,6.39,7,10,Research Scientist
PhD,Science,"Communication, Research",No Certification,8.79,10,10,Professor
Bachelor's,Business,"Data Analysis, Communication, MS Office",Google Data Analytics,8.39,5,9,Business Analyst
Intermediate,Business,"Communication, Marketing, MS Office",Digital Marketing,7.67,10,10,Sales Assistant
Master's,Computer Science,"Python, Machine Learning, Data Analysis",Google Data Analytics,7.76,5,6,Data Scientist
Intermediate,Commerce,"MS Office, Communication",Tally ERP,8.15,10,7,Clerk
Bachelor's,Computer Science,"Python, SQL, Machine Learning",AWS Certified,8.63,10,8,Software Engineer
Intermediate,Commerce,"MS Office, Communication",Tally ERP,8.05,7,8,Clerk
Master's,Computer Science,"Python, Machine Learning, SQL",AWS Certified,8.4,7,8,ML Engineer
Bachelor's,Business,"Marketing, Communication, MS Office",Digital Marketing,9.42,8,9,Marketing Executive
Master's,Psychology,"Counseling, Communication",Mental Health Basics,6.93,8,5,School Counselor
Bachelor's,Commerce,"Accounting, Financial Analysis, MS Office",Tally ERP,9.84,8,7,Junior Accountant
Master's,Computer Science,"Python, Machine Learning, Data Analysis",Google Data Analytics,9.22,7,6,Data Scientist
Bachelor's,Commerce,"Python, SQL, Data Analysis",Google Data Analytics,6.81,10,7,Data Analyst
PhD,Science,"Communication, Research",No Certification,9.12,6,6,Professor
Bachelor's,Business,"Marketing, Communication, MS Office",Digital Marketing,6.23,6,10,Marketing Executive
Bachelor's,Commerce,"Python, SQL, Data Analysis",Google Data Analytics,7.49,9,9,Data Analyst
Intermediate,Commerce,"MS Office, Communication",No Certification,7.35,7,6,Data Entry Operator
Master's,Psychology,"Counseling, Communication",Mental Health Basics,9.32,9,9,School Counselor
Master's,Computer Science,"Python, Machine Learning, SQL",AWS Certified,6.05,8,10,ML Engineer
Intermediate,Business,"Communication, Marketing, MS Office",Digital Marketing,7.29,10,6,Sales Assistant
Bachelor's,Business,"Data Analysis, Communication, MS Office",Google Data Analytics,8.32,5,9,Business Analyst
Bachelor's,Finance,"Financial Analysis, Accounting, Excel",CFA Level 1,8.99,7,6,Financial Analyst
Bachelor's,Commerce,"Python, SQL, Data Analysis",Google Data Analytics,7.4,9,9,Data Analyst
PhD,Science,"Machine Learning, Data Analysis, Python",No Certification,7.0,6,10,Research Scientist
Master's,Computer Science,"Python, Machine Learning, SQL",AWS Certified,6.58,8,9,ML Engineer
Bachelor's,Computer Science,"Python, SQL, Machine Learning",AWS Certified,8.17,5,10,Software Engineer
PhD,Science,"Machine Learning, Data Analysis, Python",No Certification,9.66,10,10,Research Scientist
Bachelor's,Commerce,"Python, SQL, Data Analysis",Google Data Analytics,6.32,8,10,Data Analyst
Master's,Computer Science,"Python, Machine Learning, Data Analysis",Google Data Analytics,8.85,10,10,Data Scientist
Bachelor's,Commerce,"Python, SQL, Data Analysis",Google Data Analytics,9.41,6,5,Data Analyst
PhD,Science,"Machine Learning, Data Analysis, Python",No Certification,7.43,10,7,Research Scientist
Bachelor's,Business,"Marketing, Communication, MS Office",Digital Marketing,9.58,6,8,Marketing Executive
PhD,Science,"Communication, Research",No Certification,8.79,9,7,Professor
Master's,Computer Science,"Python, Machine Learning, Data Analysis",Google Data Analytics,8.02,6,5,Data Scientist
Bachelor's,Commerce,"Python, SQL, Data Analysis",Google Data Analytics,7.37,8,6,Data Analyst
PhD,Science,"Machine Learning, Data Analysis, Python",No Certification,9.8,10,8,Research Scientist
Intermediate,Commerce,"MS Office, Communication",Tally ERP,8.92,10,8,Clerk
PhD,Science,"Machine Learning, Data Analysis, Python",No Certification,8.15,7,7,Research Scientist
Intermediate,Commerce,"MS Office, Communication",Tally ERP,6.56,7,9,Clerk
Bachelor's,Commerce,"Accounting, Financial Analysis, MS Office",Tally ERP,6.46,10,6,Junior Accountant
Intermediate,Commerce,"MS Office, Communication",No Certification,7.76,7,5,Data Entry Operator
Bachelor's,Business,"Data Analysis, Communication, MS Office",Google Data Analytics,8.55,6,10,Business Analyst
Bachelor's,Commerce,"Accounting, Financial Analysis, MS Office",Tally ERP,8.36,9,8,Junior Accountant
Bachelor's,Computer Science,"Python, SQL, Machine Learning",AWS Certified,8.61,7,5,Software Engineer
Intermediate,Commerce,"MS Office, Communication",No Certification,7.23,7,5,Data Entry Operator
PhD,Science,"Communication, Research",No Certification,8.59,9,5,Professor
Intermediate,Commerce,"MS Office, Communication",No Certification,8.63,6,8,Data Entry Operator
PhD,Science,"Machine Learning, Data Analysis, Python",No Certification,8.19,6,10,Research Scientist
Master's,Computer Science,"Python, Machine Learning, Data Analysis",Google Data Analytics,9.97,5,6,Data Scientist
Intermediate,Commerce,"MS Office, Communication",No Certification,6.08,7,5,Data Entry Operator
Bachelor's,Commerce,"Python, SQL, Data Analysis",Google Data Analytics,9.83,5,5,Data Analyst
Intermediate,Business,"Communication, Marketing, MS Office",Digital Marketing,6.37,6,8,Sales Assistant
Bachelor's,Business,"Marketing, Communication, MS Office",Digital Marketing,8.53,5,6,Marketing Executive
Intermediate,Commerce,"MS Office, Communication",Tally ERP,6.35,9,9,Clerk
Intermediate,Commerce,"MS Office, Communication",No Certification,6.18,5,9,Data Entry Operator
Master's,Computer Science,"Python, Machine Learning, SQL",AWS Certified,8.41,8,6,ML Engineer
Intermediate,Commerce,"MS Office, Communication",No Certification,8.94,7,9,Data Entry Operator
Intermediate,Commerce,"MS Office, Communication",Tally ERP,9.53,5,7,Clerk
Intermediate,Commerce,"MS Office, Communication",Tally ERP,8.02,9,10,Clerk
Bachelor's,Business,"Marketing, Communication, MS Office",Digital Marketing,7.3,10,6,Marketing Executive
Master's,Psychology,"Counseling, Communication",Mental Health Basics,7.3,10,6,School Counselor
Bachelor's,Commerce,"Python, SQL, Data Analysis",Google Data Analytics,6.84,9,7,Data Analyst
Intermediate,Commerce,"MS Office, Communication",Tally ERP,9.83,9,6,Clerk
Bachelor's,Business,"Marketing, Communication, MS Office",Digital Marketing,9.03,10,9,Marketing Executive
Bachelor's,Computer Science,"Python, SQL, Machine Learning",AWS Certified,7.56,7,7,Software Engineer
Bachelor's,Business,"Data Analysis, Communication, MS Office",Google Data Analytics,6.93,5,7,Business Analyst
Master's,Psychology,"Counseling, Communication",Mental Health Basics,7.97,7,6,School Counselor
Bachelor's,Commerce,"Accounting, Financial Analysis, MS Office",Tally ERP,8.52,5,10,Junior Accountant
Bachelor's,Commerce,"Python, SQL, Data Analysis",Google Data Analytics,8.56,8,5,Data Analyst
Intermediate,Business,"Communication, Marketing, MS Office",Digital Marketing,9.31,6,5,Sales Assistant
Master's,Computer Science,"Python, Machine Learning, SQL",AWS Certified,6.49,5,8,ML Engineer
Bachelor's,Commerce,"Accounting, Financial Analysis, MS Office",Tally ERP,7.87,8,8,Junior Accountant
Master's,Psychology,"Counseling, Communication",Mental Health Basics,6.47,6,8,School Counselor
PhD,Science,"Machine Learning, Data Analysis, Python",No Certification,9.67,5,10,Research Scientist
Intermediate,Business,"Communication, Marketing, MS Office",Digital Marketing,9.45,8,8,Sales Assistant
Bachelor's,Finance,"Financial Analysis, Accounting, Excel",CFA Level 1,9.7,8,10,Financial Analyst
Intermediate,Commerce,"MS Office, Communication",Tally ERP,7.67,6,7,Clerk
Master's,Psychology,"Counseling, Communication",Mental Health Basics,7.37,6,7,School Counselor
Bachelor's,Finance,"Financial Analysis, Accounting, Excel",CFA Level 1,8.66,6,7,Financial Analyst
Bachelor's,Business,"Data Analysis, Communication, MS Office",Google Data Analytics,7.46,7,5,Business Analyst
Master's,Psychology,"Counseling, Communication",Mental Health Basics,6.57,5,6,School Counselor
PhD,Science,"Machine Learning, Data Analysis, Python",No Certification,7.43,7,5,Research Scientist
Bachelor's,Commerce,"Python, SQL, Data Analysis",Google Data Analytics,8.86,6,10,Data Analyst
Bachelor's,Commerce,"Accounting, Financial Analysis, MS Office",Tally ERP,7.27,5,6,Junior Accountant
PhD,Science,"Machine Learning, Data Analysis, Python",No Certification,6.78,10,5,Research Scientist
Bachelor's,Computer Science,"Python, SQL, Machine Learning",AWS Certified,9.59,6,5,Software Engineer
Master's,Psychology,"Counseling, Communication",Mental Health Basics,9.48,10,9,School Counselor
Bachelor's,Business,"Data Analysis, Communication, MS Office",Google Data Analytics,6.49,9,8,Business Analyst
Master's,Computer Science,"Python, Machine Learning, SQL",AWS Certified,8.65,9,5,ML Engineer
Master's,Psychology,"Counseling, Communication",Mental Health Basics,7.41,6,5,School Counselor
Master's,Computer Science,"Python, Machine Learning, Data Analysis",Google Data Analytics,6.21,10,10,Data Scientist
Bachelor's,Finance,"Financial Analysis, Accounting, Excel",CFA Level 1,6.45,6,10,Financial Analyst
Bachelor's,Commerce,"Python, SQL, Data Analysis",Google Data Analytics,7.17,7,6,Data Analyst
Bachelor's,Business,"Marketing, Communication, MS Office",Digital Marketing,6.92,8,5,Marketing Executive
Intermediate,Commerce,"MS Office, Communication",Tally ERP,7.26,7,5,Clerk
Intermediate,Business,"Communication, Marketing, MS Office",Digital Marketing,7.39,8,10,Sales Assistant
Master's,Computer Science,"Python, Machine Learning, SQL",AWS Certified,8.71,7,6,ML Engineer
Bachelor's,Business,"Marketing, Communication, MS Office",Digital Marketing,6.6,9,7,Marketing Executive
Master's,Computer Science,"Python, Machine Learning, SQL",AWS Certified,9.65,6,5,ML Engineer
Master's,Psychology,"Counseling, Communication",Mental Health Basics,6.02,7,10,School Counselor
Intermediate,Commerce,"MS Office, Communication",Tally ERP,6.5,10,10,Clerk
Master's,Computer Science,"Python, Machine Learning, Data Analysis",Google Data Analytics,8.08,6,10,Data Scientist
Master's,Psychology,"Counseling, Communication",Mental Health Basics,6.5,9,8,School Counselor
Intermediate,Commerce,"MS Office, Communication",No Certification,8.28,6,8,Data Entry Operator
Master's,Psychology,"Counseling, Communication",Mental Health Basics,8.19,8,10,School Counselor
Bachelor's,Computer Science,"Python, SQL, Machine Learning",AWS Certified,6.96,7,8,Software Engineer
PhD,Science,"Machine Learning, Data Analysis, Python",No Certification,8.5,8,10,Research Scientist
Bachelor's,Business,"Marketing, Communication, MS Office",Digital Marketing,8.07,8,10,Marketing Executive
Bachelor's,Commerce,"Accounting, Financial Analysis, MS Office",Tally ERP,9.56,7,9,Junior Accountant
Master's,Computer Science,"Python, Machine Learning, Data Analysis",Google Data Analytics,6.36,8,7,Data Scientist
Intermediate,Commerce,"MS Office, Communication",No Certification,9.75,7,8,Data Entry Operator
Master's,Psychology,"Counseling, Communication",Mental Health Basics,6.99,7,9,School Counselor
Intermediate,Business,"Communication, Marketing, MS Office",Digital Marketing,6.56,10,6,Sales Assistant
Bachelor's,Computer Science,"Python, SQL, Machine Learning",AWS Certified,7.01,7,9,Software Engineer
Bachelor's,Computer Science,"Python, SQL, Machine Learning",AWS Certified,7.08,8,9,Software Engineer
Master's,Psychology,"Counseling, Communication",Mental Health Basics,8.59,9,7,School Counselor
Bachelor's,Business,"Marketing, Communication, MS Office",Digital Marketing,7.67,6,10,Marketing Executive
PhD,Science,"Communication, Research",No Certification,9.73,5,5,Professor
Intermediate,Commerce,"MS Office, Communication",No Certification,9.41,7,8,Data Entry Operator
Bachelor's,Business,"Marketing, Communication, MS Office",Digital Marketing,9.34,6,5,Marketing Executive
Bachelor's,Commerce,"Accounting, Financial Analysis, MS Office",Tally ERP,8.35,8,10,Junior Accountant
PhD,Science,"Communication, Research",No Certification,6.96,5,6,Professor
PhD,Science,"Machine Learning, Data Analysis, Python",No Certification,9.63,7,5,Research Scientist
Bachelor's,Commerce,"Accounting, Financial Analysis, MS Office",Tally ERP,6.03,9,8,Junior Accountant
PhD,Science,"Communication, Research",No Certification,8.04,9,9,Professor
PhD,Science,"Communication, Research",No Certification,7.89,6,9,Professor
Master's,Psychology,"Counseling, Communication",Mental Health Basics,7.56,10,6,School Counselor
Bachelor's,Commerce,"Accounting, Financial Analysis, MS Office",Tally ERP,9.9,5,7,Junior Accountant
Bachelor's,Finance,"Financial Analysis, Accounting, Excel",CFA Level 1,7.63,8,7,Financial Analyst
Master's,Computer Science,"Python, Machine Learning, SQL",AWS Certified,8.75,8,7,ML Engineer
Bachelor's,Commerce,"Accounting, Financial Analysis, MS Office",Tally ERP,9.21,5,7,Junior Accountant
Intermediate,Business,"Communication, Marketing, MS Office",Digital Marketing,8.93,9,7,Sales Assistant
Bachelor's,Business,"Marketing, Communication, MS Office",Digital Marketing,8.1,8,5,Marketing Executive
Bachelor's,Business,"Data Analysis, Communication, MS Office",Google Data Analytics,9.53,7,7,Business Analyst
Bachelor's,Business,"Marketing, Communication, MS Office",Digital Marketing,6.57,7,6,Marketing Executive
Bachelor's,Commerce,"Python, SQL, Data Analysis",Google Data Analytics,6.03,10,8,Data Analyst
Bachelor's,Commerce,"Python, SQL, Data Analysis",Google Data Analytics,8.52,10,5,Data Analyst
Intermediate,Business,"Communication, Marketing, MS Office",Digital Marketing,9.7,10,6,Sales Assistant
Bachelor's,Business,"Marketing, Communication, MS Office",Digital Marketing,7.43,6,8,Marketing Executive
Master's,Computer Science,"Python, Machine Learning, SQL",AWS Certified,9.37,8,10,ML Engineer
Bachelor's,Commerce,"Python, SQL, Data Analysis",Google Data Analytics,6.59,9,7,Data Analyst
PhD,Science,"Communication, Research",No Certification,8.02,6,7,Professor
Master's,Computer Science,"Python, Machine Learning, SQL",AWS Certified,6.45,9,7,ML Engineer
Bachelor's,Commerce,"Accounting, Financial Analysis, MS Office",Tally ERP,8.61,6,10,Junior Accountant
PhD,Science,"Communication, Research",No Certification,9.21,8,5,Professor
Bachelor's,Finance,"Financial Analysis, Accounting, Excel",CFA Level 1,6.83,9,7,Financial Analyst
PhD,Science,"Communication, Research",No Certification,9.83,10,5,Professor
Bachelor's,Business,"Data Analysis, Communication, MS Office",Google Data Analytics,9.7,7,6,Business Analyst
Intermediate,Business,"Communication, Marketing, MS Office",Digital Marketing,9.09,8,8,Sales Assistant
Bachelor's,Business,"Data Analysis, Communication, MS Office",Google Data Analytics,7.97,10,5,Business Analyst
Intermediate,Business,"Communication, Marketing, MS Office",Digital Marketing,7.02,5,5,Sales Assistant
Intermediate,Business,"Communication, Marketing, MS Office",Digital Marketing,7.71,8,6,Sales Assistant
Bachelor's,Finance,"Financial Analysis, Accounting, Excel",CFA Level 1,8.09,6,6,Financial Analyst
Intermediate,Commerce,"MS Office, Communication",No Certification,9.39,10,9,Data Entry Operator
Bachelor's,Commerce,"Accounting, Financial Analysis, MS Office",Tally ERP,8.59,5,9,Junior Accountant
Bachelor's,Business,"Marketing, Communication, MS Office",Digital Marketing,8.05,10,7,Marketing Executive
Master's,Computer Science,"Python, Machine Learning, Data Analysis",Google Data Analytics,9.81,6,7,Data Scientist
Bachelor's,Commerce,"Accounting, Financial Analysis, MS Office",Tally ERP,6.66,7,9,Junior Accountant
Intermediate,Commerce,"MS Office, Communication",No Certification,9.06,9,5,Data Entry Operator
Bachelor's,Business,"Data Analysis, Communication, MS Office",Google Data Analytics,7.95,8,8,Business Analyst
PhD,Science,"Machine Learning, Data Analysis, Python",No Certification,8.4,9,8,Research Scientist
Master's,Psychology,"Counseling, Communication",Mental Health Basics,8.62,7,9,School Counselor
Intermediate,Commerce,"MS Office, Communication",Tally ERP,7.0,9,9,Clerk
Bachelor's,Business,"Marketing, Communication, MS Office",Digital Marketing,8.07,10,8,Marketing Executive
Intermediate,Commerce,"MS Office, Communication",Tally ERP,6.64,8,5,Clerk
Bachelor's,Commerce,"Python, SQL, Data Analysis",Google Data Analytics,9.13,7,9,Data Analyst
Bachelor's,Commerce,"Accounting, Financial Analysis, MS Office",Tally ERP,7.85,7,9,Junior Accountant
Intermediate,Business,"Communication, Marketing, MS Office",Digital Marketing,7.92,8,8,Sales Assistant
Master's,Psychology,"Counseling, Communication",Mental Health Basics,8.54,8,9,School Counselor
Master's,Computer Science,"Python, Machine Learning, Data Analysis",Google Data Analytics,8.29,7,9,Data Scientist
Bachelor's,Business,"Data Analysis, Communication, MS Office",Google Data Analytics,7.61,8,7,Business Analyst
Bachelor's,Commerce,"Accounting, Financial Analysis, MS Office",Tally ERP,6.35,6,7,Junior Accountant
Bachelor's,Business,"Marketing, Communication, MS Office",Digital Marketing,8.67,8,6,Marketing Executive
Intermediate,Business,"Communication, Marketing, MS Office",Digital Marketing,7.57,7,6,Sales Assistant
Bachelor's,Business,"Marketing, Communication, MS Office",Digital Marketing,8.33,6,7,Marketing Executive
PhD,Science,"Machine Learning, Data Analysis, Python",No Certification,6.0,6,6,Research Scientist
Bachelor's,Finance,"Financial Analysis, Accounting, Excel",CFA Level 1,8.22,7,7,Financial Analyst
Intermediate,Commerce,"MS Office, Communication",No Certification,7.03,5,8,Data Entry Operator
Bachelor's,Computer Science,"Python, SQL, Machine Learning",AWS Certified,7.52,7,5,Software Engineer
PhD,Science,"Communication, Research",No Certification,7.46,10,10,Professor
Bachelor's,Computer Science,"Python, SQL, Machine Learning",AWS Certified,9.77,7,7,Software Engineer
Master's,Psychology,"Counseling, Communication",Mental Health Basics,6.66,8,10,School Counselor
Bachelor's,Commerce,"Accounting, Financial Analysis, MS Office",Tally ERP,7.87,9,7,Junior Accountant
Master's,Computer Science,"Python, Machine Learning, Data Analysis",Google Data Analytics,8.24,7,10,Data Scientist
Bachelor's,Business,"Data Analysis, Communication, MS Office",Google Data Analytics,6.99,8,5,Business Analyst
PhD,Science,"Communication, Research",No Certification,9.49,9,8,Professor
Bachelor's,Commerce,"Accounting, Financial Analysis, MS Office",Tally ERP,6.46,8,6,Junior Accountant
Bachelor's,Business,"Marketing, Communication, MS Office",Digital Marketing,7.59,10,8,Marketing Executive
PhD,Science,"Communication, Research",No Certification,7.15,9,5,Professor
PhD,Science,"Machine Learning, Data Analysis, Python",No Certification,6.43,7,6,Research Scientist
Bachelor's,Business,"Data Analysis, Communication, MS Office",Google Data Analytics,7.84,6,8,Business Analyst
Bachelor's,Commerce,"Accounting, Financial Analysis, MS Office",Tally ERP,8.93,9,9,Junior Accountant
Master's,Psychology,"Counseling, Communication",Mental Health Basics,8.77,8,7,School Counselor
Bachelor's,Business,"Data Analysis, Communication, MS Office",Google Data Analytics,8.24,6,5,Business Analyst
Intermediate,Business,"Communication, Marketing, MS Office",Digital Marketing,6.65,10,5,Sales Assistant
Intermediate,Commerce,"MS Office, Communication",No Certification,8.44,9,9,Data Entry Operator
PhD,Science,"Machine Learning, Data Analysis, Python",No Certification,9.18,9,10,Research Scientist
Intermediate,Commerce,"MS Office, Communication",No Certification,7.94,6,5,Data Entry Operator
Master's,Computer Science,"Python, Machine Learning, SQL",AWS Certified,8.6,5,7,ML Engineer
Bachelor's,Commerce,"Accounting, Financial Analysis, MS Office",Tally ERP,9.8,7,8,Junior Accountant
Master's,Computer Science,"Python, Machine Learning, SQL",AWS Certified,6.87,5,10,ML Engineer
PhD,Science,"Communication, Research",No Certification,7.99,6,10,Professor
PhD,Science,"Communication, Research",No Certification,9.03,7,9,Professor
Bachelor's,Business,"Marketing, Communication, MS Office",Digital Marketing,7.62,7,7,Marketing Executive
Bachelor's,Finance,"Financial Analysis, Accounting, Excel",CFA Level 1,9.34,10,6,Financial Analyst
Bachelor's,Commerce,"Python, SQL, Data Analysis",Google Data Analytics,9.13,6,6,Data Analyst
Intermediate,Commerce,"MS Office, Communication",No Certification,7.77,7,7,Data Entry Operator
Bachelor's,Commerce,"Accounting, Financial Analysis, MS Office",Tally ERP,6.88,6,8,Junior Accountant
Master's,Psychology,"Counseling, Communication",Mental Health Basics,8.23,10,7,School Counselor
PhD,Science,"Communication, Research",No Certification,6.36,8,8,Professor
Intermediate,Commerce,"MS Office, Communication",No Certification,6.92,6,5,Data Entry Operator
PhD,Science,"Communication, Research",No Certification,8.53,8,9,Professor
Bachelor's,Business,"Marketing, Communication, MS Office",Digital Marketing,7.01,10,6,Marketing Executive
Intermediate,Commerce,"MS Office, Communication",Tally ERP,7.27,9,8,Clerk
Bachelor's,Business,"Data Analysis, Communication, MS Office",Google Data Analytics,9.06,9,6,Business Analyst
Master's,Computer Science,"Python, Machine Learning, SQL",AWS Certified,8.83,10,7,ML Engineer
Bachelor's,Finance,"Financial Analysis, Accounting, Excel",CFA Level 1,9.87,6,5,Financial Analyst
PhD,Science,"Machine Learning, Data Analysis, Python",No Certification,9.68,7,8,Research Scientist
Bachelor's,Commerce,"Accounting, Financial Analysis, MS Office",Tally ERP,7.98,6,6,Junior Accountant
Master's,Psychology,"Counseling, Communication",Mental Health Basics,6.64,9,6,School Counselor
Bachelor's,Business,"Marketing, Communication, MS Office",Digital Marketing,7.61,5,6,Marketing Executive
Bachelor's,Finance,"Financial Analysis, Accounting, Excel",CFA Level 1,8.79,5,7,Financial Analyst
Bachelor's,Commerce,"Accounting, Financial Analysis, MS Office",Tally ERP,9.39,7,6,Junior Accountant
Bachelor's,Computer Science,"Python, SQL, Machine Learning",AWS Certified,7.97,6,10,Software Engineer
PhD,Science,"Machine Learning, Data Analysis, Python",No Certification,6.79,8,6,Research Scientist
Bachelor's,Commerce,"Accounting, Financial Analysis, MS Office",Tally ERP,6.89,7,10,Junior Accountant
Master's,Computer Science,"Python, Machine Learning, Data Analysis",Google Data Analytics,7.81,5,8,Data Scientist
Bachelor's,Commerce,"Python, SQL, Data Analysis",Google Data Analytics,6.62,10,10,Data Analyst
Bachelor's,Business,"Marketing, Communication, MS Office",Digital Marketing,7.61,7,7,Marketing Executive
Bachelor's,Commerce,"Accounting, Financial Analysis, MS Office",Tally ERP,9.63,7,10,Junior Accountant
Master's,Psychology,"Counseling, Communication",Mental Health Basics,6.62,9,5,School Counselor
Bachelor's,Computer Science,"Python, SQL, Machine Learning",AWS Certified,9.06,9,8,Software Engineer
Bachelor's,Commerce,"Accounting, Financial Analysis, MS Office",Tally ERP,6.28,5,10,Junior Accountant
Bachelor's,Commerce,"Accounting, Financial Analysis, MS Office",Tally ERP,9.04,6,9,Junior Accountant
Bachelor's,Finance,"Financial Analysis, Accounting, Excel",CFA Level 1,7.32,7,5,Financial Analyst
Master's,Computer Science,"Python, Machine Learning, SQL",AWS Certified,9.9,9,8,ML Engineer
Master's,Computer Science,"Python, Machine Learning, Data Analysis",Google Data Analytics,7.79,5,8,Data Scientist
Bachelor's,Business,"Marketing, Communication, MS Office",Digital Marketing,6.22,10,8,Marketing Executive
PhD,Science,"Machine Learning, Data Analysis, Python",No Certification,7.57,5,10,Research Scientist
Master's,Computer Science,"Python, Machine Learning, SQL",AWS Certified,7.53,8,9,ML Engineer
Bachelor's,Business,"Marketing, Communication, MS Office",Digital Marketing,6.77,9,8,Marketing Executive
Bachelor's,Computer Science,"Python, SQL, Machine Learning",AWS Certified,6.49,6,8,Software Engineer
Master's,Computer Science,"Python, Machine Learning, SQL",AWS Certified,6.88,5,8,ML Engineer
Bachelor's,Computer Science,"Python, SQL, Machine Learning",AWS Certified,6.38,7,5,Software Engineer
Master's,Computer Science,"Python, Machine Learning, Data Analysis",Google Data Analytics,7.31,6,8,Data Scientist
PhD,Science,"Machine Learning, Data Analysis, Python",No Certification,8.73,7,5,Research Scientist
Master's,Psychology,"Counseling, Communication",Mental Health Basics,8.85,8,9,School Counselor
Intermediate,Commerce,"MS Office, Communication",Tally ERP,9.49,5,5,Clerk
Bachelor's,Business,"Data Analysis, Communication, MS Office",Google Data Analytics,6.94,7,9,Business Analyst
Bachelor's,Business,"Marketing, Communication, MS Office",Digital Marketing,9.88,6,6,Marketing Executive
PhD,Science,"Machine Learning, Data Analysis, Python",No Certification,9.93,6,5,Research Scientist
Intermediate,Commerce,"MS Office, Communication",Tally ERP,7.68,6,8,Clerk
Bachelor's,Business,"Data Analysis, Communication, MS Office",Google Data Analytics,8.27,6,6,Business Analyst
Intermediate,Commerce,"MS Office, Communication",Tally ERP,8.88,5,9,Clerk
Master's,Psychology,"Counseling, Communication",Mental Health Basics,6.57,6,9,School Counselor
Master's,Computer Science,"Python, Machine Learning, Data Analysis",Google Data Analytics,7.38,5,5,Data Scientist
Bachelor's,Computer Science,"Python, SQL, Machine Learning",AWS Certified,7.05,10,8,Software Engineer
Bachelor's,Business,"Data Analysis, Communication, MS Office",Google Data Analytics,7.14,10,10,Business Analyst
Intermediate,Business,"Communication, Marketing, MS Office",Digital Marketing,8.24,5,5,Sales Assistant
Bachelor's,Commerce,"Python, SQL, Data Analysis",Google Data Analytics,9.48,10,9,Data Analyst
Bachelor's,Commerce,"Accounting, Financial Analysis, MS Office",Tally ERP,8.68,9,9,Junior Accountant
Intermediate,Business,"Communication, Marketing, MS Office",Digital Marketing,8.87,9,7,Sales Assistant
Bachelor's,Finance,"Financial Analysis, Accounting, Excel",CFA Level 1,8.39,7,7,Financial Analyst
Master's,Psychology,"Counseling, Communication",Mental Health Basics,7.23,7,6,School Counselor
Bachelor's,Computer Science,"Python, SQL, Machine Learning",AWS Certified,6.47,10,5,Software Engineer
Master's,Computer Science,"Python, Machine Learning, Data Analysis",Google Data Analytics,8.01,7,8,Data Scientist
Bachelor's,Commerce,"Accounting, Financial Analysis, MS Office",Tally ERP,7.22,7,6,Junior Accountant
Bachelor's,Computer Science,"Python, SQL, Machine Learning",AWS Certified,6.25,8,6,Software Engineer
Bachelor's,Computer Science,"Python, SQL, Machine Learning",AWS Certified,9.74,7,7,Software Engineer
Bachelor's,Finance,"Financial Analysis, Accounting, Excel",CFA Level 1,9.8,5,8,Financial Analyst
Master's,Computer Science,"Python, Machine Learning, SQL",AWS Certified,7.54,5,9,ML Engineer
Bachelor's,Computer Science,"Python, SQL, Machine Learning",AWS Certified,6.32,10,6,Software Engineer
Bachelor's,Business,"Data Analysis, Communication, MS Office",Google Data Analytics,8.19,5,6,Business Analyst
Bachelor's,Commerce,"Python, SQL, Data Analysis",Google Data Analytics,8.18,10,9,Data Analyst
Intermediate,Business,"Communication, Marketing, MS Office",Digital Marketing,7.28,7,5,Sales Assistant
Bachelor's,Computer Science,"Python, SQL, Machine Learning",AWS Certified,6.46,7,10,Software Engineer
Bachelor's,Commerce,"Python, SQL, Data Analysis",Google Data Analytics,8.5,9,10,Data Analyst
Intermediate,Business,"Communication, Marketing, MS Office",Digital Marketing,8.35,10,7,Sales Assistant
Bachelor's,Computer Science,"Python, SQL, Machine Learning",AWS Certified,7.34,7,5,Software Engineer
Master's,Psychology,"Counseling, Communication",Mental Health Basics,7.73,6,8,School Counselor
PhD,Science,"Communication, Research",No Certification,9.66,8,5,Professor
Bachelor's,Commerce,"Python, SQL, Data Analysis",Google Data Analytics,7.14,9,8,Data Analyst
PhD,Science,"Machine Learning, Data Analysis, Python",No Certification,6.01,8,5,Research Scientist
Intermediate,Commerce,"MS Office, Communication",Tally ERP,9.38,8,9,Clerk
PhD,Science,"Communication, Research",No Certification,8.09,6,5,Professor
Master's,Psychology,"Counseling, Communication",Mental Health Basics,7.53,5,5,School Counselor
Intermediate,Business,"Communication, Marketing, MS Office",Digital Marketing,9.99,8,10,Sales Assistant
Intermediate,Business,"Communication, Marketing, MS Office",Digital Marketing,6.07,7,8,Sales Assistant
Bachelor's,Finance,"Financial Analysis, Accounting, Excel",CFA Level 1,6.93,5,6,Financial Analyst
Bachelor's,Finance,"Financial Analysis, Accounting, Excel",CFA Level 1,6.23,8,7,Financial Analyst
Intermediate,Commerce,"MS Office, Communication",No Certification,8.14,10,7,Data Entry Operator
Bachelor's,Business,"Marketing, Communication, MS Office",Digital Marketing,6.44,8,9,Marketing Executive
Master's,Psychology,"Counseling, Communication",Mental Health Basics,7.34,6,5,School Counselor
PhD,Science,"Machine Learning, Data Analysis, Python",No Certification,8.27,8,6,Research Scientist
Intermediate,Commerce,"MS Office, Communication",Tally ERP,7.22,6,9,Clerk
Bachelor's,Commerce,"Accounting, Financial Analysis, MS Office",Tally ERP,6.05,10,7,Junior Accountant
PhD,Science,"Machine Learning, Data Analysis, Python",No Certification,8.53,6,6,Research Scientist
Bachelor's,Business,"Marketing, Communication, MS Office",Digital Marketing,8.16,7,6,Marketing Executive
Bachelor's,Commerce,"Accounting, Financial Analysis, MS Office",Tally ERP,8.72,8,5,Junior Accountant
Bachelor's,Finance,"Financial Analysis, Accounting, Excel",CFA Level 1,8.76,6,7,Financial Analyst
Bachelor's,Business,"Data Analysis, Communication, MS Office",Google Data Analytics,6.92,9,9,Business Analyst
Master's,Psychology,"Counseling, Communication",Mental Health Basics,8.68,5,9,School Counselor
Bachelor's,Finance,"Financial Analysis, Accounting, Excel",CFA Level 1,9.68,9,5,Financial Analyst
Intermediate,Commerce,"MS Office, Communication",No Certification,7.09,10,7,Data Entry Operator
Intermediate,Business,"Communication, Marketing, MS Office",Digital Marketing,6.06,8,9,Sales Assistant
Intermediate,Business,"Communication, Marketing, MS Office",Digital Marketing,7.61,9,8,Sales Assistant
Master's,Psychology,"Counseling, Communication",Mental Health Basics,6.4,8,7,School Counselor
Master's,Computer Science,"Python, Machine Learning, Data Analysis",Google Data Analytics,8.16,8,5,Data Scientist
PhD,Science,"Machine Learning, Data Analysis, Python",No Certification,8.49,7,6,Research Scientist
Bachelor's,Business,"Data Analysis, Communication, MS Office",Google Data Analytics,9.44,6,8,Business Analyst
Bachelor's,Computer Science,"Python, SQL, Machine Learning",AWS Certified,9.94,7,6,Software Engineer
Bachelor's,Business,"Marketing, Communication, MS Office",Digital Marketing,7.5,7,7,Marketing Executive
Intermediate,Commerce,"MS Office, Communication",Tally ERP,9.43,10,6,Clerk
Bachelor's,Commerce,"Python, SQL, Data Analysis",Google Data Analytics,6.88,5,7,Data Analyst
PhD,Science,"Machine Learning, Data Analysis, Python",No Certification,7.67,7,9,Research Scientist
Bachelor's,Computer Science,"Python, SQL, Machine Learning",AWS Certified,8.43,8,5,Software Engineer
Bachelor's,Computer Science,"Python, SQL, Machine Learning",AWS Certified,6.14,5,5,Software Engineer
Intermediate,Commerce,"MS Office, Communication",Tally ERP,9.24,9,6,Clerk
Bachelor's,Commerce,"Accounting, Financial Analysis, MS Office",Tally ERP,7.35,7,10,Junior Accountant
Bachelor's,Business,"Marketing, Communication, MS Office",Digital Marketing,7.53,6,7,Marketing Executive
Master's,Computer Science,"Python, Machine Learning, SQL",AWS Certified,8.43,5,6,ML Engineer
Master's,Psychology,"Counseling, Communication",Mental Health Basics,8.76,7,9,School Counselor
Bachelor's,Computer Science,"Python, SQL, Machine Learning",AWS Certified,8.48,6,6,Software Engineer
Bachelor's,Business,"Marketing, Communication, MS Office",Digital Marketing,7.58,8,7,Marketing Executive
Bachelor's,Business,"Data Analysis, Communication, MS Office",Google Data Analytics,7.23,9,7,Business Analyst
PhD,Science,"Machine Learning, Data Analysis, Python",No Certification,7.58,10,7,Research Scientist
Bachelor's,Commerce,"Accounting, Financial Analysis, MS Office",Tally ERP,8.2,9,5,Junior Accountant
PhD,Science,"Machine Learning, Data Analysis, Python",No Certification,6.92,10,8,Research Scientist
PhD,Science,"Machine Learning, Data Analysis, Python",No Certification,8.25,7,5,Research Scientist
Bachelor's,Commerce,"Accounting, Financial Analysis, MS Office",Tally ERP,6.15,10,9,Junior Accountant
Master's,Computer Science,"Python, Machine Learning, SQL",AWS Certified,7.22,9,7,ML Engineer
Bachelor's,Finance,"Financial Analysis, Accounting, Excel",CFA Level 1,9.16,7,8,Financial Analyst
Intermediate,Commerce,"MS Office, Communication",Tally ERP,6.11,9,10,Clerk
PhD,Science,"Communication, Research",No Certification,8.63,5,6,Professor
PhD,Science,"Communication, Research",No Certification,6.38,7,9,Professor
PhD,Science,"Machine Learning, Data Analysis, Python",No Certification,6.65,9,5,Research Scientist
PhD,Science,"Communication, Research",No Certification,9.89,7,5,Professor
Intermediate,Commerce,"MS Office, Communication",Tally ERP,6.45,5,6,Clerk
Bachelor's,Finance,"Financial Analysis, Accounting, Excel",CFA Level 1,8.95,7,7,Financial Analyst
Intermediate,Business,"Communication, Marketing, MS Office",Digital Marketing,9.16,7,5,Sales Assistant
Intermediate,Commerce,"MS Office, Communication",Tally ERP,7.43,8,6,Clerk
Bachelor's,Commerce,"Python, SQL, Data Analysis",Google Data Analytics,7.51,5,6,Data Analyst
Bachelor's,Finance,"Financial Analysis, Accounting, Excel",CFA Level 1,9.2,9,6,Financial Analyst
Bachelor's,Commerce,"Python, SQL, Data Analysis",Google Data Analytics,7.22,6,9,Data Analyst
Bachelor's,Commerce,"Python, SQL, Data Analysis",Google Data Analytics,6.08,5,5,Data Analyst
Master's,Computer Science,"Python, Machine Learning, Data Analysis",Google Data Analytics,7.39,7,6,Data Scientist
Bachelor's,Business,"Data Analysis, Communication, MS Office",Google Data Analytics,7.08,6,5,Business Analyst
Master's,Psychology,"Counseling, Communication",Mental Health Basics,8.55,8,9,School Counselor
PhD,Science,"Communication, Research",No Certification,7.53,7,5,Professor
Master's,Psychology,"Counseling, Communication",Mental Health Basics,9.28,9,8,School Counselor
Master's,Computer Science,"Python, Machine Learning, SQL",AWS Certified,6.91,8,9,ML Engineer
Bachelor's,Business,"Marketing, Communication, MS Office",Digital Marketing,6.21,6,9,Marketing Executive
Bachelor's,Computer Science,"Python, SQL, Machine Learning",AWS Certified,7.68,9,8,Software Engineer
Master's,Computer Science,"Python, Machine Learning, SQL",AWS Certified,9.69,9,7,ML Engineer
Master's,Computer Science,"Python, Machine Learning, SQL",AWS Certified,7.15,10,8,ML Engineer
Master's,Computer Science,"Python, Machine Learning, Data Analysis",Google Data Analytics,6.85,7,9,Data Scientist
Bachelor's,Computer Science,"Python, SQL, Machine Learning",AWS Certified,9.84,10,10,Software Engineer
Master's,Computer Science,"Python, Machine Learning, Data Analysis",Google Data Analytics,6.2,7,10,Data Scientist
Master's,Computer Science,"Python, Machine Learning, SQL",AWS Certified,7.26,5,7,ML Engineer
Master's,Psychology,"Counseling, Communication",Mental Health Basics,8.16,7,7,School Counselor
Intermediate,Commerce,"MS Office, Communication",Tally ERP,6.12,6,5,Clerk
Bachelor's,Business,"Data Analysis, Communication, MS Office",Google Data Analytics,9.76,9,10,Business Analyst
Intermediate,Commerce,"MS Office, Communication",Tally ERP,7.74,6,6,Clerk
Master's,Computer Science,"Python, Machine Learning, Data Analysis",Google Data Analytics,7.9,7,5,Data Scientist
Bachelor's,Commerce,"Accounting, Financial Analysis, MS Office",Tally ERP,6.79,5,6,Junior Accountant
Bachelor's,Business,"Data Analysis, Communication, MS Office",Google Data Analytics,9.4,10,7,Business Analyst
Master's,Psychology,"Counseling, Communication",Mental Health Basics,6.92,8,7,School Counselor
Bachelor's,Commerce,"Python, SQL, Data Analysis",Google Data Analytics,8.65,8,6,Data Analyst
Master's,Computer Science,"Python, Machine Learning, SQL",AWS Certified,9.54,9,6,ML Engineer
Bachelor's,Computer Science,"Python, SQL, Machine Learning",AWS Certified,6.25,9,10,Software Engineer
Master's,Psychology,"Counseling, Communication",Mental Health Basics,8.94,8,7,School Counselor
Bachelor's,Computer Science,"Python, SQL, Machine Learning",AWS Certified,7.68,6,6,Software Engineer
Bachelor's,Business,"Marketing, Communication, MS Office",Digital Marketing,9.98,8,9,Marketing Executive
Bachelor's,Commerce,"Python, SQL, Data Analysis",Google Data Analytics,8.84,9,6,Data Analyst
Bachelor's,Business,"Marketing, Communication, MS Office",Digital Marketing,7.76,6,10,Marketing Executive
Bachelor's,Business,"Marketing, Communication, MS Office",Digital Marketing,6.28,10,10,Marketing Executive
Bachelor's,Commerce,"Python, SQL, Data Analysis",Google Data Analytics,8.64,9,7,Data Analyst
PhD,Science,"Machine Learning, Data Analysis, Python",No Certification,7.35,10,10,Research Scientist
Bachelor's,Business,"Marketing, Communication, MS Office",Digital Marketing,7.22,9,6,Marketing Executive
Master's,Psychology,"Counseling, Communication",Mental Health Basics,6.3,10,8,School Counselor
PhD,Science,"Communication, Research",No Certification,9.53,6,9,Professor
Bachelor's,Commerce,"Accounting, Financial Analysis, MS Office",Tally ERP,9.71,8,10,Junior Accountant
Bachelor's,Finance,"Financial Analysis, Accounting, Excel",CFA Level 1,9.41,8,9,Financial Analyst
Bachelor's,Commerce,"Python, SQL, Data Analysis",Google Data Analytics,7.4,9,5,Data Analyst
Bachelor's,Commerce,"Accounting, Financial Analysis, MS Office",Tally ERP,6.22,6,8,Junior Accountant
PhD,Science,"Communication, Research",No Certification,7.29,8,5,Professor
PhD,Science,"Communication, Research",No Certification,9.36,8,8,Professor
Intermediate,Commerce,"MS Office, Communication",No Certification,7.3,9,9,Data Entry Operator
Master's,Computer Science,"Python, Machine Learning, SQL",AWS Certified,8.39,9,10,ML Engineer
Bachelor's,Business,"Marketing, Communication, MS Office",Digital Marketing,6.25,8,7,Marketing Executive
Intermediate,Business,"Communication, Marketing, MS Office",Digital Marketing,6.52,5,10,Sales Assistant
Master's,Psychology,"Counseling, Communication",Mental Health Basics,7.11,5,9,School Counselor
Bachelor's,Business,"Data Analysis, Communication, MS Office",Google Data Analytics,9.62,8,6,Business Analyst
Intermediate,Business,"Communication, Marketing, MS Office",Digital Marketing,9.25,6,7,Sales Assistant
Intermediate,Commerce,"MS Office, Communication",Tally ERP,7.53,5,6,Clerk
Master's,Computer Science,"Python, Machine Learning, Data Analysis",Google Data Analytics,7.46,8,9,Data Scientist
Bachelor's,Business,"Data Analysis, Communication, MS Office",Google Data Analytics,7.21,9,5,Business Analyst
PhD,Science,"Machine Learning, Data Analysis, Python",No Certification,6.0,7,9,Research Scientist
PhD,Science,"Communication, Research",No Certification,7.08,7,6,Professor
PhD,Science,"Machine Learning, Data Analysis, Python",No Certification,7.49,6,9,Research Scientist
Bachelor's,Computer Science,"Python, SQL, Machine Learning",AWS Certified,9.63,5,5,Software Engineer
Intermediate,Commerce,"MS Office, Communication",No Certification,7.69,8,5,Data Entry Operator
Master's,Computer Science,"Python, Machine Learning, Data Analysis",Google Data Analytics,9.81,8,5,Data Scientist
Bachelor's,Computer Science,"Python, SQL, Machine Learning",AWS Certified,7.59,8,7,Software Engineer
Master's,Computer Science,"Python, Machine Learning, Data Analysis",Google Data Analytics,7.81,7,8,Data Scientist
Bachelor's,Commerce,"Accounting, Financial Analysis, MS Office",Tally ERP,6.44,5,9,Junior Accountant
Bachelor's,Computer Science,"Python, SQL, Machine Learning",AWS Certified,7.78,9,8,Software Engineer
Bachelor's,Finance,"Financial Analysis, Accounting, Excel",CFA Level 1,7.55,9,10,Financial Analyst
PhD,Science,"Communication, Research",No Certification,9.19,9,10,Professor
Master's,Computer Science,"Python, Machine Learning, SQL",AWS Certified,9.91,9,5,ML Engineer
Master's,Computer Science,"Python, Machine Learning, Data Analysis",Google Data Analytics,7.43,7,10,Data Scientist
Bachelor's,Commerce,"Accounting, Financial Analysis, MS Office",Tally ERP,9.79,10,10,Junior Accountant
Bachelor's,Commerce,"Accounting, Financial Analysis, MS Office",Tally ERP,6.39,10,10,Junior Accountant
PhD,Science,"Machine Learning, Data Analysis, Python",No Certification,9.36,6,6,Research Scientist
Master's,Psychology,"Counseling, Communication",Mental Health Basics,8.07,9,6,School Counselor
Master's,Computer Science,"Python, Machine Learning, Data Analysis",Google Data Analytics,9.71,7,8,Data Scientist
Bachelor's,Business,"Marketing, Communication, MS Office",Digital Marketing,9.99,9,5,Marketing Executive
Intermediate,Commerce,"MS Office, Communication",Tally ERP,8.59,6,8,Clerk
Bachelor's,Computer Science,"Python, SQL, Machine Learning",AWS Certified,9.1,10,6,Software Engineer
Bachelor's,Business,"Marketing, Communication, MS Office",Digital Marketing,7.47,8,8,Marketing Executive
Bachelor's,Computer Science,"Python, SQL, Machine Learning",AWS Certified,8.49,9,8,Software Engineer
Bachelor's,Business,"Data Analysis, Communication, MS Office",Google Data Analytics,9.0,8,10,Business Analyst
Bachelor's,Business,"Marketing, Communication, MS Office",Digital Marketing,6.25,9,9,Marketing Executive
Intermediate,Business,"Communication, Marketing, MS Office",Digital Marketing,9.05,7,10,Sales Assistant
Bachelor's,Computer Science,"Python, SQL, Machine Learning",AWS Certified,8.57,6,10,Software Engineer
PhD,Science,"Machine Learning, Data Analysis, Python",No Certification,8.87,6,8,Research Scientist
Bachelor's,Commerce,"Accounting, Financial Analysis, MS Office",Tally ERP,8.47,7,5,Junior Accountant
Master's,Psychology,"Counseling, Communication",Mental Health Basics,6.67,10,10,School Counselor
PhD,Science,"Machine Learning, Data Analysis, Python",No Certification,7.8,7,7,Research Scientist
Bachelor's,Business,"Marketing, Communication, MS Office",Digital Marketing,6.16,10,5,Marketing Executive
Bachelor's,Computer Science,"Python, SQL, Machine Learning",AWS Certified,8.44,8,10,Software Engineer
Master's,Psychology,"Counseling, Communication",Mental Health Basics,8.29,8,7,School Counselor
Master's,Computer Science,"Python, Machine Learning, Data Analysis",Google Data Analytics,9.76,6,9,Data Scientist
Bachelor's,Business,"Marketing, Communication, MS Office",Digital Marketing,8.94,10,6,Marketing Executive
Bachelor's,Business,"Marketing, Communication, MS Office",Digital Marketing,9.91,6,7,Marketing Executive
PhD,Science,"Communication, Research",No Certification,7.77,9,10,Professor
Master's,Computer Science,"Python, Machine Learning, Data Analysis",Google Data Analytics,9.91,5,6,Data Scientist
Master's,Computer Science,"Python, Machine Learning, SQL",AWS Certified,9.72,6,7,ML Engineer
Bachelor's,Commerce,"Python, SQL, Data Analysis",Google Data Analytics,8.64,8,9,Data Analyst
PhD,Science,"Communication, Research",No Certification,6.45,9,10,Professor
PhD,Science,"Communication, Research",No Certification,6.9,10,7,Professor
Bachelor's,Computer Science,"Python, SQL, Machine Learning",AWS Certified,6.0,6,10,Software Engineer
Bachelor's,Computer Science,"Python, SQL, Machine Learning",AWS Certified,8.8,9,10,Software Engineer
Bachelor's,Business,"Data Analysis, Communication, MS Office",Google Data Analytics,6.97,7,7,Business Analyst
Bachelor's,Commerce,"Accounting, Financial Analysis, MS Office",Tally ERP,8.53,5,7,Junior Accountant
Master's,Computer Science,"Python, Machine Learning, SQL",AWS Certified,9.73,8,5,ML Engineer
Intermediate,Business,"Communication, Marketing, MS Office",Digital Marketing,8.1,9,8,Sales Assistant
Master's,Psychology,"Counseling, Communication",Mental Health Basics,7.17,5,8,School Counselor
Bachelor's,Business,"Data Analysis, Communication, MS Office",Google Data Analytics,9.68,8,8,Business Analyst
Master's,Psychology,"Counseling, Communication",Mental Health Basics,7.26,6,5,School Counselor
Bachelor's,Business,"Marketing, Communication, MS Office",Digital Marketing,8.65,9,10,Marketing Executive
Bachelor's,Business,"Data Analysis, Communication, MS Office",Google Data Analytics,9.06,6,6,Business Analyst
Master's,Psychology,"Counseling, Communication",Mental Health Basics,9.14,7,5,School Counselor
Master's,Psychology,"Counseling, Communication",Mental Health Basics,7.87,8,7,School Counselor
Master's,Computer Science,"Python, Machine Learning, Data Analysis",Google Data Analytics,6.23,7,8,Data Scientist
Bachelor's,Business,"Marketing, Communication, MS Office",Digital Marketing,9.51,6,7,Marketing Executive
Master's,Computer Science,"Python, Machine Learning, SQL",AWS Certified,9.28,9,8,ML Engineer
Bachelor's,Business,"Marketing, Communication, MS Office",Digital Marketing,9.1,6,6,Marketing Executive
Master's,Computer Science,"Python, Machine Learning, SQL",AWS Certified,7.67,9,10,ML Engineer
Master's,Psychology,"Counseling, Communication",Mental Health Basics,7.33,8,10,School Counselor
PhD,Science,"Machine Learning, Data Analysis, Python",No Certification,9.32,9,7,Research Scientist
PhD,Science,"Communication, Research",No Certification,6.23,10,8,Professor
Master's,Psychology,"Counseling, Communication",Mental Health Basics,9.3,5,8,School Counselor
Master's,Psychology,"Counseling, Communication",Mental Health Basics,9.17,7,10,School Counselor
Intermediate,Commerce,"MS Office, Communication",No Certification,6.49,9,7,Data Entry Operator
Intermediate,Business,"Communication, Marketing, MS Office",Digital Marketing,8.77,9,8,Sales Assistant
Bachelor's,Commerce,"Accounting, Financial Analysis, MS Office",Tally ERP,8.86,10,5,Junior Accountant
Master's,Computer Science,"Python, Machine Learning, Data Analysis",Google Data Analytics,7.64,10,10,Data Scientist
PhD,Science,"Communication, Research",No Certification,6.78,5,10,Professor
Master's,Computer Science,"Python, Machine Learning, SQL",AWS Certified,6.53,10,6,ML Engineer
Bachelor's,Computer Science,"Python, SQL, Machine Learning",AWS Certified,6.75,5,5,Software Engineer
Intermediate,Commerce,"MS Office, Communication",Tally ERP,8.97,8,5,Clerk
Bachelor's,Commerce,"Accounting, Financial Analysis, MS Office",Tally ERP,6.53,8,8,Junior Accountant
Bachelor's,Computer Science,"Python, SQL, Machine Learning",AWS Certified,9.01,10,7,Software Engineer
Master's,Computer Science,"Python, Machine Learning, Data Analysis",Google Data Analytics,9.52,7,10,Data Scientist
Bachelor's,Business,"Marketing, Communication, MS Office",Digital Marketing,9.67,10,9,Marketing Executive
Master's,Computer Science,"Python, Machine Learning, SQL",AWS Certified,8.39,9,7,ML Engineer
Master's,Computer Science,"Python, Machine Learning, Data Analysis",Google Data Analytics,8.81,8,6,Data Scientist
Bachelor's,Computer Science,"Python, SQL, Machine Learning",AWS Certified,8.49,10,10,Software Engineer
Bachelor's,Business,"Marketing, Communication, MS Office",Digital Marketing,7.35,10,10,Marketing Executive
Bachelor's,Finance,"Financial Analysis, Accounting, Excel",CFA Level 1,8.72,9,8,Financial Analyst
PhD,Science,"Communication, Research",No Certification,8.66,7,9,Professor
Bachelor's,Business,"Marketing, Communication, MS Office",Digital Marketing,8.45,9,7,Marketing Executive
Bachelor's,Commerce,"Accounting, Financial Analysis, MS Office",Tally ERP,7.93,8,9,Junior Accountant
Intermediate,Commerce,"MS Office, Communication",Tally ERP,9.02,9,8,Clerk
Intermediate,Commerce,"MS Office, Communication",No Certification,7.08,8,5,Data Entry Operator
Intermediate,Commerce,"MS Office, Communication",No Certification,9.85,9,9,Data Entry Operator
Master's,Computer Science,"Python, Machine Learning, SQL",AWS Certified,8.92,7,7,ML Engineer
Bachelor's,Business,"Data Analysis, Communication, MS Office",Google Data Analytics,6.65,6,7,Business Analyst
Master's,Computer Science,"Python, Machine Learning, Data Analysis",Google Data Analytics,9.05,7,7,Data Scientist
PhD,Science,"Machine Learning, Data Analysis, Python",No Certification,9.59,10,6,Research Scientist
Intermediate,Commerce,"MS Office, Communication",Tally ERP,7.78,5,9,Clerk
Bachelor's,Commerce,"Accounting, Financial Analysis, MS Office",Tally ERP,7.74,10,7,Junior Accountant
Bachelor's,Commerce,"Accounting, Financial Analysis, MS Office",Tally ERP,6.33,6,9,Junior Accountant
Intermediate,Commerce,"MS Office, Communication",No Certification,8.4,8,7,Data Entry Operator
PhD,Science,"Communication, Research",No Certification,7.49,10,9,Professor
PhD,Science,"Communication, Research",No Certification,9.76,9,9,Professor
Bachelor's,Commerce,"Python, SQL, Data Analysis",Google Data Analytics,8.32,8,6,Data Analyst
Bachelor's,Computer Science,"Python, SQL, Machine Learning",AWS Certified,6.12,5,10,Software Engineer
PhD,Science,"Machine Learning, Data Analysis, Python",No Certification,9.12,9,7,Research Scientist
Master's,Psychology,"Counseling, Communication",Mental Health Basics,8.76,9,10,School Counselor
PhD,Science,"Communication, Research",No Certification,7.95,10,10,Professor
PhD,Science,"Communication, Research",No Certification,8.5,7,7,Professor
Bachelor's,Business,"Data Analysis, Communication, MS Office",Google Data Analytics,7.08,7,9,Business Analyst
Master's,Psychology,"Counseling, Communication",Mental Health Basics,6.65,8,6,School Counselor
Bachelor's,Commerce,"Accounting, Financial Analysis, MS Office",Tally ERP,7.1,8,10,Junior Accountant
Bachelor's,Finance,"Financial Analysis, Accounting, Excel",CFA Level 1,9.13,6,10,Financial Analyst
Master's,Psychology,"Counseling, Communication",Mental Health Basics,7.48,6,5,School Counselor
Bachelor's,Commerce,"Accounting, Financial Analysis, MS Office",Tally ERP,8.63,9,7,Junior Accountant
Master's,Computer Science,"Python, Machine Learning, SQL",AWS Certified,9.54,6,9,ML Engineer
Master's,Computer Science,"Python, Machine Learning, SQL",AWS Certified,6.92,6,7,ML Engineer
Intermediate,Commerce,"MS Office, Communication",Tally ERP,6.32,9,7,Clerk
Master's,Computer Science,"Python, Machine Learning, SQL",AWS Certified,9.5,6,10,ML Engineer
Master's,Computer Science,"Python, Machine Learning, SQL",AWS Certified,9.68,5,5,ML Engineer
PhD,Science,"Machine Learning, Data Analysis, Python",No Certification,6.02,5,5,Research Scientist
PhD,Science,"Machine Learning, Data Analysis, Python",No Certification,6.91,7,9,Research Scientist
Bachelor's,Business,"Marketing, Communication, MS Office",Digital Marketing,7.23,10,6,Marketing Executive
Bachelor's,Finance,"Financial Analysis, Accounting, Excel",CFA Level 1,7.65,5,6,Financial Analyst
Intermediate,Commerce,"MS Office, Communication",No Certification,9.8,9,5,Data Entry Operator
Master's,Computer Science,"Python, Machine Learning, Data Analysis",Google Data Analytics,6.82,7,10,Data Scientist
PhD,Science,"Machine Learning, Data Analysis, Python",No Certification,6.7,5,8,Research Scientist
Master's,Psychology,"Counseling, Communication",Mental Health Basics,7.46,9,7,School Counselor
Bachelor's,Business,"Data Analysis, Communication, MS Office",Google Data Analytics,9.69,5,8,Business Analyst
Bachelor's,Computer Science,"Python, SQL, Machine Learning",AWS Certified,8.8,9,8,Software Engineer
Master's,Computer Science,"Python, Machine Learning, Data Analysis",Google Data Analytics,8.19,10,10,Data Scientist
Intermediate,Commerce,"MS Office, Communication",No Certification,7.09,5,8,Data Entry Operator
PhD,Science,"Machine Learning, Data Analysis, Python",No Certification,9.57,6,8,Research Scientist
Bachelor's,Business,"Data Analysis, Communication, MS Office",Google Data Analytics,7.97,5,8,Business Analyst
Bachelor's,Computer Science,"Python, SQL, Machine Learning",AWS Certified,9.32,7,8,Software Engineer
Bachelor's,Business,"Marketing, Communication, MS Office",Digital Marketing,8.43,10,10,Marketing Executive
PhD,Science,"Communication, Research",No Certification,9.95,9,9,Professor
Master's,Computer Science,"Python, Machine Learning, SQL",AWS Certified,9.5,10,5,ML Engineer
Bachelor's,Commerce,"Accounting, Financial Analysis, MS Office",Tally ERP,6.76,9,9,Junior Accountant
Intermediate,Commerce,"MS Office, Communication",Tally ERP,6.34,6,7,Clerk
PhD,Science,"Communication, Research",No Certification,9.73,9,6,Professor
Intermediate,Commerce,"MS Office, Communication",No Certification,6.74,6,10,Data Entry Operator
Intermediate,Commerce,"MS Office, Communication",Tally ERP,6.23,8,6,Clerk
PhD,Science,"Machine Learning, Data Analysis, Python",No Certification,9.91,6,5,Research Scientist
PhD,Science,"Machine Learning, Data Analysis, Python",No Certification,7.66,8,8,Research Scientist
Intermediate,Commerce,"MS Office, Communication",Tally ERP,6.95,7,5,Clerk
Master's,Psychology,"Counseling, Communication",Mental Health Basics,9.72,9,7,School Counselor
Bachelor's,Computer Science,"Python, SQL, Machine Learning",AWS Certified,7.75,10,6,Software Engineer
Intermediate,Business,"Communication, Marketing, MS Office",Digital Marketing,7.14,9,6,Sales Assistant
Bachelor's,Commerce,"Accounting, Financial Analysis, MS Office",Tally ERP,9.99,5,6,Junior Accountant
Bachelor's,Commerce,"Accounting, Financial Analysis, MS Office",Tally ERP,8.21,7,8,Junior Accountant
Master's,Computer Science,"Python, Machine Learning, Data Analysis",Google Data Analytics,7.84,6,7,Data Scientist
Bachelor's,Computer Science,"Python, SQL, Machine Learning",AWS Certified,8.93,6,6,Software Engineer
Master's,Psychology,"Counseling, Communication",Mental Health Basics,8.93,6,9,School Counselor
Bachelor's,Finance,"Financial Analysis, Accounting, Excel",CFA Level 1,9.73,8,10,Financial Analyst
Master's,Computer Science,"Python, Machine Learning, SQL",AWS Certified,6.97,10,10,ML Engineer
Intermediate,Commerce,"MS Office, Communication",Tally ERP,6.94,10,9,Clerk
Bachelor's,Finance,"Financial Analysis, Accounting, Excel",CFA Level 1,8.47,10,9,Financial Analyst
Master's,Psychology,"Counseling, Communication",Mental Health Basics,9.59,10,7,School Counselor
Bachelor's,Commerce,"Python, SQL, Data Analysis",Google Data Analytics,6.62,8,8,Data Analyst
Intermediate,Commerce,"MS Office, Communication",No Certification,8.91,8,7,Data Entry Operator
Intermediate,Commerce,"MS Office, Communication",Tally ERP,7.38,9,8,Clerk
Intermediate,Business,"Communication, Marketing, MS Office",Digital Marketing,8.25,9,6,Sales Assistant
Bachelor's,Commerce,"Accounting, Financial Analysis, MS Office",Tally ERP,9.95,6,6,Junior Accountant
PhD,Science,"Machine Learning, Data Analysis, Python",No Certification,8.97,9,6,Research Scientist
Bachelor's,Business,"Data Analysis, Communication, MS Office",Google Data Analytics,9.29,9,6,Business Analyst
PhD,Science,"Communication, Research",No Certification,7.92,10,10,Professor
PhD,Science,"Communication, Research",No Certification,8.84,10,7,Professor
Intermediate,Business,"Communication, Marketing, MS Office",Digital Marketing,9.43,9,6,Sales Assistant
Bachelor's,Commerce,"Accounting, Financial Analysis, MS Office",Tally ERP,8.88,10,7,Junior Accountant
Master's,Computer Science,"Python, Machine Learning, Data Analysis",Google Data Analytics,9.92,8,5,Data Scientist
Bachelor's,Computer Science,"Python, SQL, Machine Learning",AWS Certified,8.94,6,9,Software Engineer
Master's,Computer Science,"Python, Machine Learning, Data Analysis",Google Data Analytics,6.76,5,9,Data Scientist
Master's,Psychology,"Counseling, Communication",Mental Health Basics,7.96,8,6,School Counselor
Master's,Computer Science,"Python, Machine Learning, SQL",AWS Certified,6.64,5,9,ML Engineer
PhD,Science,"Communication, Research",No Certification,6.89,9,7,Professor
PhD,Science,"Machine Learning, Data Analysis, Python",No Certification,9.07,8,7,Research Scientist
Master's,Psychology,"Counseling, Communication",Mental Health Basics,6.1,7,8,School Counselor
Intermediate,Commerce,"MS Office, Communication",Tally ERP,7.32,6,10,Clerk
Master's,Psychology,"Counseling, Communication",Mental Health Basics,7.18,10,10,School Counselor
Bachelor's,Business,"Data Analysis, Communication, MS Office",Google Data Analytics,7.61,5,6,Business Analyst
Bachelor's,Commerce,"Python, SQL, Data Analysis",Google Data Analytics,6.26,9,10,Data Analyst
Bachelor's,Commerce,"Python, SQL, Data Analysis",Google Data Analytics,8.33,5,7,Data Analyst
Master's,Computer Science,"Python, Machine Learning, SQL",AWS Certified,7.31,6,5,ML Engineer
Master's,Computer Science,"Python, Machine Learning, Data Analysis",Google Data Analytics,8.67,5,7,Data Scientist
PhD,Science,"Communication, Research",No Certification,9.93,8,6,Professor
Master's,Computer Science,"Python, Machine Learning, SQL",AWS Certified,7.48,10,10,ML Engineer
Bachelor's,Commerce,"Python, SQL, Data Analysis",Google Data Analytics,9.25,7,7,Data Analyst
Master's,Psychology,"Counseling, Communication",Mental Health Basics,7.2,8,6,School Counselor
Master's,Psychology,"Counseling, Communication",Mental Health Basics,8.57,5,9,School Counselor
Bachelor's,Business,"Data Analysis, Communication, MS Office",Google Data Analytics,9.82,8,6,Business Analyst
Bachelor's,Commerce,"Python, SQL, Data Analysis",Google Data Analytics,8.16,6,7,Data Analyst
PhD,Science,"Communication, Research",No Certification,8.34,6,9,Professor
Master's,Computer Science,"Python, Machine Learning, SQL",AWS Certified,7.53,9,8,ML Engineer
Intermediate,Commerce,"MS Office, Communication",Tally ERP,6.17,7,6,Clerk
PhD,Science,"Machine Learning, Data Analysis, Python",No Certification,7.73,9,5,Research Scientist
Bachelor's,Business,"Data Analysis, Communication, MS Office",Google Data Analytics,6.84,5,7,Business Analyst
Intermediate,Commerce,"MS Office, Communication",No Certification,7.69,5,5,Data Entry Operator
Bachelor's,Finance,"Financial Analysis, Accounting, Excel",CFA Level 1,7.09,6,7,Financial Analyst
PhD,Science,"Machine Learning, Data Analysis, Python",No Certification,7.29,6,6,Research Scientist
Bachelor's,Business,"Data Analysis, Communication, MS Office",Google Data Analytics,6.49,5,7,Business Analyst
Bachelor's,Commerce,"Accounting, Financial Analysis, MS Office",Tally ERP,6.17,6,10,Junior Accountant
Bachelor's,Finance,"Financial Analysis, Accounting, Excel",CFA Level 1,9.98,6,8,Financial Analyst
Intermediate,Commerce,"MS Office, Communication",No Certification,8.49,7,6,Data Entry Operator
Bachelor's,Business,"Data Analysis, Communication, MS Office",Google Data Analytics,8.56,7,6,Business Analyst
Bachelor's,Finance,"Financial Analysis, Accounting, Excel",CFA Level 1,8.48,5,10,Financial Analyst
Bachelor's,Business,"Data Analysis, Communication, MS Office",Google Data Analytics,9.0,5,9,Business Analyst
Intermediate,Commerce,"MS Office, Communication",No Certification,8.8,8,7,Data Entry Operator
Intermediate,Commerce,"MS Office, Communication",No Certification,7.54,7,6,Data Entry Operator
PhD,Science,"Communication, Research",No Certification,8.69,7,9,Professor
Master's,Psychology,"Counseling, Communication",Mental Health Basics,9.19,7,10,School Counselor
Bachelor's,Computer Science,"Python, SQL, Machine Learning",AWS Certified,9.62,10,5,Software Engineer
Bachelor's,Commerce,"Python, SQL, Data Analysis",Google Data Analytics,6.79,8,6,Data Analyst
Master's,Computer Science,"Python, Machine Learning, Data Analysis",Google Data Analytics,7.92,6,7,Data Scientist
Bachelor's,Commerce,"Accounting, Financial Analysis, MS Office",Tally ERP,9.36,6,8,Junior Accountant
Bachelor's,Business,"Marketing, Communication, MS Office",Digital Marketing,7.96,5,9,Marketing Executive
Master's,Psychology,"Counseling, Communication",Mental Health Basics,8.05,8,5,School Counselor
Intermediate,Commerce,"MS Office, Communication",Tally ERP,7.09,5,10,Clerk
Bachelor's,Business,"Marketing, Communication, MS Office",Digital Marketing,6.78,5,5,Marketing Executive
Bachelor's,Computer Science,"Python, SQL, Machine Learning",AWS Certified,9.09,5,7,Software Engineer
Bachelor's,Commerce,"Python, SQL, Data Analysis",Google Data Analytics,6.98,7,9,Data Analyst
Bachelor's,Commerce,"Python, SQL, Data Analysis",Google Data Analytics,6.3,8,9,Data Analyst
Bachelor's,Commerce,"Python, SQL, Data Analysis",Google Data Analytics,8.69,10,8,Data Analyst
Master's,Computer Science,"Python, Machine Learning, Data Analysis",Google Data Analytics,8.31,5,8,Data Scientist
PhD,Science,"Machine Learning, Data Analysis, Python",No Certification,6.68,7,5,Research Scientist
Bachelor's,Finance,"Financial Analysis, Accounting, Excel",CFA Level 1,6.64,9,7,Financial Analyst
Bachelor's,Business,"Data Analysis, Communication, MS Office",Google Data Analytics,8.74,10,5,Business Analyst
Master's,Computer Science,"Python, Machine Learning, SQL",AWS Certified,8.99,5,9,ML Engineer
Intermediate,Commerce,"MS Office, Communication",No Certification,7.01,10,7,Data Entry Operator
Bachelor's,Business,"Marketing, Communication, MS Office",Digital Marketing,8.53,10,6,Marketing Executive
Bachelor's,Commerce,"Accounting, Financial Analysis, MS Office",Tally ERP,8.36,8,9,Junior Accountant
Intermediate,Business,"Communication, Marketing, MS Office",Digital Marketing,8.29,7,9,Sales Assistant
PhD,Science,"Communication, Research",No Certification,6.75,6,5,Professor
Bachelor's,Commerce,"Accounting, Financial Analysis, MS Office",Tally ERP,9.43,5,8,Junior Accountant
Bachelor's,Business,"Data Analysis, Communication, MS Office",Google Data Analytics,9.48,10,5,Business Analyst
Master's,Computer Science,"Python, Machine Learning, Data Analysis",Google Data Analytics,9.58,10,6,Data Scientist
Master's,Computer Science,"Python, Machine Learning, Data Analysis",Google Data Analytics,8.27,9,5,Data Scientist
Master's,Computer Science,"Python, Machine Learning, SQL",AWS Certified,6.01,10,6,ML Engineer
Intermediate,Business,"Communication, Marketing, MS Office",Digital Marketing,9.13,8,6,Sales Assistant
Bachelor's,Finance,"Financial Analysis, Accounting, Excel",CFA Level 1,9.04,5,9,Financial Analyst
Intermediate,Commerce,"MS Office, Communication",Tally ERP,7.18,9,10,Clerk
Intermediate,Commerce,"MS Office, Communication",Tally ERP,8.58,6,10,Clerk
Intermediate,Commerce,"MS Office, Communication",Tally ERP,6.99,9,9,Clerk
Master's,Computer Science,"Python, Machine Learning, Data Analysis",Google Data Analytics,9.15,9,5,Data Scientist
Bachelor's,Computer Science,"Python, SQL, Machine Learning",AWS Certified,6.93,6,7,Software Engineer
PhD,Science,"Communication, Research",No Certification,6.99,5,7,Professor
Bachelor's,Computer Science,"Python, SQL, Machine Learning",AWS Certified,9.94,9,5,Software Engineer
Bachelor's,Commerce,"Accounting, Financial Analysis, MS Office",Tally ERP,8.97,5,8,Junior Accountant
Master's,Computer Science,"Python, Machine Learning, Data Analysis",Google Data Analytics,9.98,9,10,Data Scientist
Bachelor's,Computer Science,"Python, SQL, Machine Learning",AWS Certified,6.97,8,9,Software Engineer
Bachelor's,Business,"Marketing, Communication, MS Office",Digital Marketing,8.33,5,9,Marketing Executive
Bachelor's,Business,"Data Analysis, Communication, MS Office",Google Data Analytics,7.92,10,10,Business Analyst
Master's,Psychology,"Counseling, Communication",Mental Health Basics,7.04,5,10,School Counselor
PhD,Science,"Machine Learning, Data Analysis, Python",No Certification,8.82,5,7,Research Scientist
Intermediate,Commerce,"MS Office, Communication",Tally ERP,9.48,10,7,Clerk
PhD,Science,"Machine Learning, Data Analysis, Python",No Certification,8.32,9,10,Research Scientist
PhD,Science,"Communication, Research",No Certification,9.55,8,7,Professor
Bachelor's,Commerce,"Accounting, Financial Analysis, MS Office",Tally ERP,8.34,7,6,Junior Accountant
Bachelor's,Commerce,"Python, SQL, Data Analysis",Google Data Analytics,6.93,5,10,Data Analyst
Bachelor's,Business,"Data Analysis, Communication, MS Office",Google Data Analytics,9.92,7,7,Business Analyst
Bachelor's,Computer Science,"Python, SQL, Machine Learning",AWS Certified,9.62,10,9,Software Engineer
PhD,Science,"Machine Learning, Data Analysis, Python",No Certification,8.95,9,5,Research Scientist
Master's,Computer Science,"Python, Machine Learning, SQL",AWS Certified,7.54,7,10,ML Engineer
Bachelor's,Finance,"Financial Analysis, Accounting, Excel",CFA Level 1,8.53,10,8,Financial Analyst
Master's,Computer Science,"Python, Machine Learning, SQL",AWS Certified,7.59,9,10,ML Engineer
PhD,Science,"Machine Learning, Data Analysis, Python",No Certification,6.16,9,5,Research Scientist
Bachelor's,Commerce,"Accounting, Financial Analysis, MS Office",Tally ERP,6.4,5,8,Junior Accountant
Bachelor's,Business,"Data Analysis, Communication, MS Office",Google Data Analytics,7.61,8,6,Business Analyst
Bachelor's,Finance,"Financial Analysis, Accounting, Excel",CFA Level 1,9.53,5,7,Financial Analyst
Bachelor's,Business,"Marketing, Communication, MS Office",Digital Marketing,8.14,8,10,Marketing Executive
Intermediate,Commerce,"MS Office, Communication",No Certification,9.68,5,6,Data Entry Operator
PhD,Science,"Communication, Research",No Certification,7.19,9,10,Professor
Bachelor's,Commerce,"Accounting, Financial Analysis, MS Office",Tally ERP,9.07,5,7,Junior Accountant
Bachelor's,Finance,"Financial Analysis, Accounting, Excel",CFA Level 1,9.64,6,6,Financial Analyst
Bachelor's,Business,"Data Analysis, Communication, MS Office",Google Data Analytics,6.4,10,5,Business Analyst
Intermediate,Business,"Communication, Marketing, MS Office",Digital Marketing,8.86,6,7,Sales Assistant
Master's,Psychology,"Counseling, Communication",Mental Health Basics,9.37,8,10,School Counselor
Master's,Psychology,"Counseling, Communication",Mental Health Basics,8.05,6,5,School Counselor
Bachelor's,Business,"Data Analysis, Communication, MS Office",Google Data Analytics,9.24,6,10,Business Analyst
Bachelor's,Business,"Marketing, Communication, MS Office",Digital Marketing,8.94,5,9,Marketing Executive
Intermediate,Commerce,"MS Office, Communication",Tally ERP,7.59,10,5,Clerk
Bachelor's,Finance,"Financial Analysis, Accounting, Excel",CFA Level 1,6.35,6,5,Financial Analyst
Bachelor's,Commerce,"Python, SQL, Data Analysis",Google Data Analytics,9.3,7,9,Data Analyst
Bachelor's,Finance,"Financial Analysis, Accounting, Excel",CFA Level 1,8.74,7,7,Financial Analyst
PhD,Science,"Machine Learning, Data Analysis, Python",No Certification,7.55,9,6,Research Scientist
Intermediate,Commerce,"MS Office, Communication",Tally ERP,6.79,8,7,Clerk
Master's,Psychology,"Counseling, Communication",Mental Health Basics,8.92,8,9,School Counselor
Intermediate,Business,"Communication, Marketing, MS Office",Digital Marketing,9.23,9,7,Sales Assistant
Bachelor's,Commerce,"Python, SQL, Data Analysis",Google Data Analytics,7.76,5,6,Data Analyst
PhD,Science,"Communication, Research",No Certification,9.02,8,7,Professor
PhD,Science,"Communication, Research",No Certification,8.42,8,7,Professor
Intermediate,Business,"Communication, Marketing, MS Office",Digital Marketing,8.36,7,7,Sales Assistant
Master's,Computer Science,"Python, Machine Learning, Data Analysis",Google Data Analytics,7.3,6,10,Data Scientist
Master's,Psychology,"Counseling, Communication",Mental Health Basics,8.1,6,6,School Counselor
Bachelor's,Computer Science,"Python, SQL, Machine Learning",AWS Certified,7.05,7,9,Software Engineer
Master's,Computer Science,"Python, Machine Learning, Data Analysis",Google Data Analytics,6.39,7,8,Data Scientist
Bachelor's,Business,"Data Analysis, Communication, MS Office",Google Data Analytics,6.14,9,5,Business Analyst
Intermediate,Commerce,"MS Office, Communication",No Certification,7.81,7,10,Data Entry Operator
Bachelor's,Commerce,"Python, SQL, Data Analysis",Google Data Analytics,9.24,9,9,Data Analyst
Intermediate,Commerce,"MS Office, Communication",Tally ERP,8.75,10,7,Clerk
Intermediate,Commerce,"MS Office, Communication",Tally ERP,8.09,9,8,Clerk
Intermediate,Business,"Communication, Marketing, MS Office",Digital Marketing,8.06,8,10,Sales Assistant
Master's,Psychology,"Counseling, Communication",Mental Health Basics,9.33,9,5,School Counselor
Bachelor's,Business,"Data Analysis, Communication, MS Office",Google Data Analytics,8.63,6,10,Business Analyst
Bachelor's,Commerce,"Python, SQL, Data Analysis",Google Data Analytics,9.77,9,10,Data Analyst
Bachelor's,Business,"Marketing, Communication, MS Office",Digital Marketing,6.68,9,7,Marketing Executive
Bachelor's,Commerce,"Python, SQL, Data Analysis",Google Data Analytics,6.32,9,7,Data Analyst
Intermediate,Business,"Communication, Marketing, MS Office",Digital Marketing,7.32,5,8,Sales Assistant
Bachelor's,Commerce,"Python, SQL, Data Analysis",Google Data Analytics,6.33,6,5,Data Analyst
PhD,Science,"Communication, Research",No Certification,8.06,6,9,Professor
Bachelor's,Business,"Data Analysis, Communication, MS Office",Google Data Analytics,9.13,10,10,Business Analyst
Master's,Psychology,"Counseling, Communication",Mental Health Basics,7.95,5,8,School Counselor
Master's,Psychology,"Counseling, Communication",Mental Health Basics,8.36,5,5,School Counselor
PhD,Science,"Communication, Research",No Certification,6.24,9,7,Professor
PhD,Science,"Machine Learning, Data Analysis, Python",No Certification,8.27,9,10,Research Scientist
Intermediate,Commerce,"MS Office, Communication",Tally ERP,9.56,6,10,Clerk
PhD,Science,"Communication, Research",No Certification,6.62,6,9,Professor
Master's,Computer Science,"Python, Machine Learning, Data Analysis",Google Data Analytics,8.78,8,6,Data Scientist
Bachelor's,Computer Science,"Python, SQL, Machine Learning",AWS Certified,9.56,6,7,Software Engineer
Bachelor's,Business,"Data Analysis, Communication, MS Office",Google Data Analytics,7.62,5,6,Business Analyst
Master's,Computer Science,"Python, Machine Learning, Data Analysis",Google Data Analytics,9.07,6,9,Data Scientist
PhD,Science,"Machine Learning, Data Analysis, Python",No Certification,9.95,10,6,Research Scientist
Master's,Psychology,"Counseling, Communication",Mental Health Basics,7.09,6,5,School Counselor
Master's,Computer Science,"Python, Machine Learning, Data Analysis",Google Data Analytics,8.74,5,9,Data Scientist
Intermediate,Commerce,"MS Office, Communication",No Certification,9.32,9,9,Data Entry Operator
Intermediate,Business,"Communication, Marketing, MS Office",Digital Marketing,8.08,5,6,Sales Assistant
Bachelor's,Computer Science,"Python, SQL, Machine Learning",AWS Certified,8.54,9,6,Software Engineer
Bachelor's,Computer Science,"Python, SQL, Machine Learning",AWS Certified,7.62,6,7,Software Engineer
Intermediate,Commerce,"MS Office, Communication",No Certification,9.12,9,8,Data Entry Operator
Intermediate,Business,"Communication, Marketing, MS Office",Digital Marketing,7.39,8,6,Sales Assistant
Master's,Computer Science,"Python, Machine Learning, SQL",AWS Certified,9.2,8,8,ML Engineer
Intermediate,Commerce,"MS Office, Communication",Tally ERP,8.39,8,6,Clerk
Bachelor's,Business,"Marketing, Communication, MS Office",Digital Marketing,9.67,10,7,Marketing Executive
PhD,Science,"Communication, Research",No Certification,6.39,6,7,Professor
Intermediate,Commerce,"MS Office, Communication",No Certification,6.83,6,9,Data Entry Operator
Master's,Computer Science,"Python, Machine Learning, SQL",AWS Certified,7.33,8,9,ML Engineer
Bachelor's,Business,"Data Analysis, Communication, MS Office",Google Data Analytics,9.84,5,10,Business Analyst
PhD,Science,"Machine Learning, Data Analysis, Python",No Certification,6.95,6,10,Research Scientist
Bachelor's,Commerce,"Accounting, Financial Analysis, MS Office",Tally ERP,8.66,5,10,Junior Accountant
Master's,Computer Science,"Python, Machine Learning, SQL",AWS Certified,6.71,6,7,ML Engineer
Bachelor's,Business,"Marketing, Communication, MS Office",Digital Marketing,7.83,9,10,Marketing Executive
Bachelor's,Business,"Data Analysis, Communication, MS Office",Google Data Analytics,7.72,10,10,Business Analyst
Bachelor's,Commerce,"Accounting, Financial Analysis, MS Office",Tally ERP,9.34,7,9,Junior Accountant
Master's,Computer Science,"Python, Machine Learning, Data Analysis",Google Data Analytics,6.67,7,6,Data Scientist
Intermediate,Commerce,"MS Office, Communication",Tally ERP,7.35,7,9,Clerk
Bachelor's,Business,"Marketing, Communication, MS Office",Digital Marketing,6.02,5,7,Marketing Executive
Bachelor's,Business,"Marketing, Communication, MS Office",Digital Marketing,8.45,9,9,Marketing Executive
Bachelor's,Finance,"Financial Analysis, Accounting, Excel",CFA Level 1,7.16,9,8,Financial Analyst
PhD,Science,"Machine Learning, Data Analysis, Python",No Certification,6.22,9,10,Research Scientist
Bachelor's,Computer Science,"Python, SQL, Machine Learning",AWS Certified,7.39,7,7,Software Engineer
Intermediate,Commerce,"MS Office, Communication",Tally ERP,8.57,9,10,Clerk
Master's,Psychology,"Counseling, Communication",Mental Health Basics,8.46,5,6,School Counselor
Intermediate,Commerce,"MS Office, Communication",Tally ERP,6.97,7,9,Clerk
Bachelor's,Business,"Marketing, Communication, MS Office",Digital Marketing,9.36,7,5,Marketing Executive
Intermediate,Commerce,"MS Office, Communication",Tally ERP,6.89,10,5,Clerk
Bachelor's,Commerce,"Python, SQL, Data Analysis",Google Data Analytics,6.41,7,8,Data Analyst
Bachelor's,Finance,"Financial Analysis, Accounting, Excel",CFA Level 1,8.98,6,7,Financial Analyst
Bachelor's,Commerce,"Python, SQL, Data Analysis",Google Data Analytics,8.99,10,9,Data Analyst
Master's,Psychology,"Counseling, Communication",Mental Health Basics,8.04,6,7,School Counselor
Bachelor's,Business,"Marketing, Communication, MS Office",Digital Marketing,8.0,10,10,Marketing Executive
Master's,Psychology,"Counseling, Communication",Mental Health Basics,6.1,8,9,School Counselor
Intermediate,Business,"Communication, Marketing, MS Office",Digital Marketing,8.86,8,6,Sales Assistant
Bachelor's,Commerce,"Accounting, Financial Analysis, MS Office",Tally ERP,7.51,7,6,Junior Accountant
PhD,Science,"Machine Learning, Data Analysis, Python",No Certification,6.34,8,5,Research Scientist
Master's,Computer Science,"Python, Machine Learning, Data Analysis",Google Data Analytics,7.96,5,10,Data Scientist
Master's,Psychology,"Counseling, Communication",Mental Health Basics,7.8,5,9,School Counselor
PhD,Science,"Communication, Research",No Certification,7.45,10,7,Professor
Intermediate,Commerce,"MS Office, Communication",Tally ERP,7.91,8,10,Clerk
Master's,Computer Science,"Python, Machine Learning, Data Analysis",Google Data Analytics,9.75,9,10,Data Scientist
PhD,Science,"Machine Learning, Data Analysis, Python",No Certification,6.56,10,6,Research Scientist
PhD,Science,"Machine Learning, Data Analysis, Python",No Certification,7.37,7,8,Research Scientist
Master's,Computer Science,"Python, Machine Learning, SQL",AWS Certified,9.63,5,10,ML Engineer
PhD,Science,"Communication, Research",No Certification,7.42,8,7,Professor
Bachelor's,Finance,"Financial Analysis, Accounting, Excel",CFA Level 1,7.4,10,5,Financial Analyst
Bachelor's,Finance,"Financial Analysis, Accounting, Excel",CFA Level 1,9.56,10,5,Financial Analyst
PhD,Science,"Machine Learning, Data Analysis, Python",No Certification,7.02,9,5,Research Scientist
Master's,Computer Science,"Python, Machine Learning, Data Analysis",Google Data Analytics,6.04,9,6,Data Scientist
PhD,Science,"Communication, Research",No Certification,7.28,10,6,Professor
Master's,Computer Science,"Python, Machine Learning, Data Analysis",Google Data Analytics,6.63,6,9,Data Scientist
Bachelor's,Computer Science,"Python, SQL, Machine Learning",AWS Certified,6.7,5,6,Software Engineer
Master's,Computer Science,"Python, Machine Learning, SQL",AWS Certified,7.5,6,5,ML Engineer
PhD,Science,"Communication, Research",No Certification,8.91,8,5,Professor
Bachelor's,Finance,"Financial Analysis, Accounting, Excel",CFA Level 1,6.56,10,6,Financial Analyst
PhD,Science,"Communication, Research",No Certification,9.85,9,9,Professor
Intermediate,Business,"Communication, Marketing, MS Office",Digital Marketing,6.91,6,10,Sales Assistant
Intermediate,Commerce,"MS Office, Communication",No Certification,8.41,7,7,Data Entry Operator
Bachelor's,Computer Science,"Python, SQL, Machine Learning",AWS Certified,8.0,9,10,Software Engineer
Master's,Psychology,"Counseling, Communication",Mental Health Basics,9.37,6,7,School Counselor
Intermediate,Commerce,"MS Office, Communication",Tally ERP,8.44,10,5,Clerk
Bachelor's,Commerce,"Accounting, Financial Analysis, MS Office",Tally ERP,6.62,6,6,Junior Accountant
Master's,Computer Science,"Python, Machine Learning, Data Analysis",Google Data Analytics,7.69,5,5,Data Scientist
Intermediate,Business,"Communication, Marketing, MS Office",Digital Marketing,6.32,8,6,Sales Assistant
PhD,Science,"Machine Learning, Data Analysis, Python",No Certification,9.61,7,10,Research Scientist
PhD,Science,"Machine Learning, Data Analysis, Python",No Certification,8.14,6,9,Research Scientist
Bachelor's,Finance,"Financial Analysis, Accounting, Excel",CFA Level 1,9.72,7,7,Financial Analyst
Bachelor's,Computer Science,"Python, SQL, Machine Learning",AWS Certified,6.3,7,5,Software Engineer
Intermediate,Business,"Communication, Marketing, MS Office",Digital Marketing,7.2,8,8,Sales Assistant
Bachelor's,Computer Science,"Python, SQL, Machine Learning",AWS Certified,6.57,6,10,Software Engineer
Bachelor's,Commerce,"Python, SQL, Data Analysis",Google Data Analytics,7.01,6,6,Data Analyst
Bachelor's,Commerce,"Python, SQL, Data Analysis",Google Data Analytics,8.63,9,6,Data Analyst
Bachelor's,Business,"Data Analysis, Communication, MS Office",Google Data Analytics,6.66,6,9,Business Analyst
Intermediate,Commerce,"MS Office, Communication",No Certification,6.35,5,5,Data Entry Operator
Intermediate,Commerce,"MS Office, Communication",No Certification,7.88,9,7,Data Entry Operator
PhD,Science,"Machine Learning, Data Analysis, Python",No Certification,9.63,6,7,Research Scientist
Master's,Psychology,"Counseling, Communication",Mental Health Basics,7.91,7,6,School Counselor
Intermediate,Commerce,"MS Office, Communication",Tally ERP,6.37,10,8,Clerk
Bachelor's,Finance,"Financial Analysis, Accounting, Excel",CFA Level 1,8.9,7,10,Financial Analyst
Intermediate,Business,"Communication, Marketing, MS Office",Digital Marketing,8.29,5,8,Sales Assistant
Master's,Psychology,"Counseling, Communication",Mental Health Basics,7.99,10,9,School Counselor
Intermediate,Commerce,"MS Office, Communication",Tally ERP,8.07,7,6,Clerk
Bachelor's,Finance,"Financial Analysis, Accounting, Excel",CFA Level 1,9.41,10,7,Financial Analyst
Master's,Computer Science,"Python, Machine Learning, Data Analysis",Google Data Analytics,6.02,6,10,Data Scientist
PhD,Science,"Machine Learning, Data Analysis, Python",No Certification,6.32,10,9,Research Scientist
Bachelor's,Business,"Marketing, Communication, MS Office",Digital Marketing,8.8,8,5,Marketing Executive
Master's,Computer Science,"Python, Machine Learning, Data Analysis",Google Data Analytics,8.63,7,9,Data Scientist
Master's,Computer Science,"Python, Machine Learning, SQL",AWS Certified,6.49,5,10,ML Engineer
Bachelor's,Business,"Marketing, Communication, MS Office",Digital Marketing,7.83,10,6,Marketing Executive
Bachelor's,Finance,"Financial Analysis, Accounting, Excel",CFA Level 1,9.93,5,7,Financial Analyst
Master's,Computer Science,"Python, Machine Learning, SQL",AWS Certified,9.15,6,10,ML Engineer
Master's,Psychology,"Counseling, Communication",Mental Health Basics,7.59,5,10,School Counselor
PhD,Science,"Communication, Research",No Certification,8.38,7,6,Professor
Master's,Computer Science,"Python, Machine Learning, SQL",AWS Certified,8.09,9,6,ML Engineer
Bachelor's,Business,"Data Analysis, Communication, MS Office",Google Data Analytics,7.2,5,6,Business Analyst
Bachelor's,Commerce,"Python, SQL, Data Analysis",Google Data Analytics,7.54,5,7,Data Analyst
Master's,Psychology,"Counseling, Communication",Mental Health Basics,6.98,8,8,School Counselor
Intermediate,Commerce,"MS Office, Communication",No Certification,6.68,8,9,Data Entry Operator
Intermediate,Commerce,"MS Office, Communication",No Certification,7.87,5,8,Data Entry Operator
Master's,Psychology,"Counseling, Communication",Mental Health Basics,8.42,9,10,School Counselor
PhD,Science,"Communication, Research",No Certification,8.99,8,8,Professor
PhD,Science,"Communication, Research",No Certification,7.18,9,10,Professor
Intermediate,Commerce,"MS Office, Communication",Tally ERP,8.02,8,8,Clerk
Intermediate,Commerce,"MS Office, Communication",No Certification,8.3,9,10,Data Entry Operator
Bachelor's,Finance,"Financial Analysis, Accounting, Excel",CFA Level 1,6.31,9,7,Financial Analyst
Intermediate,Business,"Communication, Marketing, MS Office",Digital Marketing,8.95,9,5,Sales Assistant
Bachelor's,Finance,"Financial Analysis, Accounting, Excel",CFA Level 1,9.22,7,5,Financial Analyst
Bachelor's,Commerce,"Accounting, Financial Analysis, MS Office",Tally ERP,8.53,5,7,Junior Accountant
Master's,Computer Science,"Python, Machine Learning, SQL",AWS Certified,9.78,10,10,ML Engineer
Intermediate,Commerce,"MS Office, Communication",No Certification,8.22,9,7,Data Entry Operator
PhD,Science,"Machine Learning, Data Analysis, Python",No Certification,6.61,7,7,Research Scientist
Bachelor's,Business,"Data Analysis, Communication, MS Office",Google Data Analytics,9.52,5,8,Business Analyst
Bachelor's,Finance,"Financial Analysis, Accounting, Excel",CFA Level 1,8.66,9,6,Financial Analyst
Master's,Computer Science,"Python, Machine Learning, SQL",AWS Certified,7.56,9,7,ML Engineer
Bachelor's,Business,"Marketing, Communication, MS Office",Digital Marketing,6.71,5,8,Marketing Executive
Intermediate,Business,"Communication, Marketing, MS Office",Digital Marketing,8.03,10,5,Sales Assistant
Intermediate,Business,"Communication, Marketing, MS Office",Digital Marketing,8.36,7,7,Sales Assistant
Bachelor's,Business,"Marketing, Communication, MS Office",Digital Marketing,9.91,7,10,Marketing Executive
Master's,Psychology,"Counseling, Communication",Mental Health Basics,7.77,10,8,School Counselor
Bachelor's,Business,"Data Analysis, Communication, MS Office",Google Data Analytics,8.58,8,8,Business Analyst
Intermediate,Commerce,"MS Office, Communication",Tally ERP,6.31,9,8,Clerk
PhD,Science,"Communication, Research",No Certification,7.38,7,9,Professor
Bachelor's,Commerce,"Python, SQL, Data Analysis",Google Data Analytics,7.86,7,5,Data Analyst
Bachelor's,Finance,"Financial Analysis, Accounting, Excel",CFA Level 1,8.23,7,10,Financial Analyst
Bachelor's,Business,"Marketing, Communication, MS Office",Digital Marketing,6.85,5,7,Marketing Executive
Bachelor's,Commerce,"Python, SQL, Data Analysis",Google Data Analytics,6.38,9,5,Data Analyst
PhD,Science,"Communication, Research",No Certification,9.6,8,6,Professor
Bachelor's,Commerce,"Python, SQL, Data Analysis",Google Data Analytics,6.2,6,5,Data Analyst
Intermediate,Commerce,"MS Office, Communication",Tally ERP,7.48,10,6,Clerk
PhD,Science,"Machine Learning, Data Analysis, Python",No Certification,7.84,5,6,Research Scientist
Master's,Psychology,"Counseling, Communication",Mental Health Basics,10.0,7,7,School Counselor
Intermediate,Commerce,"MS Office, Communication",No Certification,7.71,5,10,Data Entry Operator
Bachelor's,Commerce,"Python, SQL, Data Analysis",Google Data Analytics,7.51,9,7,Data Analyst
PhD,Science,"Machine Learning, Data Analysis, Python",No Certification,9.06,7,7,Research Scientist
Bachelor's,Finance,"Financial Analysis, Accounting, Excel",CFA Level 1,8.21,7,7,Financial Analyst
Bachelor's,Computer Science,"Python, SQL, Machine Learning",AWS Certified,9.26,5,9,Software Engineer
PhD,Science,"Communication, Research",No Certification,9.52,10,7,Professor
Intermediate,Commerce,"MS Office, Communication",No Certification,7.33,9,7,Data Entry Operator
Master's,Psychology,"Counseling, Communication",Mental Health Basics,7.16,9,8,School Counselor
Master's,Psychology,"Counseling, Communication",Mental Health Basics,8.69,8,10,School Counselor
Master's,Computer Science,"Python, Machine Learning, SQL",AWS Certified,8.09,8,10,ML Engineer
Bachelor's,Business,"Data Analysis, Communication, MS Office",Google Data Analytics,7.95,5,10,Business Analyst
Master's,Computer Science,"Python, Machine Learning, Data Analysis",Google Data Analytics,7.71,5,6,Data Scientist
Bachelor's,Business,"Data Analysis, Communication, MS Office",Google Data Analytics,6.78,5,6,Business Analyst
PhD,Science,"Machine Learning, Data Analysis, Python",No Certification,7.46,8,8,Research Scientist
Master's,Computer Science,"Python, Machine Learning, Data Analysis",Google Data Analytics,9.46,6,5,Data Scientist
PhD,Science,"Machine Learning, Data Analysis, Python",No Certification,7.88,7,9,Research Scientist
Master's,Computer Science,"Python, Machine Learning, SQL",AWS Certified,7.99,10,7,ML Engineer
Intermediate,Commerce,"MS Office, Communication",Tally ERP,7.53,9,5,Clerk
Master's,Computer Science,"Python, Machine Learning, SQL",AWS Certified,7.06,7,8,ML Engineer
Bachelor's,Commerce,"Python, SQL, Data Analysis",Google Data Analytics,6.24,5,8,Data Analyst
Bachelor's,Commerce,"Python, SQL, Data Analysis",Google Data Analytics,7.89,6,10,Data Analyst
Master's,Psychology,"Counseling, Communication",Mental Health Basics,9.88,6,9,School Counselor
Master's,Computer Science,"Python, Machine Learning, SQL",AWS Certified,9.87,8,6,ML Engineer
Master's,Computer Science,"Python, Machine Learning, Data Analysis",Google Data Analytics,9.21,10,5,Data Scientist
Intermediate,Commerce,"MS Office, Communication",Tally ERP,9.05,7,6,Clerk
Bachelor's,Finance,"Financial Analysis, Accounting, Excel",CFA Level 1,8.39,5,5,Financial Analyst
Bachelor's,Commerce,"Python, SQL, Data Analysis",Google Data Analytics,6.03,8,9,Data Analyst
Bachelor's,Commerce,"Accounting, Financial Analysis, MS Office",Tally ERP,8.09,6,8,Junior Accountant
Intermediate,Commerce,"MS Office, Communication",No Certification,9.12,10,7,Data Entry Operator
Bachelor's,Commerce,"Python, SQL, Data Analysis",Google Data Analytics,8.03,6,8,Data Analyst
Master's,Psychology,"Counseling, Communication",Mental Health Basics,7.74,5,9,School Counselor
Intermediate,Commerce,"MS Office, Communication",No Certification,9.14,9,6,Data Entry Operator
Bachelor's,Computer Science,"Python, SQL, Machine Learning",AWS Certified,9.45,5,7,Software Engineer
PhD,Science,"Machine Learning, Data Analysis, Python",No Certification,8.75,6,5,Research Scientist
Master's,Computer Science,"Python, Machine Learning, Data Analysis",Google Data Analytics,7.49,8,8,Data Scientist
Intermediate,Commerce,"MS Office, Communication",No Certification,7.63,5,9,Data Entry Operator
Bachelor's,Commerce,"Accounting, Financial Analysis, MS Office",Tally ERP,8.96,7,8,Junior Accountant
Bachelor's,Commerce,"Python, SQL, Data Analysis",Google Data Analytics,8.89,8,9,Data Analyst
Intermediate,Commerce,"MS Office, Communication",Tally ERP,9.0,7,10,Clerk
Bachelor's,Commerce,"Accounting, Financial Analysis, MS Office",Tally ERP,6.85,6,8,Junior Accountant
Master's,Computer Science,"Python, Machine Learning, Data Analysis",Google Data Analytics,7.28,6,5,Data Scientist
Bachelor's,Computer Science,"Python, SQL, Machine Learning",AWS Certified,7.57,5,6,Software Engineer
Master's,Computer Science,"Python, Machine Learning, Data Analysis",Google Data Analytics,8.35,10,5,Data Scientist
Intermediate,Commerce,"MS Office, Communication",No Certification,7.26,6,5,Data Entry Operator
Intermediate,Commerce,"MS Office, Communication",Tally ERP,6.88,8,6,Clerk
Bachelor's,Commerce,"Python, SQL, Data Analysis",Google Data Analytics,6.09,5,7,Data Analyst
Master's,Computer Science,"Python, Machine Learning, Data Analysis",Google Data Analytics,8.01,6,5,Data Scientist
Master's,Computer Science,"Python, Machine Learning, SQL",AWS Certified,9.71,5,9,ML Engineer
Bachelor's,Computer Science,"Python, SQL, Machine Learning",AWS Certified,6.95,9,8,Software Engineer
Master's,Psychology,"Counseling, Communication",Mental Health Basics,8.85,6,10,School Counselor
Master's,Psychology,"Counseling, Communication",Mental Health Basics,9.21,5,6,School Counselor
Master's,Psychology,"Counseling, Communication",Mental Health Basics,6.15,10,8,School Counselor
Master's,Psychology,"Counseling, Communication",Mental Health Basics,6.97,6,10,School Counselor
Bachelor's,Computer Science,"Python, SQL, Machine Learning",AWS Certified,8.01,6,8,Software Engineer
PhD,Science,"Machine Learning, Data Analysis, Python",No Certification,8.59,7,6,Research Scientist
Intermediate,Commerce,"MS Office, Communication",No Certification,7.88,5,7,Data Entry Operator
Bachelor's,Commerce,"Python, SQL, Data Analysis",Google Data Analytics,8.61,6,8,Data Analyst
Master's,Computer Science,"Python, Machine Learning, Data Analysis",Google Data Analytics,8.59,8,6,Data Scientist
Master's,Computer Science,"Python, Machine Learning, Data Analysis",Google Data Analytics,6.03,8,5,Data Scientist
Bachelor's,Business,"Data Analysis, Communication, MS Office",Google Data Analytics,6.06,5,10,Business Analyst
Bachelor's,Commerce,"Python, SQL, Data Analysis",Google Data Analytics,7.51,6,10,Data Analyst
Bachelor's,Computer Science,"Python, SQL, Machine Learning",AWS Certified,9.59,5,9,Software Engineer
Intermediate,Commerce,"MS Office, Communication",Tally ERP,8.08,8,9,Clerk
PhD,Science,"Communication, Research",No Certification,6.03,8,5,Professor
Bachelor's,Finance,"Financial Analysis, Accounting, Excel",CFA Level 1,8.86,5,5,Financial Analyst
PhD,Science,"Communication, Research",No Certification,9.26,6,5,Professor
Bachelor's,Business,"Marketing, Communication, MS Office",Digital Marketing,8.76,9,8,Marketing Executive
PhD,Science,"Communication, Research",No Certification,9.38,5,5,Professor
Intermediate,Business,"Communication, Marketing, MS Office",Digital Marketing,7.68,6,10,Sales Assistant
Intermediate,Business,"Communication, Marketing, MS Office",Digital Marketing,8.1,8,10,Sales Assistant
PhD,Science,"Communication, Research",No Certification,8.4,9,9,Professor
Bachelor's,Commerce,"Python, SQL, Data Analysis",Google Data Analytics,6.27,8,7,Data Analyst
Master's,Computer Science,"Python, Machine Learning, Data Analysis",Google Data Analytics,6.62,8,6,Data Scientist
Master's,Computer Science,"Python, Machine Learning, Data Analysis",Google Data Analytics,8.82,8,9,Data Scientist
Bachelor's,Finance,"Financial Analysis, Accounting, Excel",CFA Level 1,7.66,10,9,Financial Analyst
Bachelor's,Business,"Marketing, Communication, MS Office",Digital Marketing,7.41,5,10,Marketing Executive
PhD,Science,"Machine Learning, Data Analysis, Python",No Certification,6.74,9,7,Research Scientist
Intermediate,Business,"Communication, Marketing, MS Office",Digital Marketing,7.69,5,6,Sales Assistant
Bachelor's,Business,"Marketing, Communication, MS Office",Digital Marketing,9.18,9,10,Marketing Executive
Bachelor's,Business,"Marketing, Communication, MS Office",Digital Marketing,9.8,9,9,Marketing Executive
Bachelor's,Commerce,"Python, SQL, Data Analysis",Google Data Analytics,8.53,10,7,Data Analyst
PhD,Science,"Communication, Research",No Certification,6.3,9,6,Professor
Master's,Computer Science,"Python, Machine Learning, SQL",AWS Certified,7.81,5,10,ML Engineer
Intermediate,Commerce,"MS Office, Communication",Tally ERP,8.14,10,8,Clerk
Bachelor's,Computer Science,"Python, SQL, Machine Learning",AWS Certified,9.28,10,6,Software Engineer
Master's,Computer Science,"Python, Machine Learning, Data Analysis",Google Data Analytics,9.06,5,10,Data Scientist
Bachelor's,Commerce,"Accounting, Financial Analysis, MS Office",Tally ERP,7.78,7,6,Junior Accountant
Master's,Psychology,"Counseling, Communication",Mental Health Basics,7.15,7,9,School Counselor
Bachelor's,Commerce,"Accounting, Financial Analysis, MS Office",Tally ERP,9.33,8,9,Junior Accountant
Master's,Computer Science,"Python, Machine Learning, Data Analysis",Google Data Analytics,7.41,6,10,Data Scientist
PhD,Science,"Machine Learning, Data Analysis, Python",No Certification,7.96,5,6,Research Scientist
Bachelor's,Commerce,"Python, SQL, Data Analysis",Google Data Analytics,9.26,9,7,Data Analyst
Bachelor's,Commerce,"Python, SQL, Data Analysis",Google Data Analytics,9.11,7,9,Data Analyst
Intermediate,Business,"Communication, Marketing, MS Office",Digital Marketing,9.03,10,5,Sales Assistant
Bachelor's,Commerce,"Accounting, Financial Analysis, MS Office",Tally ERP,9.68,9,9,Junior Accountant
Bachelor's,Commerce,"Python, SQL, Data Analysis",Google Data Analytics,7.57,10,9,Data Analyst
Master's,Psychology,"Counseling, Communication",Mental Health Basics,7.07,7,10,School Counselor
Master's,Computer Science,"Python, Machine Learning, SQL",AWS Certified,9.44,6,7,ML Engineer
Intermediate,Business,"Communication, Marketing, MS Office",Digital Marketing,9.06,9,9,Sales Assistant
Bachelor's,Business,"Marketing, Communication, MS Office",Digital Marketing,6.74,9,6,Marketing Executive
Bachelor's,Computer Science,"Python, SQL, Machine Learning",AWS Certified,8.18,8,5,Software Engineer
Master's,Computer Science,"Python, Machine Learning, Data Analysis",Google Data Analytics,6.13,9,8,Data Scientist
Bachelor's,Computer Science,"Python, SQL, Machine Learning",AWS Certified,6.69,10,10,Software Engineer
Master's,Psychology,"Counseling, Communication",Mental Health Basics,7.05,10,5,School Counselor
Intermediate,Commerce,"MS Office, Communication",No Certification,9.24,5,9,Data Entry Operator
Master's,Psychology,"Counseling, Communication",Mental Health Basics,6.52,7,10,School Counselor
Master's,Computer Science,"Python, Machine Learning, SQL",AWS Certified,8.99,6,7,ML Engineer
Intermediate,Business,"Communication, Marketing, MS Office",Digital Marketing,6.98,8,7,Sales Assistant
Bachelor's,Commerce,"Python, SQL, Data Analysis",Google Data Analytics,9.97,10,9,Data Analyst
Bachelor's,Commerce,"Accounting, Financial Analysis, MS Office",Tally ERP,8.53,5,8,Junior Accountant
Bachelor's,Commerce,"Accounting, Financial Analysis, MS Office",Tally ERP,8.21,10,9,Junior Accountant
Master's,Computer Science,"Python, Machine Learning, SQL",AWS Certified,9.34,8,10,ML Engineer
Master's,Psychology,"Counseling, Communication",Mental Health Basics,6.71,5,8,School Counselor
Bachelor's,Finance,"Financial Analysis, Accounting, Excel",CFA Level 1,9.56,9,6,Financial Analyst
Intermediate,Commerce,"MS Office, Communication",No Certification,8.52,8,8,Data Entry Operator
PhD,Science,"Communication, Research",No Certification,8.92,7,6,Professor
PhD,Science,"Communication, Research",No Certification,7.6,10,8,Professor
Bachelor's,Computer Science,"Python, SQL, Machine Learning",AWS Certified,8.91,5,6,Software Engineer
PhD,Science,"Machine Learning, Data Analysis, Python",No Certification,9.61,10,8,Research Scientist
PhD,Science,"Communication, Research",No Certification,8.44,5,9,Professor
Master's,Computer Science,"Python, Machine Learning, Data Analysis",Google Data Analytics,6.37,10,6,Data Scientist
Bachelor's,Business,"Data Analysis, Communication, MS Office",Google Data Analytics,9.91,5,5,Business Analyst
Intermediate,Business,"Communication, Marketing, MS Office",Digital Marketing,7.94,8,9,Sales Assistant
Bachelor's,Computer Science,"Python, SQL, Machine Learning",AWS Certified,8.1,8,9,Software Engineer
Intermediate,Commerce,"MS Office, Communication",Tally ERP,9.74,6,10,Clerk
PhD,Science,"Communication, Research",No Certification,7.94,6,10,Professor
Bachelor's,Finance,"Financial Analysis, Accounting, Excel",CFA Level 1,7.03,7,8,Financial Analyst
Master's,Psychology,"Counseling, Communication",Mental Health Basics,8.98,9,6,School Counselor
PhD,Science,"Machine Learning, Data Analysis, Python",No Certification,7.66,6,7,Research Scientist
Master's,Computer Science,"Python, Machine Learning, Data Analysis",Google Data Analytics,7.73,6,6,Data Scientist
Master's,Psychology,"Counseling, Communication",Mental Health Basics,8.12,8,8,School Counselor
Bachelor's,Commerce,"Accounting, Financial Analysis, MS Office",Tally ERP,8.82,6,5,Junior Accountant
Bachelor's,Business,"Data Analysis, Communication, MS Office",Google Data Analytics,6.35,9,10,Business Analyst
Master's,Computer Science,"Python, Machine Learning, SQL",AWS Certified,7.95,10,6,ML Engineer
Intermediate,Commerce,"MS Office, Communication",No Certification,9.02,6,6,Data Entry Operator
Bachelor's,Finance,"Financial Analysis, Accounting, Excel",CFA Level 1,9.89,5,9,Financial Analyst
Bachelor's,Commerce,"Accounting, Financial Analysis, MS Office",Tally ERP,7.2,10,6,Junior Accountant
Bachelor's,Commerce,"Accounting, Financial Analysis, MS Office",Tally ERP,8.37,8,5,Junior Accountant
Bachelor's,Computer Science,"Python, SQL, Machine Learning",AWS Certified,7.97,5,9,Software Engineer
PhD,Science,"Machine Learning, Data Analysis, Python",No Certification,7.27,5,8,Research Scientist
PhD,Science,"Machine Learning, Data Analysis, Python",No Certification,8.68,6,5,Research Scientist
Intermediate,Commerce,"MS Office, Communication",No Certification,7.97,9,10,Data Entry Operator
Bachelor's,Commerce,"Accounting, Financial Analysis, MS Office",Tally ERP,9.89,9,5,Junior Accountant
Master's,Psychology,"Counseling, Communication",Mental Health Basics,8.33,8,10,School Counselor
Bachelor's,Commerce,"Python, SQL, Data Analysis",Google Data Analytics,8.52,8,10,Data Analyst
Bachelor's,Business,"Marketing, Communication, MS Office",Digital Marketing,8.38,9,9,Marketing Executive
Bachelor's,Computer Science,"Python, SQL, Machine Learning",AWS Certified,9.62,6,9,Software Engineer
Bachelor's,Commerce,"Python, SQL, Data Analysis",Google Data Analytics,6.95,6,7,Data Analyst
Bachelor's,Commerce,"Python, SQL, Data Analysis",Google Data Analytics,9.88,9,6,Data Analyst
Master's,Computer Science,"Python, Machine Learning, Data Analysis",Google Data Analytics,7.47,5,10,Data Scientist
Intermediate,Commerce,"MS Office, Communication",No Certification,9.8,7,9,Data Entry Operator
Master's,Computer Science,"Python, Machine Learning, Data Analysis",Google Data Analytics,6.25,9,6,Data Scientist
Bachelor's,Computer Science,"Python, SQL, Machine Learning",AWS Certified,6.31,7,6,Software Engineer
Master's,Computer Science,"Python, Machine Learning, SQL",AWS Certified,9.48,8,5,ML Engineer
Intermediate,Business,"Communication, Marketing, MS Office",Digital Marketing,9.53,5,7,Sales Assistant
Intermediate,Commerce,"MS Office, Communication",No Certification,9.18,8,7,Data Entry Operator
Intermediate,Commerce,"MS Office, Communication",No Certification,7.3,7,6,Data Entry Operator
Bachelor's,Commerce,"Python, SQL, Data Analysis",Google Data Analytics,8.43,9,6,Data Analyst
Intermediate,Commerce,"MS Office, Communication",No Certification,9.39,5,6,Data Entry Operator
Bachelor's,Business,"Marketing, Communication, MS Office",Digital Marketing,9.92,7,6,Marketing Executive
Intermediate,Business,"Communication, Marketing, MS Office",Digital Marketing,8.94,10,10,Sales Assistant
Intermediate,Commerce,"MS Office, Communication",No Certification,8.37,9,8,Data Entry Operator
Bachelor's,Commerce,"Python, SQL, Data Analysis",Google Data Analytics,6.35,8,5,Data Analyst
Intermediate,Business,"Communication, Marketing, MS Office",Digital Marketing,8.82,8,5,Sales Assistant
Bachelor's,Business,"Marketing, Communication, MS Office",Digital Marketing,9.99,8,7,Marketing Executive
Bachelor's,Business,"Data Analysis, Communication, MS Office",Google Data Analytics,8.09,7,10,Business Analyst
PhD,Science,"Communication, Research",No Certification,7.02,5,8,Professor
Bachelor's,Computer Science,"Python, SQL, Machine Learning",AWS Certified,6.25,10,7,Software Engineer
PhD,Science,"Machine Learning, Data Analysis, Python",No Certification,6.63,6,10,Research Scientist
PhD,Science,"Communication, Research",No Certification,9.42,5,7,Professor
Bachelor's,Business,"Data Analysis, Communication, MS Office",Google Data Analytics,8.6,8,5,Business Analyst
Master's,Computer Science,"Python, Machine Learning, SQL",AWS Certified,7.87,9,9,ML Engineer
PhD,Science,"Machine Learning, Data Analysis, Python",No Certification,8.11,10,5,Research Scientist
Master's,Computer Science,"Python, Machine Learning, Data Analysis",Google Data Analytics,8.16,7,7,Data Scientist
Intermediate,Commerce,"MS Office, Communication",Tally ERP,7.1,5,10,Clerk
PhD,Science,"Communication, Research",No Certification,7.72,6,5,Professor
Intermediate,Commerce,"MS Office, Communication",No Certification,9.54,6,5,Data Entry Operator
Bachelor's,Finance,"Financial Analysis, Accounting, Excel",CFA Level 1,7.34,8,6,Financial Analyst
Bachelor's,Commerce,"Python, SQL, Data Analysis",Google Data Analytics,6.39,5,7,Data Analyst
Master's,Psychology,"Counseling, Communication",Mental Health Basics,7.66,5,9,School Counselor
Bachelor's,Business,"Marketing, Communication, MS Office",Digital Marketing,6.25,8,7,Marketing Executive
Intermediate,Commerce,"MS Office, Communication",Tally ERP,8.82,6,7,Clerk
Master's,Computer Science,"Python, Machine Learning, Data Analysis",Google Data Analytics,9.61,7,10,Data Scientist
PhD,Science,"Machine Learning, Data Analysis, Python",No Certification,8.1,10,7,Research Scientist
Bachelor's,Computer Science,"Python, SQL, Machine Learning",AWS Certified,9.8,5,5,Software Engineer
Bachelor's,Commerce,"Accounting, Financial Analysis, MS Office",Tally ERP,7.77,6,8,Junior Accountant
PhD,Science,"Machine Learning, Data Analysis, Python",No Certification,6.96,7,7,Research Scientist
Bachelor's,Finance,"Financial Analysis, Accounting, Excel",CFA Level 1,6.94,5,6,Financial Analyst
Intermediate,Business,"Communication, Marketing, MS Office",Digital Marketing,7.04,8,10,Sales Assistant
Master's,Computer Science,"Python, Machine Learning, SQL",AWS Certified,7.26,10,8,ML Engineer
PhD,Science,"Machine Learning, Data Analysis, Python",No Certification,6.48,5,6,Research Scientist
Bachelor's,Business,"Marketing, Communication, MS Office",Digital Marketing,8.37,9,5,Marketing Executive
Bachelor's,Commerce,"Accounting, Financial Analysis, MS Office",Tally ERP,8.65,5,8,Junior Accountant
Bachelor's,Finance,"Financial Analysis, Accounting, Excel",CFA Level 1,9.41,10,10,Financial Analyst
Master's,Psychology,"Counseling, Communication",Mental Health Basics,7.84,6,5,School Counselor
Bachelor's,Commerce,"Python, SQL, Data Analysis",Google Data Analytics,6.82,5,5,Data Analyst
PhD,Science,"Machine Learning, Data Analysis, Python",No Certification,8.6,5,10,Research Scientist
Master's,Computer Science,"Python, Machine Learning, SQL",AWS Certified,6.16,10,9,ML Engineer
Bachelor's,Commerce,"Python, SQL, Data Analysis",Google Data Analytics,7.67,5,8,Data Analyst
Master's,Computer Science,"Python, Machine Learning, SQL",AWS Certified,8.89,9,6,ML Engineer
Master's,Psychology,"Counseling, Communication",Mental Health Basics,9.9,10,9,School Counselor
Intermediate,Commerce,"MS Office, Communication",No Certification,9.2,7,9,Data Entry Operator
Master's,Computer Science,"Python, Machine Learning, Data Analysis",Google Data Analytics,7.1,7,5,Data Scientist
Intermediate,Commerce,"MS Office, Communication",No Certification,7.84,7,6,Data Entry Operator
Bachelor's,Business,"Data Analysis, Communication, MS Office",Google Data Analytics,9.07,9,5,Business Analyst
Bachelor's,Commerce,"Python, SQL, Data Analysis",Google Data Analytics,9.8,5,5,Data Analyst
Bachelor's,Business,"Data Analysis, Communication, MS Office",Google Data Analytics,9.89,7,5,Business Analyst
Intermediate,Commerce,"MS Office, Communication",No Certification,8.82,8,8,Data Entry Operator
Bachelor's,Finance,"Financial Analysis, Accounting, Excel",CFA Level 1,7.5,9,10,Financial Analyst
Master's,Computer Science,"Python, Machine Learning, Data Analysis",Google Data Analytics,7.91,9,10,Data Scientist
Bachelor's,Business,"Data Analysis, Communication, MS Office",Google Data Analytics,9.56,6,6,Business Analyst
Master's,Computer Science,"Python, Machine Learning, SQL",AWS Certified,6.19,6,8,ML Engineer
Master's,Psychology,"Counseling, Communication",Mental Health Basics,9.9,10,10,School Counselor
Bachelor's,Finance,"Financial Analysis, Accounting, Excel",CFA Level 1,8.72,8,8,Financial Analyst
Bachelor's,Computer Science,"Python, SQL, Machine Learning",AWS Certified,9.77,10,7,Software Engineer
Bachelor's,Finance,"Financial Analysis, Accounting, Excel",CFA Level 1,8.51,9,6,Financial Analyst
Bachelor's,Commerce,"Python, SQL, Data Analysis",Google Data Analytics,8.34,9,5,Data Analyst
Intermediate,Commerce,"MS Office, Communication",Tally ERP,6.95,8,8,Clerk
PhD,Science,"Communication, Research",No Certification,7.64,6,9,Professor
Master's,Psychology,"Counseling, Communication",Mental Health Basics,6.81,9,9,School Counselor
Intermediate,Commerce,"MS Office, Communication",Tally ERP,7.11,8,10,Clerk
Intermediate,Commerce,"MS Office, Communication",No Certification,7.43,10,9,Data Entry Operator
Master's,Computer Science,"Python, Machine Learning, Data Analysis",Google Data Analytics,6.61,5,10,Data Scientist
Bachelor's,Commerce,"Accounting, Financial Analysis, MS Office",Tally ERP,9.32,5,9,Junior Accountant
Master's,Psychology,"Counseling, Communication",Mental Health Basics,9.28,6,5,School Counselor
Bachelor's,Commerce,"Accounting, Financial Analysis, MS Office",Tally ERP,9.63,9,7,Junior Accountant
Bachelor's,Business,"Marketing, Communication, MS Office",Digital Marketing,8.55,9,7,Marketing Executive
Bachelor's,Computer Science,"Python, SQL, Machine Learning",AWS Certified,6.87,6,10,Software Engineer
Intermediate,Commerce,"MS Office, Communication",No Certification,9.21,7,7,Data Entry Operator
Intermediate,Business,"Communication, Marketing, MS Office",Digital Marketing,9.77,8,10,Sales Assistant
PhD,Science,"Communication, Research",No Certification,6.31,5,9,Professor
PhD,Science,"Communication, Research",No Certification,9.16,5,10,Professor
Bachelor's,Computer Science,"Python, SQL, Machine Learning",AWS Certified,8.74,5,9,Software Engineer
Bachelor's,Computer Science,"Python, SQL, Machine Learning",AWS Certified,9.0,7,8,Software Engineer
Bachelor's,Business,"Data Analysis, Communication, MS Office",Google Data Analytics,6.52,7,6,Business Analyst
Bachelor's,Business,"Data Analysis, Communication, MS Office",Google Data Analytics,7.03,8,9,Business Analyst
Bachelor's,Finance,"Financial Analysis, Accounting, Excel",CFA Level 1,7.93,5,5,Financial Analyst
Master's,Computer Science,"Python, Machine Learning, SQL",AWS Certified,9.56,6,6,ML Engineer
Master's,Computer Science,"Python, Machine Learning, Data Analysis",Google Data Analytics,6.61,5,9,Data Scientist
Bachelor's,Finance,"Financial Analysis, Accounting, Excel",CFA Level 1,8.15,5,10,Financial Analyst
PhD,Science,"Communication, Research",No Certification,8.61,8,9,Professor
Bachelor's,Business,"Marketing, Communication, MS Office",Digital Marketing,9.72,5,5,Marketing Executive
Bachelor's,Business,"Marketing, Communication, MS Office",Digital Marketing,9.17,8,6,Marketing Executive
Master's,Computer Science,"Python, Machine Learning, SQL",AWS Certified,9.16,10,8,ML Engineer
Bachelor's,Commerce,"Python, SQL, Data Analysis",Google Data Analytics,9.65,5,5,Data Analyst
Bachelor's,Business,"Marketing, Communication, MS Office",Digital Marketing,8.84,5,5,Marketing Executive
Master's,Psychology,"Counseling, Communication",Mental Health Basics,9.34,10,9,School Counselor
Bachelor's,Finance,"Financial Analysis, Accounting, Excel",CFA Level 1,8.68,8,9,Financial Analyst
PhD,Science,"Communication, Research",No Certification,7.41,9,6,Professor
Intermediate,Commerce,"MS Office, Communication",No Certification,7.78,10,10,Data Entry Operator
Bachelor's,Commerce,"Accounting, Financial Analysis, MS Office",Tally ERP,8.22,7,10,Junior Accountant
PhD,Science,"Communication, Research",No Certification,8.22,5,5,Professor
Intermediate,Commerce,"MS Office, Communication",No Certification,6.79,9,5,Data Entry Operator
PhD,Science,"Communication, Research",No Certification,9.67,8,6,Professor
Master's,Computer Science,"Python, Machine Learning, SQL",AWS Certified,9.19,10,6,ML Engineer
Intermediate,Commerce,"MS Office, Communication",Tally ERP,8.88,7,5,Clerk
Bachelor's,Business,"Marketing, Communication, MS Office",Digital Marketing,8.1,10,10,Marketing Executive
Bachelor's,Business,"Data Analysis, Communication, MS Office",Google Data Analytics,10.0,10,10,Business Analyst
Master's,Psychology,"Counseling, Communication",Mental Health Basics,9.92,10,10,School Counselor
Bachelor's,Commerce,"Accounting, Financial Analysis, MS Office",Tally ERP,6.62,10,8,Junior Accountant
Master's,Computer Science,"Python, Machine Learning, Data Analysis",Google Data Analytics,8.57,6,7,Data Scientist
Intermediate,Commerce,"MS Office, Communication",Tally ERP,9.48,10,10,Clerk
Intermediate,Commerce,"MS Office, Communication",No Certification,9.29,9,7,Data Entry Operator
Master's,Computer Science,"Python, Machine Learning, Data Analysis",Google Data Analytics,6.56,5,10,Data Scientist
Bachelor's,Business,"Marketing, Communication, MS Office",Digital Marketing,6.74,10,7,Marketing Executive
Intermediate,Commerce,"MS Office, Communication",No Certification,9.84,5,8,Data Entry Operator
Bachelor's,Finance,"Financial Analysis, Accounting, Excel",CFA Level 1,9.98,10,10,Financial Analyst
Bachelor's,Computer Science,"Python, SQL, Machine Learning",AWS Certified,6.56,8,9,Software Engineer
Bachelor's,Finance,"Financial Analysis, Accounting, Excel",CFA Level 1,6.47,9,5,Financial Analyst
PhD,Science,"Machine Learning, Data Analysis, Python",No Certification,8.82,9,5,Research Scientist
Bachelor's,Business,"Data Analysis, Communication, MS Office",Google Data Analytics,9.52,5,6,Business Analyst
Bachelor's,Business,"Marketing, Communication, MS Office",Digital Marketing,9.6,9,7,Marketing Executive
Bachelor's,Commerce,"Accounting, Financial Analysis, MS Office",Tally ERP,9.56,7,10,Junior Accountant
Intermediate,Business,"Communication, Marketing, MS Office",Digital Marketing,7.05,6,9,Sales Assistant
Bachelor's,Commerce,"Accounting, Financial Analysis, MS Office",Tally ERP,6.36,7,5,Junior Accountant
Master's,Computer Science,"Python, Machine Learning, Data Analysis",Google Data Analytics,8.59,6,9,Data Scientist
Intermediate,Commerce,"MS Office, Communication",No Certification,9.82,8,10,Data Entry Operator
Bachelor's,Business,"Marketing, Communication, MS Office",Digital Marketing,9.83,7,9,Marketing Executive
Intermediate,Business,"Communication, Marketing, MS Office",Digital Marketing,9.37,10,8,Sales Assistant
Intermediate,Commerce,"MS Office, Communication",No Certification,6.62,9,8,Data Entry Operator
Bachelor's,Commerce,"Accounting, Financial Analysis, MS Office",Tally ERP,6.78,10,6,Junior Accountant
Master's,Psychology,"Counseling, Communication",Mental Health Basics,8.45,6,10,School Counselor
Master's,Computer Science,"Python, Machine Learning, SQL",AWS Certified,6.16,10,10,ML Engineer
Bachelor's,Commerce,"Accounting, Financial Analysis, MS Office",Tally ERP,9.44,6,5,Junior Accountant
Bachelor's,Finance,"Financial Analysis, Accounting, Excel",CFA Level 1,9.94,9,7,Financial Analyst
Master's,Psychology,"Counseling, Communication",Mental Health Basics,8.45,6,5,School Counselor
PhD,Science,"Communication, Research",No Certification,9.83,7,7,Professor
Bachelor's,Computer Science,"Python, SQL, Machine Learning",AWS Certified,7.13,10,9,Software Engineer
Bachelor's,Finance,"Financial Analysis, Accounting, Excel",CFA Level 1,6.34,9,10,Financial Analyst
Bachelor's,Commerce,"Accounting, Financial Analysis, MS Office",Tally ERP,7.79,8,9,Junior Accountant
Bachelor's,Business,"Data Analysis, Communication, MS Office",Google Data Analytics,7.57,10,9,Business Analyst
Intermediate,Business,"Communication, Marketing, MS Office",Digital Marketing,6.38,8,10,Sales Assistant
Intermediate,Commerce,"MS Office, Communication",No Certification,7.08,8,7,Data Entry Operator
PhD,Science,"Communication, Research",No Certification,8.79,5,5,Professor
Master's,Psychology,"Counseling, Communication",Mental Health Basics,7.45,6,7,School Counselor
Master's,Computer Science,"Python, Machine Learning, Data Analysis",Google Data Analytics,8.96,7,10,Data Scientist
Bachelor's,Finance,"Financial Analysis, Accounting, Excel",CFA Level 1,9.76,8,10,Financial Analyst
PhD,Science,"Machine Learning, Data Analysis, Python",No Certification,7.88,10,6,Research Scientist
Intermediate,Business,"Communication, Marketing, MS Office",Digital Marketing,9.68,10,7,Sales Assistant
PhD,Science,"Machine Learning, Data Analysis, Python",No Certification,8.14,6,7,Research Scientist
Bachelor's,Computer Science,"Python, SQL, Machine Learning",AWS Certified,6.47,5,8,Software Engineer
Bachelor's,Commerce,"Python, SQL, Data Analysis",Google Data Analytics,8.79,9,6,Data Analyst
PhD,Science,"Communication, Research",No Certification,9.79,10,10,Professor
Master's,Computer Science,"Python, Machine Learning, Data Analysis",Google Data Analytics,8.74,7,9,Data Scientist
Bachelor's,Business,"Marketing, Communication, MS Office",Digital Marketing,6.57,8,7,Marketing Executive
Master's,Psychology,"Counseling, Communication",Mental Health Basics,6.43,10,9,School Counselor
PhD,Science,"Machine Learning, Data Analysis, Python",No Certification,9.71,6,6,Research Scientist
Bachelor's,Commerce,"Accounting, Financial Analysis, MS Office",Tally ERP,8.92,5,9,Junior Accountant
PhD,Science,"Communication, Research",No Certification,9.58,9,9,Professor
Bachelor's,Computer Science,"Python, SQL, Machine Learning",AWS Certified,9.32,6,9,Software Engineer
Intermediate,Commerce,"MS Office, Communication",Tally ERP,6.46,7,10,Clerk
Master's,Psychology,"Counseling, Communication",Mental Health Basics,9.01,8,8,School Counselor
Intermediate,Commerce,"MS Office, Communication",No Certification,6.76,6,5,Data Entry Operator
Bachelor's,Business,"Marketing, Communication, MS Office",Digital Marketing,6.08,9,5,Marketing Executive
Bachelor's,Computer Science,"Python, SQL, Machine Learning",AWS Certified,9.31,5,6,Software Engineer
Master's,Computer Science,"Python, Machine Learning, Data Analysis",Google Data Analytics,8.96,6,9,Data Scientist
Master's,Computer Science,"Python, Machine Learning, SQL",AWS Certified,7.97,9,10,ML Engineer
Bachelor's,Computer Science,"Python, SQL, Machine Learning",AWS Certified,6.69,6,10,Software Engineer
PhD,Science,"Communication, Research",No Certification,7.87,10,8,Professor
Bachelor's,Computer Science,"Python, SQL, Machine Learning",AWS Certified,7.21,10,5,Software Engineer
PhD,Science,"Machine Learning, Data Analysis, Python",No Certification,7.07,8,5,Research Scientist
Master's,Computer Science,"Python, Machine Learning, Data Analysis",Google Data Analytics,9.21,8,10,Data Scientist
Bachelor's,Business,"Marketing, Communication, MS Office",Digital Marketing,7.43,9,9,Marketing Executive
Bachelor's,Business,"Data Analysis, Communication, MS Office",Google Data Analytics,9.23,9,10,Business Analyst
Bachelor's,Finance,"Financial Analysis, Accounting, Excel",CFA Level 1,8.97,7,7,Financial Analyst
Bachelor's,Finance,"Financial Analysis, Accounting, Excel",CFA Level 1,7.93,10,9,Financial Analyst
Master's,Psychology,"Counseling, Communication",Mental Health Basics,9.55,8,5,School Counselor
Bachelor's,Finance,"Financial Analysis, Accounting, Excel",CFA Level 1,7.02,9,10,Financial Analyst
Intermediate,Commerce,"MS Office, Communication",No Certification,6.99,9,7,Data Entry Operator
Bachelor's,Commerce,"Python, SQL, Data Analysis",Google Data Analytics,6.32,10,5,Data Analyst
Bachelor's,Finance,"Financial Analysis, Accounting, Excel",CFA Level 1,8.52,9,10,Financial Analyst
PhD,Science,"Machine Learning, Data Analysis, Python",No Certification,9.23,10,5,Research Scientist
Intermediate,Business,"Communication, Marketing, MS Office",Digital Marketing,9.83,5,8,Sales Assistant
Intermediate,Commerce,"MS Office, Communication",No Certification,7.3,8,7,Data Entry Operator
Bachelor's,Finance,"Financial Analysis, Accounting, Excel",CFA Level 1,9.79,7,5,Financial Analyst
Master's,Computer Science,"Python, Machine Learning, Data Analysis",Google Data Analytics,9.99,8,8,Data Scientist
Bachelor's,Finance,"Financial Analysis, Accounting, Excel",CFA Level 1,9.86,9,6,Financial Analyst
Bachelor's,Business,"Marketing, Communication, MS Office",Digital Marketing,8.49,9,7,Marketing Executive
Master's,Computer Science,"Python, Machine Learning, Data Analysis",Google Data Analytics,7.53,8,8,Data Scientist
Bachelor's,Computer Science,"Python, SQL, Machine Learning",AWS Certified,8.52,9,6,Software Engineer
Bachelor's,Business,"Marketing, Communication, MS Office",Digital Marketing,8.53,7,8,Marketing Executive
Master's,Computer Science,"Python, Machine Learning, Data Analysis",Google Data Analytics,6.28,6,7,Data Scientist
Intermediate,Commerce,"MS Office, Communication",No Certification,8.62,5,7,Data Entry Operator
Master's,Psychology,"Counseling, Communication",Mental Health Basics,9.15,9,5,School Counselor
Intermediate,Commerce,"MS Office, Communication",Tally ERP,9.02,8,7,Clerk
Bachelor's,Finance,"Financial Analysis, Accounting, Excel",CFA Level 1,8.38,10,7,Financial Analyst
PhD,Science,"Communication, Research",No Certification,7.1,5,9,Professor
PhD,Science,"Machine Learning, Data Analysis, Python",No Certification,6.47,9,5,Research Scientist
PhD,Science,"Machine Learning, Data Analysis, Python",No Certification,8.14,8,5,Research Scientist
Intermediate,Commerce,"MS Office, Communication",Tally ERP,6.57,7,9,Clerk
PhD,Science,"Machine Learning, Data Analysis, Python",No Certification,9.72,7,7,Research Scientist
Bachelor's,Business,"Data Analysis, Communication, MS Office",Google Data Analytics,6.87,5,10,Business Analyst
Intermediate,Commerce,"MS Office, Communication",No Certification,6.82,10,9,Data Entry Operator
Intermediate,Business,"Communication, Marketing, MS Office",Digital Marketing,8.73,6,8,Sales Assistant
Bachelor's,Finance,"Financial Analysis, Accounting, Excel",CFA Level 1,7.7,8,7,Financial Analyst
Bachelor's,Commerce,"Accounting, Financial Analysis, MS Office",Tally ERP,9.73,8,6,Junior Accountant
Bachelor's,Commerce,"Python, SQL, Data Analysis",Google Data Analytics,6.42,6,10,Data Analyst
Intermediate,Commerce,"MS Office, Communication",Tally ERP,7.85,9,9,Clerk
PhD,Science,"Machine Learning, Data Analysis, Python",No Certification,9.96,5,6,Research Scientist
Intermediate,Commerce,"MS Office, Communication",No Certification,9.5,7,10,Data Entry Operator
Bachelor's,Finance,"Financial Analysis, Accounting, Excel",CFA Level 1,9.39,5,8,Financial Analyst
Intermediate,Commerce,"MS Office, Communication",Tally ERP,6.98,6,5,Clerk
PhD,Science,"Machine Learning, Data Analysis, Python",No Certification,7.55,8,9,Research Scientist
Intermediate,Commerce,"MS Office, Communication",Tally ERP,6.11,5,10,Clerk
Bachelor's,Commerce,"Accounting, Financial Analysis, MS Office",Tally ERP,6.42,8,8,Junior Accountant
Master's,Computer Science,"Python, Machine Learning, Data Analysis",Google Data Analytics,6.36,7,8,Data Scientist
Master's,Computer Science,"Python, Machine Learning, Data Analysis",Google Data Analytics,9.56,5,6,Data Scientist
Bachelor's,Business,"Data Analysis, Communication, MS Office",Google Data Analytics,7.7,7,7,Business Analyst
Intermediate,Commerce,"MS Office, Communication",No Certification,8.41,7,9,Data Entry Operator
Intermediate,Commerce,"MS Office, Communication",No Certification,8.27,5,7,Data Entry Operator
Intermediate,Commerce,"MS Office, Communication",Tally ERP,6.3,10,6,Clerk
Master's,Computer Science,"Python, Machine Learning, SQL",AWS Certified,9.01,8,5,ML Engineer
Master's,Computer Science,"Python, Machine Learning, Data Analysis",Google Data Analytics,8.84,6,7,Data Scientist
Bachelor's,Business,"Data Analysis, Communication, MS Office",Google Data Analytics,7.15,10,5,Business Analyst
Bachelor's,Business,"Data Analysis, Communication, MS Office",Google Data Analytics,7.41,8,5,Business Analyst
Master's,Computer Science,"Python, Machine Learning, Data Analysis",Google Data Analytics,6.66,8,6,Data Scientist
PhD,Science,"Machine Learning, Data Analysis, Python",No Certification,6.52,8,8,Research Scientist
Bachelor's,Business,"Data Analysis, Communication, MS Office",Google Data Analytics,8.77,9,8,Business Analyst
Bachelor's,Finance,"Financial Analysis, Accounting, Excel",CFA Level 1,6.16,7,8,Financial Analyst
Bachelor's,Commerce,"Python, SQL, Data Analysis",Google Data Analytics,6.35,7,7,Data Analyst
Intermediate,Business,"Communication, Marketing, MS Office",Digital Marketing,8.7,8,10,Sales Assistant
Intermediate,Business,"Communication, Marketing, MS Office",Digital Marketing,7.25,9,7,Sales Assistant
Intermediate,Commerce,"MS Office, Communication",No Certification,8.06,5,5,Data Entry Operator
Bachelor's,Business,"Data Analysis, Communication, MS Office",Google Data Analytics,9.56,5,8,Business Analyst
Bachelor's,Business,"Data Analysis, Communication, MS Office",Google Data Analytics,9.87,5,7,Business Analyst
Bachelor's,Business,"Data Analysis, Communication, MS Office",Google Data Analytics,8.83,9,8,Business Analyst
PhD,Science,"Communication, Research",No Certification,7.05,9,9,Professor
Bachelor's,Business,"Marketing, Communication, MS Office",Digital Marketing,7.38,5,8,Marketing Executive
PhD,Science,"Machine Learning, Data Analysis, Python",No Certification,7.65,8,10,Research Scientist
Bachelor's,Business,"Data Analysis, Communication, MS Office",Google Data Analytics,7.64,7,7,Business Analyst
PhD,Science,"Machine Learning, Data Analysis, Python",No Certification,7.7,7,10,Research Scientist
Bachelor's,Commerce,"Accounting, Financial Analysis, MS Office",Tally ERP,8.98,9,8,Junior Accountant
Bachelor's,Finance,"Financial Analysis, Accounting, Excel",CFA Level 1,9.11,7,8,Financial Analyst
Bachelor's,Finance,"Financial Analysis, Accounting, Excel",CFA Level 1,6.96,10,5,Financial Analyst
Bachelor's,Business,"Data Analysis, Communication, MS Office",Google Data Analytics,8.82,8,10,Business Analyst
Intermediate,Commerce,"MS Office, Communication",No Certification,6.25,5,9,Data Entry Operator
Intermediate,Commerce,"MS Office, Communication",Tally ERP,9.86,6,6,Clerk
Intermediate,Commerce,"MS Office, Communication",No Certification,6.69,6,6,Data Entry Operator
Intermediate,Commerce,"MS Office, Communication",Tally ERP,9.53,8,9,Clerk
Bachelor's,Finance,"Financial Analysis, Accounting, Excel",CFA Level 1,8.74,9,6,Financial Analyst
Bachelor's,Commerce,"Python, SQL, Data Analysis",Google Data Analytics,7.41,10,6,Data Analyst
Master's,Computer Science,"Python, Machine Learning, Data Analysis",Google Data Analytics,8.34,9,5,Data Scientist
Intermediate,Business,"Communication, Marketing, MS Office",Digital Marketing,9.74,6,9,Sales Assistant
PhD,Science,"Communication, Research",No Certification,6.23,5,10,Professor
Intermediate,Commerce,"MS Office, Communication",No Certification,6.2,9,8,Data Entry Operator
Bachelor's,Finance,"Financial Analysis, Accounting, Excel",CFA Level 1,6.49,10,8,Financial Analyst
Intermediate,Business,"Communication, Marketing, MS Office",Digital Marketing,9.85,10,9,Sales Assistant
Master's,Psychology,"Counseling, Communication",Mental Health Basics,6.55,7,8,School Counselor
Intermediate,Business,"Communication, Marketing, MS Office",Digital Marketing,7.29,10,10,Sales Assistant
Bachelor's,Commerce,"Accounting, Financial Analysis, MS Office",Tally ERP,9.05,7,9,Junior Accountant
PhD,Science,"Communication, Research",No Certification,8.88,10,6,Professor
PhD,Science,"Machine Learning, Data Analysis, Python",No Certification,7.53,10,7,Research Scientist
Bachelor's,Finance,"Financial Analysis, Accounting, Excel",CFA Level 1,9.19,7,9,Financial Analyst
Intermediate,Commerce,"MS Office, Communication",No Certification,7.43,8,8,Data Entry Operator
Bachelor's,Commerce,"Python, SQL, Data Analysis",Google Data Analytics,9.54,9,5,Data Analyst
Intermediate,Business,"Communication, Marketing, MS Office",Digital Marketing,9.98,9,10,Sales Assistant
Bachelor's,Commerce,"Python, SQL, Data Analysis",Google Data Analytics,7.26,5,8,Data Analyst
PhD,Science,"Communication, Research",No Certification,6.7,7,10,Professor
Bachelor's,Finance,"Financial Analysis, Accounting, Excel",CFA Level 1,7.79,6,7,Financial Analyst
Bachelor's,Finance,"Financial Analysis, Accounting, Excel",CFA Level 1,7.54,6,10,Financial Analyst
Master's,Computer Science,"Python, Machine Learning, SQL",AWS Certified,7.71,10,5,ML Engineer
Master's,Psychology,"Counseling, Communication",Mental Health Basics,7.56,8,9,School Counselor
Master's,Computer Science,"Python, Machine Learning, Data Analysis",Google Data Analytics,7.17,5,8,Data Scientist
Bachelor's,Business,"Data Analysis, Communication, MS Office",Google Data Analytics,6.5,10,5,Business Analyst
Bachelor's,Computer Science,"Python, SQL, Machine Learning",AWS Certified,7.28,7,7,Software Engineer
Master's,Computer Science,"Python, Machine Learning, Data Analysis",Google Data Analytics,9.24,8,7,Data Scientist
Master's,Computer Science,"Python, Machine Learning, SQL",AWS Certified,7.57,5,10,ML Engineer
Bachelor's,Commerce,"Python, SQL, Data Analysis",Google Data Analytics,9.7,6,7,Data Analyst
Intermediate,Commerce,"MS Office, Communication",Tally ERP,7.58,7,9,Clerk
Intermediate,Business,"Communication, Marketing, MS Office",Digital Marketing,7.66,6,8,Sales Assistant
Bachelor's,Finance,"Financial Analysis, Accounting, Excel",CFA Level 1,7.6,6,5,Financial Analyst
Master's,Psychology,"Counseling, Communication",Mental Health Basics,7.03,7,7,School Counselor
Master's,Psychology,"Counseling, Communication",Mental Health Basics,8.69,10,9,School Counselor
Master's,Computer Science,"Python, Machine Learning, Data Analysis",Google Data Analytics,9.74,8,6,Data Scientist
Intermediate,Commerce,"MS Office, Communication",Tally ERP,7.18,8,5,Clerk
Intermediate,Business,"Communication, Marketing, MS Office",Digital Marketing,9.68,6,8,Sales Assistant
PhD,Science,"Communication, Research",No Certification,8.66,9,9,Professor
Bachelor's,Computer Science,"Python, SQL, Machine Learning",AWS Certified,6.33,6,8,Software Engineer
PhD,Science,"Communication, Research",No Certification,7.19,9,5,Professor
Bachelor's,Business,"Marketing, Communication, MS Office",Digital Marketing,7.61,8,9,Marketing Executive
PhD,Science,"Machine Learning, Data Analysis, Python",No Certification,9.04,8,8,Research Scientist
Master's,Computer Science,"Python, Machine Learning, SQL",AWS Certified,7.19,7,7,ML Engineer
Bachelor's,Business,"Data Analysis, Communication, MS Office",Google Data Analytics,6.32,8,7,Business Analyst
Intermediate,Business,"Communication, Marketing, MS Office",Digital Marketing,7.26,10,5,Sales Assistant
Bachelor's,Commerce,"Accounting, Financial Analysis, MS Office",Tally ERP,7.79,5,8,Junior Accountant
Intermediate,Business,"Communication, Marketing, MS Office",Digital Marketing,8.59,6,7,Sales Assistant
Bachelor's,Computer Science,"Python, SQL, Machine Learning",AWS Certified,6.45,10,8,Software Engineer
Intermediate,Commerce,"MS Office, Communication",Tally ERP,6.09,5,9,Clerk
Bachelor's,Commerce,"Accounting, Financial Analysis, MS Office",Tally ERP,9.08,7,6,Junior Accountant
Master's,Computer Science,"Python, Machine Learning, SQL",AWS Certified,9.69,6,10,ML Engineer
Master's,Computer Science,"Python, Machine Learning, SQL",AWS Certified,6.53,7,7,ML Engineer
Intermediate,Commerce,"MS Office, Communication",No Certification,7.69,7,5,Data Entry Operator
Bachelor's,Commerce,"Python, SQL, Data Analysis",Google Data Analytics,8.95,10,9,Data Analyst
Master's,Computer Science,"Python, Machine Learning, Data Analysis",Google Data Analytics,8.11,7,10,Data Scientist
Master's,Computer Science,"Python, Machine Learning, SQL",AWS Certified,8.02,7,8,ML Engineer
Bachelor's,Commerce,"Python, SQL, Data Analysis",Google Data Analytics,9.29,10,8,Data Analyst
Bachelor's,Business,"Data Analysis, Communication, MS Office",Google Data Analytics,7.71,7,7,Business Analyst
Intermediate,Commerce,"MS Office, Communication",Tally ERP,9.52,6,6,Clerk
PhD,Science,"Machine Learning, Data Analysis, Python",No Certification,8.21,5,10,Research Scientist
Bachelor's,Commerce,"Python, SQL, Data Analysis",Google Data Analytics,6.16,7,10,Data Analyst
Bachelor's,Commerce,"Accounting, Financial Analysis, MS Office",Tally ERP,8.43,7,5,Junior Accountant
Bachelor's,Computer Science,"Python, SQL, Machine Learning",AWS Certified,7.66,7,9,Software Engineer
Bachelor's,Finance,"Financial Analysis, Accounting, Excel",CFA Level 1,9.43,5,9,Financial Analyst
Intermediate,Commerce,"MS Office, Communication",Tally ERP,9.86,6,5,Clerk
Intermediate,Business,"Communication, Marketing, MS Office",Digital Marketing,9.63,5,5,Sales Assistant
PhD,Science,"Machine Learning, Data Analysis, Python",No Certification,8.52,9,10,Research Scientist
Bachelor's,Commerce,"Python, SQL, Data Analysis",Google Data Analytics,6.43,8,5,Data Analyst
PhD,Science,"Communication, Research",No Certification,6.46,6,5,Professor
Intermediate,Commerce,"MS Office, Communication",No Certification,9.72,8,7,Data Entry Operator
Bachelor's,Finance,"Financial Analysis, Accounting, Excel",CFA Level 1,8.13,9,10,Financial Analyst
Bachelor's,Commerce,"Accounting, Financial Analysis, MS Office",Tally ERP,6.26,10,10,Junior Accountant
PhD,Science,"Communication, Research",No Certification,9.75,8,8,Professor
Bachelor's,Computer Science,"Python, SQL, Machine Learning",AWS Certified,7.11,6,8,Software Engineer
Intermediate,Commerce,"MS Office, Communication",No Certification,7.39,8,7,Data Entry Operator
Master's,Computer Science,"Python, Machine Learning, Data Analysis",Google Data Analytics,8.6,5,6,Data Scientist
Intermediate,Business,"Communication, Marketing, MS Office",Digital Marketing,6.06,5,8,Sales Assistant
Bachelor's,Business,"Data Analysis, Communication, MS Office",Google Data Analytics,7.81,7,7,Business Analyst
Bachelor's,Business,"Data Analysis, Communication, MS Office",Google Data Analytics,8.51,6,7,Business Analyst
Intermediate,Business,"Communication, Marketing, MS Office",Digital Marketing,8.93,8,10,Sales Assistant
Master's,Psychology,"Counseling, Communication",Mental Health Basics,8.14,6,10,School Counselor
Bachelor's,Commerce,"Accounting, Financial Analysis, MS Office",Tally ERP,6.63,9,6,Junior Accountant
Bachelor's,Computer Science,"Python, SQL, Machine Learning",AWS Certified,6.97,6,6,Software Engineer
Bachelor's,Commerce,"Accounting, Financial Analysis, MS Office",Tally ERP,9.12,7,5,Junior Accountant
Bachelor's,Business,"Marketing, Communication, MS Office",Digital Marketing,7.01,6,6,Marketing Executive
Master's,Computer Science,"Python, Machine Learning, Data Analysis",Google Data Analytics,9.68,10,7,Data Scientist
Intermediate,Business,"Communication, Marketing, MS Office",Digital Marketing,9.98,10,6,Sales Assistant
Master's,Psychology,"Counseling, Communication",Mental Health Basics,6.75,5,8,School Counselor
Master's,Computer Science,"Python, Machine Learning, Data Analysis",Google Data Analytics,9.08,5,6,Data Scientist
Intermediate,Commerce,"MS Office, Communication",Tally ERP,6.66,6,8,Clerk
PhD,Science,"Machine Learning, Data Analysis, Python",No Certification,8.64,9,10,Research Scientist
PhD,Science,"Communication, Research",No Certification,9.67,8,10,Professor
Bachelor's,Finance,"Financial Analysis, Accounting, Excel",CFA Level 1,9.64,5,9,Financial Analyst
Bachelor's,Business,"Data Analysis, Communication, MS Office",Google Data Analytics,7.63,10,6,Business Analyst
Bachelor's,Commerce,"Accounting, Financial Analysis, MS Office",Tally ERP,9.17,6,10,Junior Accountant
PhD,Science,"Communication, Research",No Certification,9.76,7,6,Professor
Master's,Psychology,"Counseling, Communication",Mental Health Basics,6.49,7,9,School Counselor
Bachelor's,Computer Science,"Python, SQL, Machine Learning",AWS Certified,7.51,6,7,Software Engineer
Bachelor's,Commerce,"Accounting, Financial Analysis, MS Office",Tally ERP,9.05,7,5,Junior Accountant
Bachelor's,Commerce,"Python, SQL, Data Analysis",Google Data Analytics,8.23,9,9,Data Analyst
Master's,Psychology,"Counseling, Communication",Mental Health Basics,7.53,10,6,School Counselor
Bachelor's,Commerce,"Accounting, Financial Analysis, MS Office",Tally ERP,7.46,7,8,Junior Accountant
Intermediate,Business,"Communication, Marketing, MS Office",Digital Marketing,8.27,7,10,Sales Assistant
Bachelor's,Commerce,"Python, SQL, Data Analysis",Google Data Analytics,6.64,7,7,Data Analyst
Master's,Computer Science,"Python, Machine Learning, SQL",AWS Certified,6.46,8,5,ML Engineer
Master's,Psychology,"Counseling, Communication",Mental Health Basics,7.98,9,9,School Counselor
Intermediate,Commerce,"MS Office, Communication",No Certification,8.29,8,9,Data Entry Operator
PhD,Science,"Machine Learning, Data Analysis, Python",No Certification,9.62,7,6,Research Scientist
Bachelor's,Commerce,"Python, SQL, Data Analysis",Google Data Analytics,8.4,8,9,Data Analyst
Intermediate,Business,"Communication, Marketing, MS Office",Digital Marketing,8.62,10,7,Sales Assistant
Bachelor's,Business,"Marketing, Communication, MS Office",Digital Marketing,8.55,7,5,Marketing Executive
Master's,Computer Science,"Python, Machine Learning, Data Analysis",Google Data Analytics,6.38,7,5,Data Scientist
Bachelor's,Finance,"Financial Analysis, Accounting, Excel",CFA Level 1,7.33,6,8,Financial Analyst
Bachelor's,Computer Science,"Python, SQL, Machine Learning",AWS Certified,7.86,6,8,Software Engineer
Master's,Psychology,"Counseling, Communication",Mental Health Basics,9.7,7,7,School Counselor
PhD,Science,"Communication, Research",No Certification,6.84,7,9,Professor
PhD,Science,"Machine Learning, Data Analysis, Python",No Certification,8.14,7,7,Research Scientist
Master's,Computer Science,"Python, Machine Learning, SQL",AWS Certified,7.58,7,5,ML Engineer
PhD,Science,"Communication, Research",No Certification,9.77,10,9,Professor
Intermediate,Commerce,"MS Office, Communication",Tally ERP,7.06,6,5,Clerk
Master's,Computer Science,"Python, Machine Learning, Data Analysis",Google Data Analytics,9.38,9,6,Data Scientist
